match_id,season,date,home_team,away_team,home_goals,away_goals,home_xg,away_xg,outcome,home_elo,away_elo,elo_diff,home_rest,away_rest,rest_diff,home_goals_roll15,away_goals_roll15,home_xg_roll15,away_xg_roll15,finishing_eff_diff,value_rank_diff
0,2015-2016,2015-08-14 22:30:00,Bayern Munich,Hamburger SV,5,0,3.22904,0.154234,0,1880.0,1520.0,360.0,7.0,7.0,0.0,1.5,1.2,1.4,1.1,0.1,0.0
1,2015-2016,2015-08-15 17:30:00,Augsburg,Hertha Berlin,0,1,1.14869,1.23291,2,1550.0,1500.0,50.0,7.0,7.0,0.0,1.5,1.2,1.4,1.1,0.1,0.0
2,2015-2016,2015-08-15 17:30:00,Bayer Leverkusen,Hoffenheim,2,1,3.52773,0.483949,0,1690.0,1500.0,190.0,7.0,7.0,0.0,1.5,1.2,1.4,1.1,0.1,0.0
3,2015-2016,2015-08-15 17:30:00,Darmstadt,Hannover 96,2,2,1.80912,1.85731,1,1440.0,1500.0,-60.0,7.0,7.0,0.0,1.5,1.2,1.4,1.1,0.1,0.0
4,2015-2016,2015-08-15 17:30:00,Mainz 05,FC Ingolstadt 04,0,1,0.547769,0.577316,2,1560.0,1460.0,100.0,7.0,7.0,0.0,1.5,1.2,1.4,1.1,0.1,0.0
5,2015-2016,2015-08-15 17:30:00,Werder Bremen,Schalke 04,0,3,0.914717,1.4498,2,1540.0,1640.0,-100.0,7.0,7.0,0.0,1.5,1.2,1.4,1.1,0.1,0.0
6,2015-2016,2015-08-15 20:30:00,Borussia Dortmund,Borussia M.Gladbach,4,0,2.42013,0.18521,0,1710.0,1660.0,50.0,7.0,7.0,0.0,1.5,1.2,1.4,1.1,0.1,0.0
7,2015-2016,2015-08-16 17:30:00,Wolfsburg,Eintracht Frankfurt,2,1,0.740041,0.950098,0,1720.0,1570.0,150.0,7.0,7.0,0.0,1.5,1.2,1.4,1.1,0.1,0.0
8,2015-2016,2015-08-16 19:30:00,VfB Stuttgart,FC Cologne,1,3,2.98558,1.85087,2,1530.0,1520.0,10.0,7.0,7.0,0.0,1.5,1.2,1.4,1.1,0.1,0.0
9,2015-2016,2015-08-21 22:30:00,Hertha Berlin,Werder Bremen,1,1,0.494279,0.957641,1,1522.5083201110986,1512.0,10.508320111098556,6.0,6.0,0.0,1.0,0.0,1.23291,0.914717,0.681807,0.0
10,2015-2016,2015-08-22 17:30:00,Schalke 04,Darmstadt,1,1,1.05775,0.790379,1,1668.0,1438.1660277196065,229.83397228039348,7.0,7.0,0.0,3.0,2.0,1.4498,1.80912,1.35932,0.0
11,2015-2016,2015-08-22 17:30:00,Hoffenheim,Bayern Munich,1,2,1.29953,2.53588,2,1494.9277557415437,1884.2312999255805,-389.3035441840368,7.0,7.0,0.0,1.0,5.0,0.483949,3.22904,-1.254909,0.0
12,2015-2016,2015-08-22 17:30:00,Hannover 96,Bayer Leverkusen,0,1,0.0975496,1.37365,2,1501.8339722803935,1695.0722442584563,-193.2382719780628,7.0,7.0,0.0,2.0,2.0,1.85731,3.52773,1.67042,0.0
13,2015-2016,2015-08-22 17:30:00,Eintracht Frankfurt,Augsburg,1,1,0.945278,1.26112,1,1563.8661655215826,1527.4916798889014,36.37448563268117,6.0,7.0,-1.0,1.0,0.0,0.950098,1.14869,1.198592,0.0
14,2015-2016,2015-08-22 17:30:00,FC Cologne,Wolfsburg,1,1,1.37825,2.14017,1,1551.3544240265057,1726.1338344784174,-174.77941045191164,5.0,6.0,-1.0,3.0,2.0,1.85087,0.740041,-0.11082900000000007,0.0
15,2015-2016,2015-08-22 20:30:00,Hamburger SV,VfB Stuttgart,3,2,1.32114,1.89549,0,1515.7687000744195,1498.6455759734943,17.123124100925224,7.0,6.0,1.0,0.0,1.0,0.154234,2.98558,1.8313460000000001,0.0
16,2015-2016,2015-08-23 17:30:00,FC Ingolstadt 04,Borussia Dortmund,0,4,0.0514071,3.63386,2,1484.3119016527346,1727.7968997916903,-243.4849981389557,8.0,7.0,1.0,1.0,4.0,0.577316,2.42013,-1.1571860000000003,0.0
17,2015-2016,2015-08-23 19:30:00,Borussia M.Gladbach,Mainz 05,1,2,1.22742,2.01071,2,1642.2031002083097,1535.6880983472654,106.51500186104431,7.0,8.0,-1.0,0.0,0.0,0.18521,0.547769,0.36255899999999996,0.0
18,2015-2016,2015-08-28 22:30:00,Wolfsburg,Schalke 04,3,0,1.52939,0.748153,0,1722.7423249018466,1656.1682652355223,66.57405966632427,6.0,6.0,0.0,1.5,2.0,1.4401055,1.253775,-0.6863305,0.0
19,2015-2016,2015-08-29 17:30:00,Mainz 05,Hannover 96,3,0,3.41346,0.373166,0,1560.216918983086,1490.0275623913094,70.18935659177669,5.0,7.0,-2.0,1.0,1.0,1.2792395,0.9774298,-0.30180969999999996,0.0
20,2015-2016,2015-08-29 17:30:00,VfB Stuttgart,Eintracht Frankfurt,1,4,2.52237,1.9601,2,1487.843857643581,1557.8897117832132,-70.04585413963218,6.0,7.0,-1.0,1.5,1.0,2.440535,0.947688,-0.992847,0.0
21,2015-2016,2015-08-29 17:30:00,FC Cologne,Hamburger SV,2,1,1.67081,1.44461,0,1554.7459336030765,1526.5704184043327,28.175515198743824,7.0,6.0,1.0,2.0,1.5,1.61456,0.737687,-0.376873,0.0
22,2015-2016,2015-08-29 17:30:00,Augsburg,FC Ingolstadt 04,0,1,0.832315,1.24787,2,1533.4681336272708,1466.041979421267,67.42615420600396,7.0,6.0,1.0,0.5,0.5,1.2049050000000001,0.31436155000000005,-0.89054345,0.0
23,2015-2016,2015-08-29 17:30:00,Darmstadt,Hoffenheim,0,0,0.287238,1.3935,1,1449.9977624840842,1489.8383760921288,-39.84061360804458,7.0,7.0,0.0,1.5,1.0,1.2997495000000001,0.8917395,0.09198999999999996,0.0
24,2015-2016,2015-08-29 20:30:00,Bayern Munich,Bayer Leverkusen,3,0,3.52476,0.420202,0,1889.3206795749954,1706.8786541475404,182.44202542745506,7.0,7.0,0.0,3.5,1.5,2.88246,2.45069,1.56823,0.0
25,2015-2016,2015-08-30 17:30:00,Borussia Dortmund,Hertha Berlin,3,1,3.73248,0.633538,0,1746.066822023158,1517.5841694267992,228.48265259635878,7.0,8.0,-1.0,4.0,1.0,3.026995,0.8635945,0.8365995000000002,0.0
26,2015-2016,2015-08-30 19:30:00,Werder Bremen,Borussia M.Gladbach,2,1,3.23257,0.755739,0,1516.9241506842993,1617.674279572489,-100.75012888818969,8.0,7.0,1.0,0.5,0.5,0.936179,0.706315,-0.229864,0.0
27,2015-2016,2015-09-11 22:30:00,Borussia M.Gladbach,Hamburger SV,0,3,0.436066,1.02932,2,1601.6397349142499,1516.2191484164935,85.4205864977564,12.0,13.0,-1.0,0.6666666666666666,1.3333333333333333,0.7227896666666668,0.973328,-0.4161283333333333,0.0
28,2015-2016,2015-09-12 17:30:00,Bayer Leverkusen,Darmstadt,0,1,1.3554,0.284787,2,1697.6724037451525,1447.2546799341253,250.41772381102714,13.0,14.0,-1.0,1.0,1.0,1.7738606666666665,0.9622456666666667,-0.8116150000000001,0.0
29,2015-2016,2015-09-12 17:30:00,Bayern Munich,Augsburg,2,1,3.85642,0.15319,0,1898.5269299773834,1510.3040226330706,388.2229073443127,13.0,14.0,-1.0,3.3333333333333335,0.3333333333333333,3.09656,1.0807083333333334,0.9841483333333333,0.0
30,2015-2016,2015-09-12 17:30:00,Hannover 96,Borussia Dortmund,2,4,0.582795,2.16909,2,1474.7421630875726,1752.3616426839021,-277.6194795963295,14.0,13.0,1.0,0.6666666666666666,3.6666666666666665,0.7760085333333334,3.2621566666666664,-0.5138518666666668,0.0
31,2015-2016,2015-09-12 17:30:00,Hertha Berlin,VfB Stuttgart,2,1,1.47686,1.02726,0,1511.2893487660551,1457.4358021232342,53.8535466428209,13.0,14.0,-1.0,1.0,1.3333333333333333,0.7869090000000001,2.4678133333333334,1.3475709999999999,0.0
32,2015-2016,2015-09-12 17:30:00,FC Ingolstadt 04,Wolfsburg,0,0,0.178191,0.732037,1,1489.206090415467,1738.2600940814077,-249.05400366594063,14.0,14.0,0.0,0.6666666666666666,2.0,0.6255310333333334,1.469867,-0.48899736666666677,0.0
33,2015-2016,2015-09-12 20:30:00,Eintracht Frankfurt,FC Cologne,6,2,2.93005,0.902695,0,1588.29776730356,1565.0972035909158,23.200563712644225,14.0,14.0,0.0,2.0,2.0,1.2851586666666666,1.6333099999999998,0.34815133333333353,0.0
34,2015-2016,2015-09-13 17:30:00,Hoffenheim,Werder Bremen,1,3,0.694948,2.2128,2,1492.5814586420877,1532.9586953425385,-40.377236700450794,14.0,13.0,1.0,0.6666666666666666,1.0,1.058993,1.7016426666666666,0.3093163333333334,0.0
35,2015-2016,2015-09-13 19:30:00,Schalke 04,Mainz 05,2,1,3.13941,2.94627,0,1640.6504960559612,1575.5023182868229,65.14817776913833,14.0,14.0,0.0,1.3333333333333333,1.6666666666666667,1.0852343333333334,1.9906463333333335,0.5720786666666667,0.0
36,2015-2016,2015-09-18 22:30:00,Mainz 05,Hoffenheim,3,1,1.27625,1.01304,0,1566.5823107957103,1464.5028233859234,102.0794874097869,5.0,5.0,0.0,1.5,0.75,2.2295522500000002,0.9679817500000001,-0.5115705,0.0
37,2015-2016,2015-09-19 17:30:00,Wolfsburg,Hertha Berlin,2,0,2.42975,0.271584,0,1731.7881706305272,1520.6336007141736,211.1545699163537,7.0,7.0,0.0,1.5,1.25,1.2854095,0.95939675,-0.07601274999999996,0.0
38,2015-2016,2015-09-19 17:30:00,Werder Bremen,FC Ingolstadt 04,0,1,1.22829,1.47429,2,1561.0373305987027,1495.6780138663476,65.35931673235518,6.0,7.0,-1.0,1.5,0.5,1.8294320000000002,0.513696025,-0.31573597500000006,0.0
39,2015-2016,2015-09-19 17:30:00,FC Cologne,Borussia M.Gladbach,1,0,0.541995,0.4042,0,1545.3106582430132,1559.970369456134,-14.659711213120772,6.0,7.0,-1.0,2.0,0.5,1.4506562499999998,0.65110875,0.7004525,0.0
40,2015-2016,2015-09-19 17:30:00,Darmstadt,Bayern Munich,0,3,0.204756,1.71752,2,1475.4974865967667,1900.3433389533743,-424.84585235660757,7.0,7.0,0.0,1.0,3.0,0.7928810000000001,3.286525,0.49364399999999997,0.0
41,2015-2016,2015-09-19 17:30:00,Hamburger SV,Eintracht Frankfurt,0,0,0.909692,0.221397,1,1557.8885138746093,1608.0843126514628,-50.19579877685351,7.0,6.0,1.0,1.75,3.0,0.9873259999999999,1.6963815,-0.5409445000000002,0.0
42,2015-2016,2015-09-20 17:30:00,VfB Stuttgart,Schalke 04,0,1,3.31265,1.09359,2,1448.0915501751158,1649.5705035470737,-201.4789533719579,8.0,6.0,2.0,1.25,1.5,2.107675,1.59877825,-0.75889675,0.0
43,2015-2016,2015-09-20 19:30:00,Augsburg,Hannover 96,2,0,2.24649,0.56218,0,1508.4876136570797,1462.0438343204405,46.44377933663918,8.0,8.0,0.0,0.5,1.0,0.84882875,0.72770515,-0.6211236,0.0
44,2015-2016,2015-09-20 19:30:00,Borussia Dortmund,Bayer Leverkusen,3,0,4.08165,0.927753,0,1765.0599714510342,1669.429597082511,95.63037436852323,8.0,8.0,0.0,3.75,0.75,2.98889,1.6692454999999997,1.6803555000000001,0.0
45,2015-2016,2015-09-22 22:00:00,Bayern Munich,Wolfsburg,5,1,3.68676,0.160394,0,1907.8219148882056,1738.6488983016693,169.17301658653628,3.0,3.0,0.0,3.0,1.6,2.9727240000000004,1.5142776000000002,-0.05844640000000006,0.0
46,2015-2016,2015-09-22 22:00:00,Darmstadt,Werder Bremen,2,1,1.91868,1.19628,0,1468.0189106619355,1537.9495207649118,-69.93061010297629,3.0,3.0,0.0,0.8,1.2,0.6752560000000001,1.7092036,0.6339475999999999,0.0
47,2015-2016,2015-09-22 22:00:00,Hertha Berlin,FC Cologne,2,0,1.34684,0.853586,0,1513.7728730430315,1557.4577691102907,-43.68489606725916,3.0,3.0,0.0,1.0,1.8,0.8218342,1.2689239999999997,-0.3529102,0.0
48,2015-2016,2015-09-22 22:00:00,FC Ingolstadt 04,Hamburger SV,0,1,0.718034,1.16174,2,1518.7658237001385,1555.610527499269,-36.84470379913046,3.0,3.0,0.0,0.6,1.4,0.70581482,0.9717991999999999,-0.5340156200000001,0.0
49,2015-2016,2015-09-23 22:00:00,Bayer Leverkusen,Mainz 05,1,0,1.74157,0.476793,0,1655.7166337102901,1578.0099050255253,77.70672868476481,3.0,4.0,-1.0,0.6,1.8,1.5209469999999998,2.0388918000000005,-0.6820552,0.0
50,2015-2016,2015-09-23 22:00:00,Borussia M.Gladbach,Augsburg,4,2,2.84575,1.92244,0,1547.8232585888566,1522.9309918914428,24.89226669741379,4.0,3.0,1.0,0.4,0.8,0.601727,1.128361,0.12663400000000002,0.0
51,2015-2016,2015-09-23 22:00:00,Hannover 96,VfB Stuttgart,1,3,0.807709,1.81814,2,1447.6004560860774,1436.6363187053469,10.964137380730563,3.0,3.0,0.0,0.8,1.0,0.69460012,2.34867,1.4540698799999998,0.0
52,2015-2016,2015-09-23 22:00:00,Hoffenheim,Borussia Dortmund,1,1,1.18726,1.63998,1,1453.0752291561084,1778.7729348232551,-325.6977056671467,4.0,3.0,1.0,0.8,3.6,0.9769934000000001,3.2074420000000003,-0.5695514,0.0
53,2015-2016,2015-09-23 22:00:00,Schalke 04,Eintracht Frankfurt,2,0,2.25209,0.952574,0,1661.0257350168426,1610.3622990268032,50.66343599003949,3.0,4.0,-1.0,1.4,2.4,1.4977406,1.4013845999999999,-1.096356,0.0
54,2015-2016,2015-09-25 22:30:00,FC Cologne,FC Ingolstadt 04,1,1,1.3352,0.638071,1,1537.3141653069415,1499.8890305874215,37.425134719519974,3.0,3.0,0.0,1.5,0.5,1.199701,0.70785135,0.5081503500000001,0.0
55,2015-2016,2015-09-26 17:30:00,Mainz 05,Bayern Munich,0,3,0.75194,2.77408,2,1569.547479130268,1918.33155951172,-348.784080381452,2.0,3.0,-1.0,1.5,3.3333333333333335,1.7785420000000005,3.09173,-0.5201453333333333,0.0
56,2015-2016,2015-09-26 17:30:00,VfB Stuttgart,Borussia M.Gladbach,1,3,2.45923,1.18534,2,1468.0510376587536,1563.549352485452,-95.49831482669833,2.0,2.0,0.0,1.3333333333333333,1.0,2.260248333333333,0.9757308333333333,-0.9511841666666665,0.0
57,2015-2016,2015-09-26 17:30:00,Augsburg,Hoffenheim,1,3,1.94324,1.5923,2,1507.2048979948474,1462.2177492745834,44.98714872026403,2.0,2.0,0.0,1.0,0.8333333333333334,1.2607074999999999,1.0120378333333335,-0.08200300000000008,0.0
58,2015-2016,2015-09-26 17:30:00,Wolfsburg,Hannover 96,1,1,1.41905,1.08934,1,1728.139253678155,1416.1857371326707,311.95351654548426,3.0,2.0,1.0,1.5,0.8333333333333334,1.2886303333333335,0.7134516,0.09148793333333337,0.0
59,2015-2016,2015-09-26 17:30:00,Werder Bremen,Bayer Leverkusen,0,3,0.326706,1.3026,2,1523.3308202706326,1664.1790596055475,-140.84823933491498,3.0,2.0,1.0,1.1666666666666667,0.6666666666666666,1.6237163333333333,1.5577174999999999,0.4340011666666667,0.0
60,2015-2016,2015-09-26 20:30:00,Hamburger SV,Schalke 04,0,1,0.583026,1.27784,2,1574.487320611986,1675.22503891932,-100.73771830733403,3.0,2.0,1.0,1.3333333333333333,1.5,1.003456,1.6234655,0.45334283333333336,0.0
61,2015-2016,2015-09-27 17:30:00,Eintracht Frankfurt,Hertha Berlin,1,1,1.41369,2.23038,1,1596.1629951243258,1533.9164768463806,62.24651827794514,3.0,4.0,-1.0,2.0,1.1666666666666667,1.3265828333333334,0.9093351666666667,0.41608566666666685,0.0
62,2015-2016,2015-09-27 19:30:00,Borussia Dortmund,Darmstadt,2,2,1.97055,0.508638,1,1769.6304147047802,1482.6376111562147,286.99280354856546,3.0,4.0,-1.0,3.1666666666666665,1.0,2.9461983333333337,0.8824933333333335,0.10296166666666676,0.0
63,2015-2016,2015-10-02 22:30:00,Darmstadt,Mainz 05,2,3,1.86109,1.45155,2,1495.5243438317048,1558.7524063756825,-63.228062543977785,5.0,6.0,-1.0,1.1428571428571428,1.2857142857142858,0.8290854285714288,1.6318845714285717,0.659942,0.0
64,2015-2016,2015-10-03 17:30:00,Borussia M.Gladbach,Wolfsburg,2,0,1.45907,0.813505,0,1587.8603004800914,1714.8714180053025,-127.01111752521115,7.0,7.0,0.0,1.2857142857142858,1.4285714285714286,1.0056749999999999,1.3072617142857144,0.15872957142857147,0.0
65,2015-2016,2015-10-03 17:30:00,Hannover 96,Werder Bremen,1,0,0.695247,1.50158,0,1429.4535728055232,1498.6077146198863,-69.15414181436313,7.0,7.0,0.0,0.8571428571428571,1.0,0.7671499428571428,1.4384291428571427,0.5284220571428572,0.0
66,2015-2016,2015-10-03 17:30:00,Hertha Berlin,Hamburger SV,3,0,2.0435,0.315135,0,1540.8886117271552,1558.521293744476,-17.632682017320803,6.0,6.0,0.0,1.1428571428571428,1.1428571428571428,1.0980558571428571,0.9433945714285714,-0.1546612857142858,0.0
67,2015-2016,2015-10-03 17:30:00,Hoffenheim,VfB Stuttgart,2,2,1.90929,2.36648,1,1495.6895635926364,1443.740089664114,51.949473928522366,7.0,7.0,0.0,1.1428571428571428,1.2857142857142858,1.0949324285714286,2.2886742857142854,1.050884714285714,0.0
68,2015-2016,2015-10-03 17:30:00,FC Ingolstadt 04,Eintracht Frankfurt,2,0,1.185,0.740308,0,1505.9070706767363,1589.1908602435512,-83.2837895668149,7.0,6.0,1.0,0.5714285714285714,1.8571428571428572,0.6978827285714286,1.3390267142857142,-0.6445703000000003,0.0
69,2015-2016,2015-10-04 17:30:00,Schalke 04,FC Cologne,0,3,1.11607,1.32,2,1691.19106578683,1531.2961252176267,159.8949405692033,7.0,8.0,-1.0,1.4285714285714286,1.4285714285714286,1.5740904285714286,1.219058,-0.3550324285714286,0.0
70,2015-2016,2015-10-04 19:30:00,Bayer Leverkusen,Augsburg,1,1,1.98173,0.119117,1,1688.9021652562938,1473.7330836767944,215.16908157949933,8.0,8.0,0.0,1.0,1.0,1.5212721428571427,1.3582121428571428,-0.16305999999999998,0.0
71,2015-2016,2015-10-04 19:30:00,Bayern Munich,Borussia Dortmund,5,1,3.72164,1.10489,0,1929.1266322663053,1756.74368202929,172.38295023701517,8.0,7.0,1.0,3.2857142857142856,3.0,3.046351428571429,2.8068200000000005,0.04618285714285705,0.0
72,2015-2016,2015-10-16 22:30:00,Mainz 05,Borussia Dortmund,0,2,1.55155,3.64229,2,1576.4395218479783,1746.3932574844193,-169.95373563644102,14.0,12.0,2.0,1.5,2.75,1.6093427500000002,2.5940787499999995,-0.2652640000000001,0.0
73,2015-2016,2015-10-17 17:30:00,Hamburger SV,Bayer Leverkusen,0,0,0.469945,0.875048,1,1537.0376894581013,1677.3861385592882,-140.34844910118682,14.0,12.0,2.0,1.0,1.0,0.8648621249999999,1.578829375,0.71396725,0.0
74,2015-2016,2015-10-17 17:30:00,Schalke 04,Hertha Berlin,2,1,2.51235,0.933849,0,1645.4397138622198,1562.3722160135299,83.06749784868998,13.0,14.0,-1.0,1.25,1.375,1.516837875,1.216236375,-0.42560149999999997,0.0
75,2015-2016,2015-10-17 17:30:00,Augsburg,Darmstadt,0,2,1.42706,2.54284,2,1485.2491103738,1477.837228359409,7.41188201439104,12.0,14.0,-2.0,1.0,1.25,1.20332525,0.958086,-0.49523925,0.0
76,2015-2016,2015-10-17 17:30:00,Wolfsburg,Hoffenheim,4,2,2.80506,1.07639,0,1689.0093062363371,1489.1064928847454,199.9028133515917,14.0,14.0,0.0,1.25,1.25,1.245542125,1.1967271250000002,-0.04881499999999998,0.0
77,2015-2016,2015-10-17 17:30:00,Werder Bremen,Bayern Munich,0,1,0.691198,2.13219,2,1484.0244984015303,1939.477056811176,-455.4525584096457,14.0,12.0,2.0,0.875,3.5,1.446323,3.1307625000000003,-0.9405604999999999,0.0
78,2015-2016,2015-10-17 20:30:00,Eintracht Frankfurt,Borussia M.Gladbach,1,5,0.990091,3.50891,2,1566.3446849705465,1613.7224122490568,-47.37772727851029,14.0,14.0,0.0,1.625,1.375,1.264186875,1.062349375,0.0481625,0.0
79,2015-2016,2015-10-18 17:30:00,FC Cologne,Hannover 96,0,1,1.52116,1.26113,2,1577.0474771422369,1444.0367890238792,133.01068811835762,14.0,14.0,0.0,1.625,0.875,1.23167575,0.758162075,0.27648632500000003,0.0
80,2015-2016,2015-10-18 19:30:00,VfB Stuttgart,FC Ingolstadt 04,1,0,1.33256,1.63336,0,1450.323160372005,1528.753245949741,-78.43008557773601,14.0,14.0,0.0,1.375,0.75,2.2984,0.7587723875,-0.9146276124999999,0.0
81,2015-2016,2015-10-23 22:30:00,Hoffenheim,Hamburger SV,0,1,0.586765,3.11642,2,1481.8560312368318,1538.8874957579426,-57.03146452111082,6.0,6.0,0.0,1.3333333333333333,0.8888888888888888,1.1833563333333335,0.8209824444444443,0.08207055555555552,0.0
82,2015-2016,2015-10-24 17:30:00,Bayer Leverkusen,VfB Stuttgart,4,3,2.87154,2.40291,0,1675.536332259447,1465.3311033463185,210.2052289131284,7.0,5.0,2.0,0.8888888888888888,1.3333333333333333,1.5006314444444444,2.1910844444444444,0.24600855555555567,0.0
83,2015-2016,2015-10-24 17:30:00,Bayern Munich,FC Cologne,4,0,3.69101,0.230279,0,1943.1392021236604,1551.6808693198743,391.4583328037861,7.0,6.0,1.0,3.2222222222222223,1.4444444444444444,3.0198100000000005,1.2638406666666666,0.021808444444444353,0.0
84,2015-2016,2015-10-24 17:30:00,Darmstadt,Wolfsburg,0,1,0.594469,0.976111,2,1509.029291793416,1696.2597678842508,-187.23047609083483,7.0,7.0,0.0,1.3333333333333333,1.5555555555555556,1.1341697777777777,1.418821888888889,0.062429888888888924,0.0
85,2015-2016,2015-10-24 17:30:00,Hannover 96,Eintracht Frankfurt,1,2,0.454178,0.74964,2,1469.4033968462418,1531.83534130023,-62.43194445398831,6.0,6.0,0.0,0.8888888888888888,1.5555555555555556,0.8140474,1.2337317777777779,-0.24698228888888885,0.0
86,2015-2016,2015-10-24 17:30:00,Mainz 05,Werder Bremen,1,3,1.53001,2.29004,2,1557.2074984753924,1480.3623530890459,76.84514538634653,7.0,7.0,0.0,1.3333333333333333,0.7777777777777778,1.6029213333333336,1.3624202222222221,0.31505444444444447,0.0
87,2015-2016,2015-10-24 20:30:00,FC Ingolstadt 04,Hertha Berlin,0,1,0.66126,0.702791,2,1513.7453029754276,1554.1004721615213,-40.35516918609369,6.0,7.0,-1.0,0.6666666666666666,1.3333333333333333,0.8559487888888888,1.18486,-0.3377554555555556,0.0
88,2015-2016,2015-10-25 18:30:00,Borussia Dortmund,Augsburg,5,1,4.21104,0.293643,0,1765.6252808570052,1454.057046939793,311.5682339172122,8.0,8.0,0.0,2.6666666666666665,0.8888888888888888,2.710546666666666,1.2281846666666665,0.29541577777777783,0.0
89,2015-2016,2015-10-25 20:30:00,Borussia M.Gladbach,Schalke 04,3,1,2.25814,0.767714,0,1648.2317559193732,1653.7114577142283,-5.479701794855146,8.0,8.0,0.0,1.7777777777777777,1.3333333333333333,1.3341894444444444,1.6274503333333332,0.7377053333333332,0.0
90,2015-2016,2015-10-30 23:30:00,Eintracht Frankfurt,Bayern Munich,0,0,0.251519,1.38915,1,1549.5587029080418,1946.4856299772357,-396.9269270691939,6.0,6.0,0.0,1.6,3.3,1.1853226,3.08693,0.20160740000000013,0.0
91,2015-2016,2015-10-31 18:30:00,Werder Bremen,Borussia Dortmund,1,3,0.983033,3.35901,2,1515.622352733529,1770.758490164812,-255.13613743128303,7.0,6.0,1.0,1.0,2.9,1.4551821999999999,2.8605959999999997,-0.4945862000000001,0.0
92,2015-2016,2015-10-31 18:30:00,Hertha Berlin,Borussia M.Gladbach,1,4,2.31638,1.29051,2,1572.8205492183538,1665.858975253212,-93.03842603485828,6.0,5.0,1.0,1.3,1.9,1.1366531,1.4265845,-0.3100685999999999,0.0
93,2015-2016,2015-10-31 18:30:00,Schalke 04,FC Ingolstadt 04,1,1,1.07951,0.26092,1,1636.0842383803895,1495.0252259185952,141.05901246179428,5.0,6.0,-1.0,1.3,0.6,1.5414767,0.8364799099999999,-0.0049967899999999454,0.0
94,2015-2016,2015-10-31 18:30:00,Augsburg,Mainz 05,3,3,2.98084,1.72651,1,1448.9238376319863,1521.9474988309094,-73.02366119892304,6.0,7.0,-1.0,0.9,1.3,1.1347304999999999,1.5956302000000002,0.0608997,0.0
95,2015-2016,2015-10-31 18:30:00,FC Cologne,Hoffenheim,0,0,1.33774,0.90728,1,1548.334441466299,1463.8872842300277,84.44715723627132,7.0,7.0,0.0,1.3,1.2,1.1604845,1.1236972,0.06321270000000004,0.0
96,2015-2016,2015-10-31 21:30:00,Wolfsburg,Bayer Leverkusen,2,1,2.11288,1.31846,0,1708.324988084771,1680.131615139839,28.19337294493198,7.0,7.0,0.0,1.5,1.2,1.3745508000000002,1.6377223,0.5631714999999999,0.0
97,2015-2016,2015-11-01 18:30:00,VfB Stuttgart,Darmstadt,2,0,2.13203,1.08627,0,1460.7358204659265,1496.9640715928958,-36.228251126969326,8.0,8.0,0.0,1.5,1.2,2.2122669999999998,1.0801997,-0.8320673,0.0
98,2015-2016,2015-11-01 20:30:00,Hamburger SV,Hannover 96,1,2,2.44912,0.843812,2,1556.8562427647466,1451.68003523843,105.1762075263166,8.0,8.0,0.0,0.9,0.9,1.0505262,0.77806046,-0.27246574,0.0
99,2015-2016,2015-11-06 23:30:00,Hannover 96,Hertha Berlin,1,3,1.1491,1.8958,2,1476.1646300193872,1544.259587713106,-68.0949576937187,5.0,6.0,-1.0,1.0,1.2727272727272727,0.7840378727272728,1.2439010000000001,0.16828943999999998,0.0
100,2015-2016,2015-11-07 18:30:00,Borussia M.Gladbach,FC Ingolstadt 04,0,0,1.28313,0.939938,1,1694.41993675846,1504.6321497529286,189.7877870055313,7.0,7.0,0.0,2.090909090909091,0.6363636363636364,1.4142140909090908,0.7841562818181818,0.96772581,0.0
101,2015-2016,2015-11-07 18:30:00,Bayer Leverkusen,FC Cologne,1,2,0.457253,2.03601,2,1669.7810650161475,1540.5575663183988,129.2234986977487,6.0,7.0,-1.0,1.1818181818181819,1.1818181818181819,1.6086984545454548,1.1765986363636363,-0.20762380000000003,0.0
102,2015-2016,2015-11-07 18:30:00,Bayern Munich,VfB Stuttgart,4,0,4.71083,0.284883,0,1935.3899876267471,1480.3794375591192,455.01055006762795,7.0,6.0,1.0,3.0,1.5454545454545454,2.932586363636364,2.204972727272727,0.42397100000000004,0.0
103,2015-2016,2015-11-07 18:30:00,Hoffenheim,Eintracht Frankfurt,0,0,0.680401,1.60253,1,1471.664159377928,1560.6543452585304,-88.99018588060244,7.0,7.0,0.0,1.0909090909090908,1.4545454545454546,1.1040229090909093,1.1004313636363636,-0.4505656,0.0
104,2015-2016,2015-11-07 18:30:00,Mainz 05,Wolfsburg,2,0,1.36046,0.153219,0,1523.187314686675,1718.6755382084623,-195.48822352178718,7.0,6.0,1.0,1.4545454545454546,1.5454545454545454,1.6075283636363638,1.4416716363636366,-0.10166960000000003,0.0
105,2015-2016,2015-11-07 21:30:00,Darmstadt,Hamburger SV,1,1,1.6995,1.15876,1,1477.3204544997031,1532.3716479837894,-55.0511934840863,6.0,6.0,0.0,1.0909090909090908,0.9090909090909091,1.0807515454545455,1.177671090909091,0.2721001,0.0
106,2015-2016,2015-11-08 18:30:00,Borussia Dortmund,Schalke 04,3,2,2.14772,1.37138,0,1784.701713820418,1626.477314546056,158.22439927436199,8.0,8.0,0.0,2.909090909090909,1.2727272727272727,2.9059063636363636,1.4994797272727274,0.24996370000000004,0.0
107,2015-2016,2015-11-08 20:30:00,Augsburg,Werder Bremen,1,2,1.70717,1.31037,2,1447.6840217762206,1501.6791290779229,-53.99510730170232,8.0,8.0,0.0,1.0909090909090908,1.0,1.3025586363636363,1.4122595454545455,0.24406830000000002,0.0
108,2015-2016,2015-11-20 23:45:00,Hamburger SV,Borussia Dortmund,3,1,1.47142,2.31377,0,1534.4301451914134,1790.604235016812,-256.1740898253986,13.0,12.0,1.0,0.9166666666666666,2.9166666666666665,1.1760951666666666,2.8427241666666667,-0.3579068000000001,0.0
109,2015-2016,2015-11-21 18:30:00,VfB Stuttgart,Augsburg,0,4,0.921864,2.23123,2,1478.0179462040157,1429.5777138653032,48.440232338712576,14.0,12.0,2.0,1.4166666666666667,1.0833333333333333,2.04496525,1.33627625,-0.4033008,0.0
110,2015-2016,2015-11-21 18:30:00,FC Cologne,Mainz 05,0,0,0.868247,0.315868,1,1565.8088065769077,1553.6221968968514,12.186609680056335,14.0,14.0,0.0,1.25,1.5,1.2482162499999998,1.5869393333333335,-0.026468199999999914,0.0
111,2015-2016,2015-11-21 18:30:00,Wolfsburg,Werder Bremen,6,0,4.16408,0.724132,0,1688.240655998286,1519.7854369888403,168.45521900944573,14.0,12.0,2.0,1.4166666666666667,1.0833333333333333,1.3343005833333335,1.40376875,0.3841471,0.0
112,2015-2016,2015-11-21 18:30:00,Borussia M.Gladbach,Hannover 96,2,1,2.61888,2.19568,0,1683.4973972761636,1449.9668820032975,233.53051527286607,14.0,14.0,0.0,1.9166666666666667,1.0,1.4032904166666667,0.8144597166666667,0.4391802,0.0
113,2015-2016,2015-11-21 18:30:00,Eintracht Frankfurt,Bayer Leverkusen,1,3,0.620149,1.67235,2,1561.161196290764,1644.5298247576386,-83.3686284668745,14.0,14.0,0.0,1.3333333333333333,1.1666666666666667,1.1422729166666665,1.512744666666667,0.44396570000000013,0.0
114,2015-2016,2015-11-21 21:30:00,Schalke 04,Bayern Munich,1,3,0.217596,2.27848,2,1620.574793349662,1937.7514789818506,-317.17668563218854,13.0,14.0,-1.0,1.3333333333333333,3.0833333333333335,1.48880475,3.0807733333333336,-0.21537470000000006,0.0
115,2015-2016,2015-11-22 18:30:00,Hertha Berlin,Hoffenheim,1,0,0.100337,0.328805,0,1570.4573357291956,1471.1573083456942,99.3000273835014,14.0,14.0,0.0,1.4166666666666667,1.0,1.2982259166666668,1.0687210833333334,0.2189652,0.0
116,2015-2016,2015-11-22 20:40:00,FC Ingolstadt 04,Darmstadt,3,1,2.73623,0.58372,0,1515.554689235225,1475.2619572920792,40.29273194314578,14.0,14.0,0.0,0.5833333333333334,1.0833333333333333,0.7971380916666666,1.1323139166666667,-0.1948666000000001,0.0
117,2015-2016,2015-11-27 23:30:00,Darmstadt,FC Cologne,0,0,0.508721,0.933778,1,1460.4585501884173,1560.8147926141673,-100.35624242575,5.0,6.0,-1.0,1.0769230769230769,1.1538461538461537,1.0901143846153847,1.2189878461538461,0.16621620000000004,0.0
118,2015-2016,2015-11-28 18:30:00,Werder Bremen,Hamburger SV,1,3,0.977105,1.13161,2,1507.8338568979727,1568.5459571391427,-60.71210024116999,7.0,7.0,0.0,1.0,1.0769230769230769,1.351489,1.1988124615384614,0.020014900000000085,0.0
119,2015-2016,2015-11-28 18:30:00,Hoffenheim,Borussia M.Gladbach,3,3,2.07714,1.66132,1,1463.4456498067668,1687.5891244779084,-224.14347467114158,6.0,7.0,-1.0,0.9230769230769231,1.9230769230769231,1.0118044615384616,1.4967973076923078,-0.5686482999999999,0.0
120,2015-2016,2015-11-28 18:30:00,Bayern Munich,Hertha Berlin,2,0,3.93799,0.218952,0,1948.4396773543265,1578.168994268123,370.27068308620346,6.0,6.0,0.0,3.076923076923077,1.3846153846153846,3.019058461538462,1.2060806153846153,-0.1639759,0.0
121,2015-2016,2015-11-28 18:30:00,Hannover 96,FC Ingolstadt 04,4,0,1.50396,0.366248,0,1445.8751548015528,1530.3580963388868,-84.482941537334,7.0,5.0,2.0,1.0,0.7692307692307693,0.9207074307692308,0.9462990076923076,0.37841230000000003,0.0
122,2015-2016,2015-11-28 18:45:00,Mainz 05,Eintracht Frankfurt,2,1,2.44079,0.62621,0,1558.6162108595918,1536.0132185505738,22.602992309017964,7.0,7.0,0.0,1.3846153846153846,1.3076923076923077,1.4891646153846154,1.1021095384615385,-0.09152530000000003,0.0
123,2015-2016,2015-11-29 18:30:00,Borussia Dortmund,VfB Stuttgart,4,1,2.12434,0.700582,0,1756.4884230690827,1435.9274474382778,320.56097563080493,8.0,8.0,0.0,2.769230769230769,1.3076923076923077,2.8020353846153845,1.958572846153846,0.34180170000000004,0.0
124,2015-2016,2015-11-29 20:30:00,Augsburg,Wolfsburg,0,0,1.26639,0.559526,1,1471.6682126310411,1700.1922360891535,-228.52402345811242,8.0,8.0,0.0,1.3076923076923077,1.7692307692307692,1.4051188461538462,1.5519759230769234,-0.025833400000000006,0.0
125,2015-2016,2015-11-29 20:30:00,Bayer Leverkusen,Schalke 04,1,1,2.13995,0.949254,1,1669.677802497829,1609.8865949771862,59.79120752064273,8.0,7.0,1.0,1.3076923076923077,1.3076923076923077,1.5250220000000003,1.3910194615384615,0.1323846,0.0
126,2015-2016,2015-12-04 23:30:00,Schalke 04,Hannover 96,3,1,3.56394,0.228822,0,1616.766847777666,1474.5361944114302,142.23065336623586,5.0,6.0,-1.0,1.2857142857142858,1.2142857142857142,1.3594647857142856,0.9623683285714285,-0.3075058,0.0
127,2015-2016,2015-12-05 18:30:00,FC Ingolstadt 04,Hoffenheim,1,1,0.489495,1.12887,1,1501.6970567290093,1468.9311798338017,32.76587689520761,7.0,7.0,0.0,0.7142857142857143,1.0714285714285714,0.9048667928571428,1.087899857142857,-0.3254680000000001,0.0
128,2015-2016,2015-12-05 18:30:00,Hamburger SV,Mainz 05,1,3,1.30558,1.19413,2,1595.2483603629787,1569.1933788405208,26.054981522457865,7.0,6.0,1.0,1.2142857142857142,1.4285714285714286,1.1940122857142856,1.5571378571428571,-0.38851470000000005,0.0
129,2015-2016,2015-12-05 18:30:00,Hertha Berlin,Bayer Leverkusen,2,1,1.02556,1.2452,0,1575.166308503714,1662.797549697349,-87.6312411936351,7.0,5.0,2.0,1.2857142857142858,1.2857142857142858,1.1355714285714285,1.5689454285714288,0.12278410000000001,0.0
130,2015-2016,2015-12-05 18:30:00,Borussia M.Gladbach,Bayern Munich,3,1,2.15779,2.28915,0,1682.1035944508735,1951.4423631187356,-269.33876866786204,7.0,7.0,0.0,2.0,3.0,1.5085489285714286,3.084696428571429,0.75244,0.0
131,2015-2016,2015-12-05 18:30:00,FC Cologne,Augsburg,0,1,2.36543,2.1005,2,1560.798387049936,1477.3309866469604,83.46740040297573,7.0,5.0,2.0,1.0714285714285714,1.2142857142857142,1.1986157142857141,1.395209642857143,-0.28403749999999994,0.0
132,2015-2016,2015-12-05 21:30:00,Wolfsburg,Borussia Dortmund,1,2,1.78593,2.58853,2,1694.5294620732343,1761.0574363206103,-66.52797424737605,6.0,6.0,0.0,1.6428571428571428,2.857142857142857,1.481086642857143,2.753628571428571,0.3001664999999999,0.0
133,2015-2016,2015-12-06 18:30:00,VfB Stuttgart,Werder Bremen,1,1,1.49974,0.886678,1,1431.3584341867502,1481.1314536741368,-49.77301948738659,7.0,8.0,-1.0,1.2857142857142858,1.0,1.868716357142857,1.324747285714286,-0.1502595,0.0
134,2015-2016,2015-12-06 20:30:00,Eintracht Frankfurt,Darmstadt,0,1,1.0568,1.55006,2,1525.4360505696447,1460.4749557526486,64.96109481699614,8.0,8.0,0.0,1.2857142857142858,1.0,1.0681167142857142,1.0485862857142858,-0.06594240000000001,0.0
135,2015-2016,2015-12-11 23:30:00,Mainz 05,VfB Stuttgart,0,0,0.747148,0.601794,1,1601.5379748953321,1429.0613760778776,172.4765988174545,6.0,5.0,1.0,1.5333333333333334,1.2666666666666666,1.5329373333333334,1.8441179333333333,0.3118818,0.0
136,2015-2016,2015-12-12 18:30:00,Wolfsburg,Hamburger SV,1,1,2.00091,0.210485,1,1676.9927696234627,1562.9037643081674,114.08900531529525,6.0,7.0,-1.0,1.6,1.2,1.5014095333333335,1.2014501333333334,0.3213001000000001,0.0
137,2015-2016,2015-12-12 18:30:00,Werder Bremen,FC Cologne,1,1,1.34869,1.22073,1,1483.4285117830093,1537.0560191406157,-53.62750735760642,6.0,7.0,-1.0,1.0,1.0,1.2955426666666667,1.2764033333333333,0.4914308,0.0
138,2015-2016,2015-12-12 18:30:00,Hoffenheim,Hannover 96,1,0,1.55239,1.3987,0,1474.7640856123744,1464.9982311557067,9.76585445666774,7.0,7.0,0.0,1.0666666666666667,1.2,1.0906312,0.91346524,-0.32455229999999996,0.0
139,2015-2016,2015-12-12 18:30:00,Bayern Munich,FC Ingolstadt 04,2,0,2.49703,1.00727,0,1916.5908266807448,1495.8641509504366,420.7266757303082,7.0,7.0,0.0,2.8666666666666667,0.7333333333333333,3.0316600000000005,0.8771753399999999,-0.09827239999999993,0.0
140,2015-2016,2015-12-12 18:30:00,Darmstadt,Hertha Berlin,0,4,0.26179,1.99133,2,1483.548018085498,1590.596946621312,-107.04892853581418,5.0,7.0,-2.0,1.0,1.3333333333333333,1.0820178666666667,1.1282373333333333,-0.4039599,0.0
141,2015-2016,2015-12-12 21:30:00,Bayer Leverkusen,Borussia M.Gladbach,5,0,2.75163,0.376285,0,1647.3669115797509,1716.9551308888642,-69.58821930911336,7.0,7.0,0.0,1.2666666666666666,2.066666666666667,1.5473624000000004,1.5518316666666665,-0.8336861000000001,0.0
142,2015-2016,2015-12-13 18:30:00,Augsburg,Schalke 04,2,1,1.2358,1.45492,0,1501.0733545562807,1626.3048110333896,-125.23145647710885,8.0,8.0,0.0,1.2,1.4,1.4422290000000002,1.5064297999999998,-0.08838859999999996,0.0
143,2015-2016,2015-12-13 20:30:00,Borussia Dortmund,Eintracht Frankfurt,4,1,6.02931,0.133013,0,1778.594128770382,1502.3629882367954,276.23114053358654,7.0,7.0,0.0,2.8,1.2,2.7426219999999994,1.0673622666666667,0.1901391,0.0
144,2015-2016,2015-12-18 23:30:00,Schalke 04,Hoffenheim,1,0,0.722775,0.870611,0,1609.1448979137365,1485.8709085521866,123.27398936154987,5.0,6.0,-1.0,1.2666666666666666,1.0666666666666667,1.5067711333333333,1.1618606,-0.14709430000000004,0.0
145,2015-2016,2015-12-19 18:30:00,Hannover 96,Bayern Munich,0,1,0.221793,2.52645,2,1453.8914082158944,1918.8726009491904,-464.981192733296,7.0,7.0,0.0,1.0666666666666667,2.6666666666666665,0.8828912399999997,2.9828593333333333,0.6601580999999999,0.0
146,2015-2016,2015-12-19 18:30:00,Eintracht Frankfurt,Werder Bremen,2,1,1.84525,0.87057,0,1496.6024016520194,1481.3055709681723,15.29683068384702,5.0,7.0,-2.0,1.2,1.0666666666666667,1.0128899333333332,1.3244742000000003,0.08555819999999996,0.0
147,2015-2016,2015-12-19 18:30:00,FC Cologne,Borussia Dortmund,2,1,0.769926,0.750674,0,1539.1789599554527,1784.354715355158,-245.1757553997054,7.0,5.0,2.0,0.8666666666666667,2.8,1.2343940000000002,2.983234,-0.36771240000000005,0.0
148,2015-2016,2015-12-19 18:30:00,Hamburger SV,Augsburg,0,1,1.24397,2.50129,2,1571.6793658084027,1518.2332676759338,53.44609813246893,7.0,6.0,1.0,1.2666666666666666,1.3333333333333333,1.2052002,1.4480363333333335,0.009348899999999938,0.0
149,2015-2016,2015-12-19 18:30:00,FC Ingolstadt 04,Bayer Leverkusen,0,1,0.461211,0.717973,2,1493.582376681991,1676.5730149191788,-182.9906382371878,7.0,6.0,1.0,0.6666666666666666,1.4666666666666666,0.90583894,1.4956223999999998,-0.5302031,0.0
150,2015-2016,2015-12-19 21:30:00,VfB Stuttgart,Wolfsburg,3,1,1.7755,1.32762,0,1439.543611729634,1668.2171681232273,-228.67355639359334,7.0,7.0,0.0,1.2,1.5333333333333334,1.6851988666666669,1.5854674666666666,-0.2911801999999999,0.0
151,2015-2016,2015-12-20 18:30:00,Hertha Berlin,Mainz 05,2,0,1.52652,0.26315,0,1619.9883767027864,1591.0557392435758,28.932637459210582,8.0,8.0,0.0,1.5333333333333334,1.5333333333333334,1.1787986666666666,1.5462292666666666,0.26110769999999994,0.0
152,2015-2016,2015-12-20 20:30:00,Borussia M.Gladbach,Darmstadt,3,2,1.0366,2.23006,0,1687.7490275494363,1454.1565880040237,233.59243954541262,7.0,8.0,-1.0,2.066666666666667,0.8666666666666667,1.56457,0.9788625333333333,0.9397723,0.0
153,2015-2016,2016-01-22 23:30:00,Hamburger SV,Bayern Munich,1,2,0.378362,1.95463,2,1549.0391420955038,1922.3605882420504,-373.3214461465466,14.0,14.0,0.0,1.0666666666666667,2.6,1.2000555333333334,2.9822306666666667,0.4301475,0.0
154,2015-2016,2016-01-23 18:30:00,FC Cologne,VfB Stuttgart,1,3,2.33406,2.63662,2,1561.5008340807653,1472.0468068711448,89.45402720962056,14.0,14.0,0.0,0.9333333333333333,1.2666666666666666,1.1938390666666667,1.6771995333333334,-0.3584957000000001,0.0
155,2015-2016,2016-01-23 18:30:00,Hannover 96,Darmstadt,1,2,1.28887,2.76698,2,1450.4034209230344,1450.0661326896416,0.33728823339288283,14.0,14.0,0.0,1.0666666666666667,0.9333333333333333,0.8911741333333332,1.0748412666666667,0.5966098,0.0
156,2015-2016,2016-01-23 18:30:00,Hertha Berlin,Augsburg,0,0,0.638542,0.704125,1,1635.4695355532597,1540.8734913888327,94.59604416442698,14.0,14.0,0.0,1.6,1.3333333333333333,1.2476147333333334,1.5307143333333333,0.7108021,0.0
157,2015-2016,2016-01-23 18:30:00,Hoffenheim,Bayer Leverkusen,1,1,0.756054,1.82105,1,1478.9379562289491,1688.822221360323,-209.88426513137392,14.0,14.0,0.0,1.0,1.4666666666666666,1.1332659999999999,1.4519106000000002,-0.4086808,0.0
158,2015-2016,2016-01-23 18:30:00,FC Ingolstadt 04,Mainz 05,1,0,1.79614,0.651914,0,1481.3331702408468,1575.5745803931025,-94.24141015225564,14.0,14.0,0.0,0.6666666666666666,1.4,0.9331592000000001,1.4297252666666664,-0.41597660000000003,0.0
159,2015-2016,2016-01-23 21:30:00,Borussia M.Gladbach,Borussia Dortmund,1,3,0.969724,2.60367,2,1691.8394828638184,1762.0328412298454,-70.19335836602704,14.0,14.0,0.0,2.2,2.6,1.5518486666666662,2.7910215999999997,0.9620938999999998,0.0
160,2015-2016,2016-01-24 18:30:00,Eintracht Frankfurt,Wolfsburg,3,2,1.18879,2.75506,0,1507.4794742912086,1635.7139729817166,-128.23449869050796,14.0,14.0,0.0,1.2666666666666666,1.5333333333333334,1.072888066666667,1.5312974666666668,0.00833310000000008,0.0
161,2015-2016,2016-01-24 20:30:00,Schalke 04,Werder Bremen,1,3,2.01652,1.82961,2,1616.077850236974,1470.428498328983,145.64935190799088,14.0,14.0,0.0,1.2666666666666666,1.0666666666666667,1.4844394666666667,1.318669466666667,0.08278869999999995,0.0
162,2015-2016,2016-01-29 23:30:00,Mainz 05,Borussia M.Gladbach,1,0,0.852232,1.91691,0,1559.8397489743459,1665.7855495115934,-105.94580053724758,6.0,6.0,0.0,1.2,2.2,1.2456222,1.5661143333333334,-0.7620241,0.0
163,2015-2016,2016-01-30 18:30:00,Augsburg,Eintracht Frankfurt,0,0,0.609193,1.25574,1,1549.002227627581,1524.776866241953,24.225361385628048,7.0,6.0,1.0,1.3333333333333333,1.2,1.5221683333333336,1.0214674,-0.5384055999999999,0.0
164,2015-2016,2016-01-30 18:30:00,Bayer Leverkusen,Hannover 96,3,0,1.96768,0.177765,0,1683.924101812088,1429.907031022726,254.01707078936215,7.0,7.0,0.0,1.5333333333333334,1.1333333333333333,1.5453004666666665,0.9522210666666665,0.06755910000000001,0.0
165,2015-2016,2016-01-30 18:30:00,Borussia Dortmund,FC Ingolstadt 04,2,0,2.19495,0.145484,0,1788.0867745820703,1497.0680016596034,291.01877292246695,6.0,7.0,-1.0,2.6,0.6666666666666666,2.7157675999999995,0.9697105333333335,0.25817180000000006,0.0
166,2015-2016,2016-01-30 18:30:00,Darmstadt,Schalke 04,0,2,0.0939969,1.56117,2,1470.56252258995,1577.4662995166575,-106.90377692670745,7.0,5.0,2.0,1.0666666666666667,1.3333333333333333,1.2401574,1.5689972666666667,-0.41684509999999997,0.0
167,2015-2016,2016-01-30 18:30:00,Werder Bremen,Hertha Berlin,3,3,2.40454,1.33238,1,1509.0400490492996,1627.3407993145113,-118.30075026521172,5.0,7.0,-2.0,1.1333333333333333,1.5333333333333334,1.2251387999999999,1.2479483333333334,-0.2561364999999998,0.0
168,2015-2016,2016-01-30 21:30:00,VfB Stuttgart,Hamburger SV,2,1,2.69957,1.77488,0,1507.9744168130883,1543.5435499876544,-35.569133174566105,7.0,7.0,0.0,1.4,1.0666666666666667,1.6848162,1.1289723333333332,0.06471890000000001,0.0
169,2015-2016,2016-01-31 18:30:00,Wolfsburg,FC Cologne,1,1,2.04894,0.698473,1,1618.416581030972,1525.5732241388218,92.84335689215027,7.0,8.0,-1.0,1.4666666666666666,0.8666666666666667,1.6130088,1.2380557333333335,0.6976963999999999,0.0
170,2015-2016,2016-01-31 20:30:00,Bayern Munich,Hoffenheim,2,0,3.08952,0.463233,0,1927.8561803498997,1483.836075777184,444.0201045727156,8.0,8.0,0.0,2.533333333333333,1.0666666666666667,2.8775553333333335,1.0907696,-0.5442203999999999,0.0
171,2015-2016,2016-02-05 23:30:00,Borussia M.Gladbach,Werder Bremen,5,1,3.16316,1.67818,0,1649.511762005288,1509.8820511686959,139.62971083659204,7.0,6.0,1.0,2.2,1.1333333333333333,1.6648372666666666,1.2379214666666667,0.10554790000000003,0.0
172,2015-2016,2016-02-06 18:30:00,Eintracht Frankfurt,VfB Stuttgart,2,4,2.36752,3.36402,2,1530.2657237648384,1521.0408182665878,9.224905498250564,7.0,6.0,1.0,0.8,1.4666666666666666,0.9098467333333332,1.7963035333333335,0.13258520000000001,0.0
173,2015-2016,2016-02-06 18:30:00,Hannover 96,Mainz 05,0,1,0.638351,0.857195,2,1423.4512300276153,1576.1135364806514,-152.66230645303608,7.0,7.0,0.0,1.0,1.2,0.9252190666666665,1.1060196666666664,0.0619532,0.0
174,2015-2016,2016-02-06 18:30:00,Hertha Berlin,Borussia Dortmund,0,0,0.881103,0.391491,1,1626.498797195115,1792.6598859964374,-166.16108880132242,7.0,7.0,0.0,1.6,2.466666666666667,1.2383163333333334,2.7174916,0.5574421999999999,0.0
175,2015-2016,2016-02-06 18:30:00,FC Ingolstadt 04,Augsburg,2,1,2.8596,0.232784,0,1492.4948902452363,1543.5133701046957,-51.018479859459376,7.0,7.0,0.0,0.6666666666666666,1.2666666666666666,0.9675300666666666,1.5525685333333337,-0.02340150000000002,0.0
176,2015-2016,2016-02-06 18:30:00,Schalke 04,Wolfsburg,3,0,0.785917,0.559619,0,1600.9894662580598,1610.3478791661694,-9.358412908109585,7.0,6.0,1.0,1.3333333333333333,1.5333333333333334,1.4637812666666667,1.7008023333333335,0.3179497,0.0
177,2015-2016,2016-02-06 21:30:00,Bayer Leverkusen,Bayern Munich,0,0,0.288974,1.17556,1,1690.3799028071987,1929.8635970914536,-239.48369428425485,7.0,6.0,1.0,1.7333333333333334,2.533333333333333,1.5861191333333335,2.8264286666666667,1.1401153999999998,0.0
178,2015-2016,2016-02-07 18:30:00,Hamburger SV,FC Cologne,1,1,0.197661,1.37214,1,1530.4771485341548,1533.6419260036246,-3.1647774694697546,7.0,7.0,0.0,0.9333333333333333,0.8,1.1786763333333332,1.2244409333333333,0.45540659999999994,0.0
179,2015-2016,2016-02-07 20:30:00,Hoffenheim,Darmstadt,0,2,0.584715,2.06675,2,1481.8286590356302,1447.0393558485478,34.789303187082396,7.0,8.0,-1.0,1.0,1.0,1.0753219333333335,1.22743806,0.10240179000000005,0.0
180,2015-2016,2016-02-12 23:30:00,Mainz 05,Schalke 04,2,1,1.00349,0.980702,0,1589.7067512534875,1621.845954622479,-32.1392033689915,6.0,6.0,0.0,1.0666666666666667,1.4666666666666666,1.0780826666666665,1.4432697333333335,-0.0686415,0.0
181,2015-2016,2016-02-13 18:30:00,Borussia Dortmund,Hannover 96,1,0,1.23883,0.212153,0,1789.6493572690497,1409.8580152547793,379.7913420142704,7.0,7.0,0.0,2.2666666666666666,1.0,2.471481,0.9302971333333333,-0.1856612,0.0
182,2015-2016,2016-02-13 18:30:00,Darmstadt,Bayer Leverkusen,1,2,1.07695,1.5656,2,1479.909653625992,1696.4791495832424,-216.5694959572504,5.0,6.0,-1.0,1.1333333333333333,1.7333333333333334,1.3515709933333333,1.5435338666666667,-0.64673279,0.0
183,2015-2016,2016-02-13 18:30:00,VfB Stuttgart,Hertha Berlin,2,0,1.27221,1.12753,0,1552.3466952206286,1629.5093259225027,-77.16263070187415,7.0,7.0,0.0,1.7333333333333334,1.6,1.7997282000000003,1.2789509333333333,-0.46896989999999994,0.0
184,2015-2016,2016-02-13 18:30:00,Werder Bremen,Hoffenheim,1,1,1.83283,0.57006,1,1497.8159163624036,1448.958361258186,48.85755510421768,7.0,5.0,2.0,1.2,0.9333333333333333,1.2679141333333335,1.0467669333333334,0.43365909999999996,0.0
185,2015-2016,2016-02-13 18:30:00,Wolfsburg,FC Ingolstadt 04,2,0,1.37415,0.549133,0,1589.4913908017502,1506.2540342203918,83.23735658135843,7.0,7.0,0.0,1.4,0.7333333333333333,1.5761269333333334,1.0598840666666667,-0.04052479999999997,0.0
186,2015-2016,2016-02-13 21:30:00,FC Cologne,Eintracht Frankfurt,3,1,2.27377,0.606015,0,1537.989359650836,1498.9598468107977,39.02951284003825,6.0,7.0,-1.0,0.8,0.9333333333333333,1.2797839333333334,1.0529216,-0.4989013,0.0
187,2015-2016,2016-02-14 18:30:00,Hamburger SV,Borussia M.Gladbach,3,2,1.48178,2.07387,0,1526.1297148869435,1661.57789681158,-135.44818192463663,7.0,8.0,-1.0,1.0,2.533333333333333,1.1312076,1.8487679333333333,-0.2847539,0.0
188,2015-2016,2016-02-14 20:30:00,Augsburg,Bayern Munich,1,3,0.310362,2.21151,2,1529.7542261295403,1923.76435031541,-394.0101241858697,8.0,7.0,1.0,1.2,2.3333333333333335,1.4183214666666666,2.7902979999999995,0.6279468000000001,0.0
189,2015-2016,2016-02-19 23:30:00,Eintracht Frankfurt,Hamburger SV,0,0,0.45464,0.807708,1,1484.0818889748393,1543.7565230298205,-59.6746340549812,6.0,5.0,1.0,1.0,1.1333333333333333,1.0298176666666665,1.1525436,-0.4947509,0.0
190,2015-2016,2016-02-20 18:30:00,Bayern Munich,Darmstadt,3,1,3.08206,0.61234,0,1931.2260856879736,1469.0851191697532,462.14096651822047,5.0,7.0,-2.0,2.2,1.0666666666666667,2.6919479999999996,1.2954556600000002,-0.38326220999999994,0.0
191,2015-2016,2016-02-20 18:30:00,Borussia M.Gladbach,FC Cologne,1,0,0.907861,0.568002,0,1643.951088668703,1552.8673174867943,91.08377118190879,6.0,6.0,0.0,2.4,1.0,1.7973092666666666,1.3744628666666665,0.5614895,0.0
192,2015-2016,2016-02-20 18:30:00,Hertha Berlin,Wolfsburg,1,1,0.693683,0.743911,1,1607.0846074411984,1601.8900127393176,5.19459470188076,7.0,7.0,0.0,1.4666666666666666,1.4666666666666666,1.2643302666666665,1.6570440000000002,0.6991,0.0
193,2015-2016,2016-02-20 18:30:00,Hoffenheim,Mainz 05,3,2,1.83746,1.16619,0,1455.42271639144,1602.6207893109386,-147.1980729194986,7.0,7.0,0.0,0.9333333333333333,1.2,1.0056202666666665,1.1131958,-0.33259020000000006,0.0
194,2015-2016,2016-02-20 18:30:00,FC Ingolstadt 04,Werder Bremen,2,0,1.85348,0.572222,0,1493.8554122828243,1491.3515612291496,2.50385105367468,7.0,7.0,0.0,0.7333333333333333,1.2,1.048624,1.3103508000000004,-0.44880440000000005,0.0
195,2015-2016,2016-02-21 18:30:00,Bayer Leverkusen,Borussia Dortmund,0,1,0.788355,1.25829,2,1707.3036840394811,1791.5507344174982,-84.2470503780171,8.0,8.0,0.0,1.8,2.2666666666666666,1.5318025333333334,2.4447376666666667,0.47556249999999994,0.0
196,2015-2016,2016-02-21 20:30:00,Hannover 96,Augsburg,0,1,0.433505,1.17413,2,1407.9566381063307,1522.2924907569766,-114.33585265064585,8.0,7.0,1.0,0.9333333333333333,1.1333333333333333,0.8905934,1.3108496,0.08836500000000001,0.0
197,2015-2016,2016-02-21 20:30:00,Schalke 04,VfB Stuttgart,1,1,0.989802,1.68313,1,1608.931916565028,1574.771413701933,34.16050286309496,8.0,8.0,0.0,1.4,1.6666666666666667,1.3585105333333336,1.7633328666666668,0.21326090000000006,0.0
198,2015-2016,2016-02-26 23:30:00,FC Cologne,Hertha Berlin,0,1,0.787942,0.842565,2,1544.8754406487542,1602.3830155188882,-57.50757487013402,6.0,6.0,0.0,0.9333333333333333,1.4666666666666666,1.3233163333333333,1.1618837999999998,-0.7868618999999999,0.0
199,2015-2016,2016-02-27 18:30:00,Hamburger SV,FC Ingolstadt 04,1,1,0.897328,1.01142,1,1545.605280511651,1510.9732289109666,34.63205160068446,7.0,7.0,0.0,1.1333333333333333,0.8,1.1675224,1.1296512666666667,0.7260835000000001,0.0
200,2015-2016,2016-02-27 18:30:00,VfB Stuttgart,Hannover 96,1,2,3.13363,1.59513,2,1580.6599271207303,1392.6164541056435,188.04347301508687,5.0,5.0,0.0,1.6666666666666667,0.8666666666666667,1.7115928666666667,0.8468710666666668,0.11445689999999997,0.0
201,2015-2016,2016-02-27 18:30:00,Werder Bremen,Darmstadt,2,2,2.2106,1.16123,1,1474.2337446010074,1467.2690254889992,6.964719112008197,7.0,7.0,0.0,1.2,1.0,1.3267185333333336,1.3023691266666666,0.06268109000000006,0.0
202,2015-2016,2016-02-27 18:30:00,Wolfsburg,Bayern Munich,0,2,0.686422,1.21707,2,1606.5916046616278,1933.0421793687276,-326.4505747070998,7.0,7.0,0.0,1.4666666666666666,2.2,1.6120347333333338,2.71248,0.3722633999999999,0.0
203,2015-2016,2016-02-28 18:30:00,Augsburg,Borussia M.Gladbach,2,2,1.80948,1.80962,1,1537.6326747576638,1651.9429655067431,-114.31029074907929,6.0,8.0,-2.0,1.1333333333333333,2.2666666666666666,1.2595756,1.7788106666666665,-0.4483404,0.0
204,2015-2016,2016-02-28 20:30:00,Mainz 05,Bayer Leverkusen,3,1,2.61685,0.81358,0,1584.4605102925461,1690.5787306119148,-106.11822031936867,8.0,7.0,1.0,1.3333333333333333,1.6,1.1408124666666666,1.497519533333333,-0.05333449999999998,0.0
205,2015-2016,2016-02-28 20:30:00,Borussia Dortmund,Hoffenheim,3,1,2.47417,0.88117,0,1808.2756878450646,1473.5829954098324,334.6926924352322,7.0,8.0,-1.0,2.2,0.9333333333333333,2.397253666666667,1.0219642666666666,-0.23245169999999998,0.0
206,2015-2016,2016-02-28 22:30:00,Eintracht Frankfurt,Schalke 04,0,0,0.775413,0.223305,1,1482.2331314930088,1603.0434031462305,-120.81027165322166,8.0,7.0,1.0,0.9333333333333333,1.4,0.9658809999999999,1.3393080000000002,-0.09115309999999996,0.0
207,2015-2016,2016-03-01 23:00:00,Hannover 96,Wolfsburg,0,4,0.395343,3.15639,2,1419.4959527894464,1596.340367406345,-176.84441461689858,3.0,3.0,0.0,0.9333333333333333,1.4666666666666666,0.9068632666666666,1.6035625333333334,0.5143038999999999,0.0
208,2015-2016,2016-03-01 23:00:00,FC Ingolstadt 04,FC Cologne,1,1,1.40092,1.14458,1,1516.8805072377297,1526.9282909963124,-10.047783758582682,3.0,3.0,0.0,0.7333333333333333,0.7333333333333333,1.1180792666666666,1.2878458000000002,0.07847699999999991,0.0
209,2015-2016,2016-03-02 23:00:00,Schalke 04,Hamburger SV,3,2,2.61412,0.825944,0,1602.0861991427146,1539.6980021848879,62.38819695782672,3.0,4.0,-1.0,1.4,1.2,1.2797903333333336,1.206335266666667,-0.18189409999999998,0.0
210,2015-2016,2016-03-02 23:00:00,Hertha Berlin,Eintracht Frankfurt,2,0,1.21008,0.339767,0,1620.33016517133,1483.190335496525,137.13982967480501,4.0,3.0,1.0,1.3333333333333333,0.9333333333333333,1.0818214666666666,0.968221333333333,0.3031226,0.0
211,2015-2016,2016-03-02 23:00:00,Darmstadt,Borussia Dortmund,0,2,0.422078,3.36158,2,1472.0449838623847,1811.9091744952093,-339.8641906328246,4.0,3.0,1.0,1.0,2.3333333333333335,1.2557117933333333,2.4885390000000003,-0.06746229000000001,0.0
212,2015-2016,2016-03-02 23:00:00,Hoffenheim,Augsburg,2,1,1.60086,1.8142,0,1469.9495087596877,1538.2913155862534,-68.34180682656574,3.0,3.0,0.0,0.8666666666666667,1.2,0.9534229333333334,1.3722664666666669,0.3222350999999999,0.0
213,2015-2016,2016-03-02 23:00:00,Bayern Munich,Mainz 05,1,2,0.652757,0.723063,2,1943.2934166240104,1608.8830982990405,334.4103183249699,4.0,3.0,1.0,2.0,1.3333333333333333,2.545508666666666,1.2184991333333335,-0.8187880999999999,0.0
214,2015-2016,2016-03-02 23:00:00,Bayer Leverkusen,Werder Bremen,1,4,1.00958,1.88024,2,1666.1561426054204,1469.457786227622,196.69835637779852,3.0,4.0,-1.0,1.6,1.3333333333333333,1.4196428666666667,1.3739865333333332,0.15110329999999994,0.0
215,2015-2016,2016-03-02 23:00:00,Borussia M.Gladbach,VfB Stuttgart,4,0,3.23676,0.281312,0,1651.2843246781536,1553.7804284369274,97.50389624122613,3.0,4.0,-1.0,2.2666666666666666,1.6,1.8021806666666669,1.7627362000000002,0.5293656000000001,0.0
216,2015-2016,2016-03-05 18:30:00,Augsburg,Bayer Leverkusen,3,3,1.63701,1.46029,1,1523.745207701918,1618.7483347924297,-95.00312709051173,2.0,2.0,0.0,1.2666666666666666,1.6666666666666667,1.3980758,1.4286116666666666,-0.45222419999999997,0.0
217,2015-2016,2016-03-05 18:30:00,Eintracht Frankfurt,FC Ingolstadt 04,1,1,2.63935,1.55385,1,1473.4264231076857,1512.8281959225606,-39.4017728148749,2.0,3.0,-1.0,0.8666666666666667,0.8,0.9248663999999998,1.1025832666666666,0.2551205,0.0
218,2015-2016,2016-03-05 18:30:00,FC Cologne,Schalke 04,1,3,2.44466,2.23816,2,1530.9806023114816,1611.108779572742,-80.12817726126036,3.0,2.0,1.0,0.8,1.4666666666666666,1.2627404666666668,1.286575,-0.4621882,0.0
219,2015-2016,2016-03-05 18:30:00,VfB Stuttgart,Hoffenheim,5,1,3.82557,0.918227,0,1539.207292480568,1484.4956166440231,54.71167583654483,2.0,2.0,0.0,1.5333333333333334,0.8666666666666667,1.692653,0.9883876,-0.17021030000000006,0.0
220,2015-2016,2016-03-05 18:30:00,Werder Bremen,Hannover 96,4,1,2.14361,1.14266,0,1516.8655940406127,1396.0251122577477,120.84048178286503,2.0,3.0,-1.0,1.6,0.8666666666666667,1.4532559999999999,0.8491441333333334,0.4076272000000001,0.0
221,2015-2016,2016-03-05 18:30:00,Wolfsburg,Borussia M.Gladbach,2,1,0.863815,1.0738,0,1619.8112079380437,1665.857460634513,-46.04625269646931,3.0,2.0,1.0,1.4666666666666666,2.2,1.6269845333333337,1.7840373333333333,-0.6790372000000001,0.0
222,2015-2016,2016-03-05 21:30:00,Borussia Dortmund,Bayern Munich,0,0,0.750153,1.15007,1,1821.5516775042036,1913.719382944579,-92.16770544037536,2.0,2.0,0.0,2.3333333333333335,2.0,2.469825,2.4468798,-0.019575799999999977,0.0
223,2015-2016,2016-03-06 18:30:00,Mainz 05,Darmstadt,0,0,1.18471,1.02252,1,1638.457131978472,1462.4024808533904,176.0546511250816,3.0,3.0,0.0,1.4666666666666666,0.8666666666666667,1.1632666666666667,1.1143276599999998,0.5166872899999999,0.0
224,2015-2016,2016-03-06 20:30:00,Hamburger SV,Hertha Berlin,2,0,1.10346,0.22915,0,1530.6754217548605,1630.0940775601694,-99.41865580530884,3.0,3.0,0.0,1.3333333333333333,1.4,1.2300685333333337,1.1002368666666666,-0.18544049999999998,0.0
225,2015-2016,2016-03-11 23:30:00,Hertha Berlin,Schalke 04,2,0,1.41068,1.08126,0,1606.13423535699,1636.4799815564818,-30.345746199491714,5.0,6.0,-1.0,1.3333333333333333,1.6,1.0686608,1.3846047333333333,0.011450800000000011,0.0
226,2015-2016,2016-03-12 18:30:00,Borussia M.Gladbach,Eintracht Frankfurt,3,0,1.87363,0.0789648,0,1652.32234043972,1470.6637294550032,181.6586109847167,7.0,7.0,0.0,2.066666666666667,0.8,1.705081333333333,1.0508470666666665,0.40409079999999997,0.0
227,2015-2016,2016-03-12 18:30:00,Darmstadt,Augsburg,2,2,1.35865,1.28135,1,1472.9781353803423,1523.5151090652662,-50.53697368492385,6.0,7.0,-1.0,0.8666666666666667,1.4,1.1428643933333333,1.4876336,-0.16863208999999998,0.0
228,2015-2016,2016-03-12 18:30:00,Hannover 96,FC Cologne,0,2,0.988474,1.12909,2,1383.758780607221,1505.6094003277417,-121.85061972052063,7.0,7.0,0.0,0.8666666666666667,0.8666666666666667,0.8950429333333333,1.4103658666666667,-0.08899870000000004,0.0
229,2015-2016,2016-03-12 18:30:00,Hoffenheim,Wolfsburg,1,0,1.40359,0.680487,0,1467.0363561259014,1633.3463281328368,-166.30997200693537,7.0,7.0,0.0,0.9333333333333333,1.5333333333333334,1.0104850666666667,1.6194981333333334,0.14820570000000002,0.0
230,2015-2016,2016-03-12 18:30:00,FC Ingolstadt 04,VfB Stuttgart,3,3,1.86907,3.11394,1,1515.590889575243,1556.6665529986897,-41.07566342344671,7.0,7.0,0.0,0.8666666666666667,1.6666666666666667,1.1620892666666665,1.7874969999999997,-0.43651519999999994,0.0
231,2015-2016,2016-03-12 21:30:00,Bayern Munich,Werder Bremen,5,0,3.14093,0.0947484,0,1914.0800123507017,1529.1319256911393,384.9480866595625,7.0,7.0,0.0,1.7333333333333334,1.6666666666666667,2.2774838,1.4434939999999998,-0.6785565,0.0
232,2015-2016,2016-03-13 18:30:00,Bayer Leverkusen,Hamburger SV,1,0,1.46364,1.03957,0,1618.9784334290814,1554.6352639580398,64.34316947104162,8.0,6.0,2.0,1.6,1.4,1.3345283333333333,1.0958712000000002,0.07368659999999999,0.0
233,2015-2016,2016-03-13 20:30:00,Borussia Dortmund,Mainz 05,2,0,3.95436,0.136645,0,1821.1910480980807,1627.8814774515201,193.3095706465606,7.0,7.0,0.0,2.0,1.4,2.239099199999999,1.1402466666666666,-0.4987176,0.0
234,2015-2016,2016-03-18 23:30:00,Schalke 04,Borussia M.Gladbach,2,1,0.10538,2.14568,0,1617.2280838074378,1661.563335410791,-44.3352516033533,7.0,6.0,1.0,1.5333333333333334,2.0,1.3847214,1.7439559999999998,-0.21517960000000008,0.0
235,2015-2016,2016-03-19 18:30:00,Wolfsburg,Darmstadt,1,1,1.31288,1.3773,1,1614.3291863516242,1470.715544355491,143.6136419961333,7.0,7.0,0.0,1.4,1.0,1.5240052666666668,1.1610230600000002,-0.03848590999999996,0.0
236,2015-2016,2016-03-19 18:30:00,Werder Bremen,Mainz 05,1,1,1.15003,0.685087,1,1525.4339690719016,1620.3942934697664,-94.96032439786472,6.0,5.0,1.0,1.6,1.2,1.3842750266666666,1.0342556666666665,0.19382886000000005,0.0
237,2015-2016,2016-03-19 18:30:00,Hertha Berlin,FC Ingolstadt 04,2,1,1.12049,0.67263,0,1625.386133106034,1512.903044865523,112.48308824051105,7.0,7.0,0.0,1.4,1.0,1.0082808,1.2692992666666667,0.36080749999999995,0.0
238,2015-2016,2016-03-19 18:30:00,Hamburger SV,Hoffenheim,1,3,2.27762,2.21883,2,1545.6854128347268,1486.053497907114,59.6319149276128,6.0,7.0,-1.0,1.3333333333333333,1.0,1.0019012,1.0435724,0.11353169999999996,0.0
239,2015-2016,2016-03-19 18:30:00,FC Cologne,Bayern Munich,0,1,1.00667,0.343724,2,1528.1019998713355,1917.7779689699394,-389.6759690986039,7.0,6.0,1.0,1.0,2.066666666666667,1.3964558666666669,2.3942691333333332,-0.03220859999999995,0.0
240,2015-2016,2016-03-19 21:30:00,Eintracht Frankfurt,Hannover 96,1,0,1.3943,0.381106,0,1461.4227344839321,1361.2661810636273,100.15655342030482,7.0,7.0,0.0,0.8,0.7333333333333333,1.0393434533333332,0.9046870666666667,0.05425942000000006,0.0
241,2015-2016,2016-03-20 18:30:00,VfB Stuttgart,Bayer Leverkusen,0,2,0.64082,2.29012,2,1559.3543977084096,1627.9282845523944,-68.57388684398484,8.0,7.0,1.0,1.7333333333333334,1.6,1.8529576666666665,1.344207,-0.08887799999999998,0.0
242,2015-2016,2016-03-20 20:30:00,Augsburg,Borussia Dortmund,1,3,1.01768,1.52542,2,1525.7777000901176,1828.6782320798345,-302.9005319897169,8.0,7.0,1.0,1.3333333333333333,1.9333333333333333,1.374334266666667,2.2787892,0.3904244,0.0
243,2015-2016,2016-04-01 22:30:00,Bayer Leverkusen,Wolfsburg,3,0,0.705961,0.572215,0,1654.0932226163955,1604.6473628290425,49.4458597873529,12.0,13.0,-1.0,1.6666666666666667,1.4666666666666666,1.4663981333333334,1.6013159999999997,0.17128049999999995,0.0
244,2015-2016,2016-04-02 17:30:00,Bayern Munich,Eintracht Frankfurt,1,0,1.08122,0.118042,0,1922.8581797559712,1469.1055701815112,453.75260957445994,13.0,13.0,0.0,1.8666666666666667,0.8666666666666667,2.1031287333333335,1.0254614533333333,0.40826688,0.0
245,2015-2016,2016-04-02 17:30:00,Mainz 05,Augsburg,4,2,3.6054,0.784999,0,1620.6263628320908,1514.3912067699425,106.23515606214823,13.0,12.0,1.0,1.1333333333333333,1.3333333333333333,0.9892307999999999,1.3283682666666665,0.07129380000000002,0.0
246,2015-2016,2016-04-02 17:30:00,Darmstadt,VfB Stuttgart,2,2,2.21695,0.480572,1,1480.3973678780726,1533.1894596444085,-52.79209176633594,13.0,12.0,1.0,1.0,1.7333333333333334,1.1395430599999998,1.8766868,0.06920271000000004,0.0
247,2015-2016,2016-04-02 17:30:00,Hannover 96,Hamburger SV,0,3,1.16167,2.17031,2,1353.5833453660482,1511.3740042399456,-157.79065887389743,13.0,13.0,0.0,0.6666666666666666,1.3333333333333333,0.8534874666666666,1.0764918666666667,-0.4469044,0.0
248,2015-2016,2016-04-02 17:30:00,FC Ingolstadt 04,Schalke 04,3,0,1.86933,0.864055,0,1505.6268076731687,1630.6863384522,-125.05953077903132,13.0,14.0,-1.0,1.0666666666666667,1.5333333333333334,1.2514787333333333,1.3003214000000003,-0.5115390999999999,0.0
249,2015-2016,2016-04-02 20:30:00,Borussia Dortmund,Werder Bremen,3,2,2.84328,0.436067,0,1840.0647254000096,1525.2018997095772,314.8628256904324,13.0,14.0,-1.0,1.9333333333333333,1.5333333333333334,2.237302533333333,1.3735856933333332,-0.5956303600000001,0.0
250,2015-2016,2016-04-03 17:30:00,Borussia M.Gladbach,Hertha Berlin,5,0,2.41386,0.280578,0,1648.1050807660288,1632.6623702983884,15.442710467640381,14.0,14.0,0.0,2.066666666666667,1.3333333333333333,1.801459333333333,0.9565934666666667,-0.06848120000000003,0.0
251,2015-2016,2016-04-03 19:30:00,Hoffenheim,FC Cologne,1,1,1.04133,1.09032,1,1520.3649065018951,1523.0217890853037,-2.65688258340856,14.0,14.0,0.0,1.2,0.8666666666666667,1.1461343333333334,1.3278332,0.5525188,0.0
252,2015-2016,2016-04-08 22:30:00,Hertha Berlin,Hannover 96,2,2,1.66964,1.25141,1,1610.920282000363,1330.198239950015,280.7220420503479,5.0,6.0,-1.0,1.2666666666666666,0.6,0.9686095333333334,0.7845534666666668,0.5997918000000001,0.0
253,2015-2016,2016-04-09 17:30:00,Eintracht Frankfurt,Hoffenheim,0,2,0.581161,1.3548,2,1467.8373176668158,1515.995818860963,-48.15850119414722,7.0,5.0,2.0,0.8,1.2666666666666666,0.9919876533333334,1.1936360000000001,-0.6510276799999999,0.0
254,2015-2016,2016-04-09 17:30:00,Hamburger SV,Darmstadt,1,2,0.70616,1.04297,2,1534.7591096559788,1478.23664418526,56.52246547071877,7.0,7.0,0.0,1.3333333333333333,1.0666666666666667,1.1230845333333335,1.2484250599999998,0.18325038999999993,0.0
255,2015-2016,2016-04-09 17:30:00,FC Ingolstadt 04,Borussia M.Gladbach,1,0,2.04687,0.311628,0,1535.642872382456,1669.8471690640542,-134.20429668159818,7.0,6.0,1.0,1.0666666666666667,2.2666666666666666,1.1936854000000001,1.787791333333333,-0.31697659999999994,0.0
256,2015-2016,2016-04-09 17:30:00,VfB Stuttgart,Bayern Munich,1,3,0.959571,0.728737,2,1535.350183337221,1924.1264322706666,-388.77624893344546,7.0,7.0,0.0,1.8666666666666667,1.7333333333333334,1.8472673333333332,2.0233114,-0.13503530000000002,0.0
257,2015-2016,2016-04-09 17:30:00,Werder Bremen,Augsburg,1,2,0.716015,0.923628,2,1522.5112955905397,1503.1705935189998,19.34070207153991,6.0,7.0,-1.0,1.6666666666666667,1.2,1.35438136,1.2319528666666666,0.026812060000000082,0.0
258,2015-2016,2016-04-09 20:30:00,Wolfsburg,Mainz 05,1,1,1.0116,1.76775,1,1587.9996297004113,1631.8469760830335,-43.84734638262216,7.0,7.0,0.0,1.0666666666666667,1.4,1.3618583333333332,1.2085329333333334,-0.41679669999999996,0.0
259,2015-2016,2016-04-10 17:30:00,Schalke 04,Borussia Dortmund,2,2,1.23275,1.6976,1,1600.6702737429127,1842.755329519047,-242.08505577613437,8.0,7.0,1.0,1.4666666666666666,2.066666666666667,1.3434186666666668,2.2726032000000003,0.6548652999999999,0.0
260,2015-2016,2016-04-10 19:30:00,FC Cologne,Bayer Leverkusen,0,2,0.731816,1.36907,2,1527.3908767262358,1670.7409557450267,-143.3500790187909,7.0,8.0,-1.0,0.9333333333333333,1.6666666666666667,1.3426380666666664,1.4019722,-0.6161867,0.0
261,2015-2016,2016-04-15 22:30:00,Hannover 96,Borussia M.Gladbach,2,0,1.64388,0.732627,0,1342.9820401121847,1652.2770721683432,-309.29503205615856,7.0,6.0,1.0,0.4666666666666667,2.066666666666667,0.7677168,1.6978118666666662,-0.8189933,0.0
262,2015-2016,2016-04-16 17:30:00,Werder Bremen,Wolfsburg,3,2,3.58106,1.09409,0,1501.2218605821715,1585.435987407705,-84.21412682553341,7.0,6.0,1.0,1.6666666666666667,1.1333333333333333,1.33697536,1.3919966,0.32469466,0.0
263,2015-2016,2016-04-16 17:30:00,Hoffenheim,Hertha Berlin,2,1,1.31625,1.09114,0,1543.5505606805925,1598.1364818381933,-54.58592115760075,7.0,7.0,0.0,1.2,1.4,1.1454799999999998,1.0653220666666667,0.20544569999999995,0.0
264,2015-2016,2016-04-16 17:30:00,Darmstadt,FC Ingolstadt 04,2,0,1.24602,0.351721,0,1500.9937063492634,1553.2129692781673,-52.219262928903845,7.0,7.0,0.0,1.2,1.1333333333333333,1.2840416600000002,1.3057268666666668,0.1328565,0.0
265,2015-2016,2016-04-16 17:30:00,Bayer Leverkusen,Eintracht Frankfurt,3,0,1.12161,0.878427,0,1691.7618817023479,1440.2825758471863,251.47930585516156,5.0,7.0,-2.0,1.7333333333333334,0.7333333333333333,1.3505802,0.9889843866666668,0.7600002800000001,0.0
266,2015-2016,2016-04-16 17:30:00,Augsburg,VfB Stuttgart,1,0,1.28148,0.428691,0,1524.460028527368,1527.696606940656,-3.2365784132880435,7.0,7.0,0.0,1.3333333333333333,1.8666666666666667,1.2091020666666665,1.8645332666666665,0.4769152,0.0
267,2015-2016,2016-04-16 20:30:00,Bayern Munich,Schalke 04,3,0,1.27153,0.430468,0,1931.7800086672316,1606.8716159362598,324.90839273097185,7.0,6.0,1.0,1.8,1.5333333333333334,1.8093612000000001,1.3623184,0.033181300000000025,0.0
268,2015-2016,2016-04-17 17:30:00,Borussia Dortmund,Hamburger SV,3,0,1.90773,0.617113,0,1836.5539873257,1512.0020474919754,324.55193983372465,7.0,8.0,-1.0,1.9333333333333333,1.2,2.2441538666666667,1.0947212,-0.49876329999999997,0.0
269,2015-2016,2016-04-17 19:30:00,Mainz 05,FC Cologne,2,3,1.80923,1.14393,2,1634.41061837574,1506.3699507689146,128.0406676068253,7.0,7.0,0.0,1.3333333333333333,0.9333333333333333,1.1636636,1.329173933333333,0.5802609999999999,0.0
270,2015-2016,2016-04-22 22:30:00,Hamburger SV,Werder Bremen,2,1,1.90362,2.52835,0,1507.5285157203334,1516.4953940881499,-8.966878367816435,5.0,6.0,-1.0,1.1333333333333333,1.8,1.0488234,1.5166008266666668,-0.23095706000000013,0.0
271,2015-2016,2016-04-23 17:30:00,FC Cologne,Darmstadt,4,1,2.56591,1.03362,0,1531.5848590372325,1521.7137815182277,9.871077519004757,5.0,7.0,-2.0,1.1333333333333333,1.2666666666666666,1.2477406,1.263772326666667,-0.2783772,0.0
272,2015-2016,2016-04-23 17:30:00,Hertha Berlin,Bayern Munich,0,2,0.351189,0.192443,2,1584.2160473247475,1936.2451017232522,-352.02905439850474,7.0,6.0,1.0,1.3333333333333333,1.9333333333333333,1.0696940666666666,1.7415198666666667,-0.5795927999999999,0.0
273,2015-2016,2016-04-23 17:30:00,FC Ingolstadt 04,Hannover 96,2,2,1.16542,1.22986,1,1532.492894109203,1379.9121556870414,152.58073842216163,7.0,7.0,0.0,1.0666666666666667,0.5333333333333333,1.2965419333333337,0.8620540000000001,0.20269069999999992,0.0
274,2015-2016,2016-04-23 17:30:00,Wolfsburg,Augsburg,0,2,1.38162,0.967552,2,1570.1624539017266,1536.1156574886236,34.04679641310304,7.0,7.0,0.0,1.2,1.3333333333333333,1.3458739333333336,1.1545007333333333,-0.24616409999999997,0.0
275,2015-2016,2016-04-23 17:30:00,VfB Stuttgart,Borussia Dortmund,0,3,0.479435,3.53521,2,1516.0409779794004,1841.027519097342,-324.98654111794167,7.0,6.0,1.0,1.8,2.0,1.7931300000000001,2.1987672,0.019196699999999997,0.0
276,2015-2016,2016-04-23 20:30:00,Schalke 04,Bayer Leverkusen,2,3,2.42823,1.52773,2,1602.4065228802392,1698.3015904202305,-95.89506753999126,7.0,7.0,0.0,1.3333333333333333,1.8666666666666667,1.1534202666666669,1.3423408666666667,-0.41721959999999997,0.0
277,2015-2016,2016-04-24 17:30:00,Borussia M.Gladbach,Hoffenheim,3,1,2.90034,1.18468,0,1615.3469565934865,1557.4709951940383,57.875961399448215,8.0,8.0,0.0,1.8666666666666667,1.2666666666666666,1.6028009999999997,1.157972,-0.14367589999999994,0.0
278,2015-2016,2016-04-24 19:30:00,Eintracht Frankfurt,Mainz 05,2,1,0.547038,0.490667,0,1433.7428671293037,1609.195710107422,-175.45284297811827,8.0,7.0,1.0,0.7333333333333333,1.2666666666666666,0.9770928533333334,1.2046702666666667,-0.7167664800000001,0.0
279,2015-2016,2016-04-29 22:30:00,Augsburg,FC Cologne,0,0,0.88211,0.257362,1,1568.9416361176357,1551.0141130328536,17.927523084782024,6.0,6.0,0.0,1.3333333333333333,1.3333333333333333,1.1366175333333333,1.3374192666666664,0.49214109999999994,0.0
280,2015-2016,2016-04-30 17:30:00,Mainz 05,Hamburger SV,0,0,0.973992,0.570155,1,1589.7745934507416,1519.4296567002493,70.34493675049225,5.0,7.0,-2.0,1.3333333333333333,1.2,1.1875715333333332,1.1616990666666667,0.21632410000000007,0.0
281,2015-2016,2016-04-30 17:30:00,Hoffenheim,FC Ingolstadt 04,2,1,1.82345,2.37831,0,1543.6832829098057,1522.5534088023735,21.129874107432215,6.0,7.0,-1.0,1.2666666666666666,1.2,1.133458,1.3070852666666668,0.20375139999999997,0.0
282,2015-2016,2016-04-30 17:30:00,Hannover 96,Schalke 04,1,3,2.06666,1.79057,2,1389.851640993871,1586.2174925501201,-196.36585155624925,7.0,6.0,1.0,0.6666666666666666,1.4,0.8507979999999999,1.2183076,-0.20155079999999992,0.0
283,2015-2016,2016-04-30 17:30:00,Darmstadt,Eintracht Frankfurt,1,2,1.19136,0.846611,2,1502.2845275226066,1453.163983785984,49.120543736622494,7.0,5.0,2.0,1.3333333333333333,0.8,1.3152276600000001,1.0046945200000001,0.5313424800000001,0.0
284,2015-2016,2016-04-30 17:30:00,Bayern Munich,Borussia M.Gladbach,1,1,0.283796,0.337244,1,1945.3592991346368,1629.1346688777192,316.22463025691764,7.0,6.0,1.0,1.9333333333333333,2.066666666666667,1.5878807333333331,1.771071333333333,0.5545265,0.0
285,2015-2016,2016-04-30 17:30:00,Borussia Dortmund,Wolfsburg,5,1,3.1369,0.643223,0,1853.0667540279303,1537.3364752727146,315.73027875521575,7.0,7.0,0.0,1.9333333333333333,1.1333333333333333,2.032493866666667,1.3045879333333337,-0.08043629999999999,0.0
286,2015-2016,2016-04-30 20:30:00,Bayer Leverkusen,Hertha Berlin,2,1,2.98724,0.344918,0,1714.4906207503495,1575.101849913363,139.38877083698662,7.0,7.0,0.0,1.7333333333333334,1.0666666666666667,1.2607475333333336,0.9603513333333333,0.4349259,0.0
287,2015-2016,2016-05-02 22:15:00,Werder Bremen,VfB Stuttgart,6,2,2.87488,0.814877,0,1504.594253108234,1504.0017430488122,0.5925100594217838,9.0,9.0,0.0,1.8,1.8,1.5952448266666666,1.7849727333333332,0.47137286000000006,0.0
288,2015-2016,2016-05-07 17:30:00,VfB Stuttgart,Mainz 05,1,3,0.873428,3.89767,2,1482.4527671283138,1582.5034211341492,-100.05065400583544,4.0,7.0,-3.0,1.7333333333333334,1.3333333333333333,1.7209311999999999,1.2349609999999995,-0.016502400000000028,0.0
289,2015-2016,2016-05-07 17:30:00,Borussia M.Gladbach,Bayer Leverkusen,2,1,1.24034,1.96166,0,1642.46332054517,1720.9330261478044,-78.46970560263435,7.0,6.0,1.0,1.9333333333333333,1.8,1.7244475999999997,1.4120320000000002,-0.30863680000000004,0.0
290,2015-2016,2016-05-07 17:30:00,Eintracht Frankfurt,Borussia Dortmund,1,0,0.697175,1.4668,0,1475.6384699548298,1858.0886113233923,-382.4501413685625,7.0,7.0,0.0,0.8,2.2,0.9381185866666667,2.1915756,-0.30126708,0.0
291,2015-2016,2016-05-07 17:30:00,FC Cologne,Werder Bremen,0,0,0.578238,0.585339,1,1556.2455035004248,1526.1432290287323,30.102274471692454,7.0,4.0,3.0,1.2,2.1333333333333333,1.3032483333333331,1.7288654933333334,-0.66866796,0.0
292,2015-2016,2016-05-07 17:30:00,Hamburger SV,Wolfsburg,0,1,0.427188,1.96183,2,1526.7008290168417,1532.3146179772525,-5.6137889604108295,7.0,7.0,0.0,1.2,1.1333333333333333,1.1167780666666667,1.2589614666666666,0.029146199999999935,0.0
293,2015-2016,2016-05-07 17:30:00,Hannover 96,Hoffenheim,1,0,0.689753,1.39948,0,1372.3427512095589,1554.3205837065377,-181.97783249697886,7.0,7.0,0.0,0.7333333333333333,1.4,0.9737891333333334,1.1969806,-0.4113006,0.0
294,2015-2016,2016-05-07 17:30:00,Hertha Berlin,Darmstadt,1,2,1.35682,1.26224,2,1568.659444515908,1479.8100413537609,88.84940316214715,6.0,7.0,-1.0,1.0,1.2666666666666666,0.8815778666666666,1.2459809933333332,0.1522268,0.0
295,2015-2016,2016-05-07 17:30:00,FC Ingolstadt 04,Bayern Munich,1,2,1.94299,2.27556,2,1511.9161080056415,1932.0306474671859,-420.1145394615444,7.0,7.0,0.0,1.2666666666666666,1.9333333333333333,1.4348918666666668,1.4383704666666666,-0.9257264,0.0
296,2015-2016,2016-05-07 17:30:00,Schalke 04,Augsburg,1,1,1.4111,0.557159,1,1603.7263823344322,1563.7102456500645,40.016136684367666,7.0,7.0,0.0,1.5333333333333334,1.2666666666666666,1.2894939333333333,1.0286722000000001,-0.1608809000000001,0.0
297,2015-2016,2016-05-14 17:30:00,Werder Bremen,Eintracht Frankfurt,1,0,1.9531,0.191835,0,1531.8694775359652,1502.3779608069694,29.491516728995748,7.0,7.0,0.0,1.9333333333333333,0.6666666666666666,1.6459140933333336,0.9053442533333332,0.7130496399999999,0.0
298,2015-2016,2016-05-14 17:30:00,Hoffenheim,Schalke 04,1,4,1.41779,1.60217,2,1534.6138984183076,1597.606191054269,-62.99229263596135,7.0,7.0,0.0,1.3333333333333333,1.5333333333333334,1.2398756666666668,1.2491326,-0.1065403999999999,0.0
299,2015-2016,2016-05-14 17:30:00,Wolfsburg,VfB Stuttgart,3,1,2.79348,0.973203,0,1552.5573982711135,1458.4562661830512,94.10113208806229,7.0,7.0,0.0,1.0666666666666667,1.6,1.2060794666666665,1.6033850666666667,-0.27799340000000006,0.0
300,2015-2016,2016-05-14 17:30:00,Darmstadt,Borussia M.Gladbach,0,2,0.357258,1.87154,2,1503.7407964810925,1657.4730810874494,-153.73228460635687,7.0,7.0,0.0,1.2666666666666666,2.0,1.1456649933333334,1.7424886666666664,-0.29077990000000004,0.0
301,2015-2016,2016-05-14 17:30:00,Mainz 05,Hertha Berlin,0,0,1.48776,0.873124,1,1606.4999220794118,1544.7286893885764,61.771232690835404,7.0,7.0,0.0,1.5333333333333334,1.0666666666666667,1.4513447333333331,0.9294630666666666,-0.3209529,0.0
302,2015-2016,2016-05-14 17:30:00,Bayern Munich,Hannover 96,3,1,2.692,1.81013,0,1936.4059769081448,1392.049436497789,544.3565404103558,7.0,7.0,0.0,1.9333333333333333,0.7333333333333333,1.4597657999999998,0.9338479999999999,0.9830048999999998,0.0
303,2015-2016,2016-05-14 17:30:00,Augsburg,Hamburger SV,1,3,1.03269,2.0985,2,1569.8304369302277,1506.4580487229807,63.37238820724701,7.0,7.0,0.0,1.3333333333333333,1.1333333333333333,1.018874466666667,1.1200331333333335,0.44939720000000005,0.0
304,2015-2016,2016-05-14 17:30:00,Borussia Dortmund,FC Cologne,2,2,1.15049,1.60855,1,1831.3491204712527,1550.519254993192,280.8298654780608,7.0,7.0,0.0,2.0,1.1333333333333333,2.1157842666666666,1.1861935333333333,-0.10864570000000005,0.0
305,2015-2016,2016-05-14 17:30:00,Bayer Leverkusen,FC Ingolstadt 04,3,2,3.08569,2.93125,0,1705.923265605525,1507.5407785646826,198.38248704084253,7.0,7.0,0.0,1.8,1.2666666666666666,1.4214060000000002,1.4446818666666668,0.635421,0.0
306,2016-2017,2016-08-26 22:30:00,Bayern Munich,Werder Bremen,6,0,4.53263,0.185791,0,1937.5537057543797,1542.1677682834447,395.385937470935,14.0,14.0,0.0,2.0,1.8,1.4332644666666665,1.6158180933333335,0.49031894000000004,0.0
307,2016-2017,2016-08-27 17:30:00,Augsburg,Wolfsburg,0,2,0.452708,0.711094,2,1535.3093191640587,1564.3896754658115,-29.080356301752772,14.0,14.0,0.0,1.4,1.2,1.0471076000000001,1.2557154666666663,0.5949582,0.0
308,2016-2017,2016-08-27 17:30:00,Borussia Dortmund,Mainz 05,2,1,1.81984,1.07885,0,1818.563525152558,1599.5455293171708,219.01799583538718,14.0,14.0,0.0,2.0,1.4666666666666666,2.0461536,1.4937132666666666,0.5070967999999999,0.0
309,2016-2017,2016-08-27 17:30:00,Eintracht Frankfurt,Schalke 04,1,0,1.86688,0.930915,0,1492.07967005949,1628.5774313309805,-136.49776127149062,14.0,14.0,0.0,0.6666666666666666,1.6666666666666667,0.8344172533333334,1.2518659333333335,-0.4788760799999999,0.0
310,2016-2017,2016-08-27 17:30:00,FC Cologne,Darmstadt,2,0,3.13195,0.558815,0,1563.3048503118866,1483.4231796919444,79.88167061994227,14.0,14.0,0.0,1.2,1.2666666666666666,1.2468653333333333,1.1632157333333335,-0.04476579999999997,0.0
311,2016-2017,2016-08-27 17:30:00,Hamburger SV,FC Ingolstadt 04,1,1,0.309707,1.20744,1,1540.9791664891497,1502.671114961621,38.30805152752873,14.0,14.0,0.0,1.2666666666666666,1.4,1.1416078,1.6303995999999998,0.0867744999999999,0.0
312,2016-2017,2016-08-27 20:30:00,Borussia M.Gladbach,Bayer Leverkusen,2,1,1.88815,1.11067,0,1677.7906978765975,1710.7929292085867,-33.00223133198915,14.0,14.0,0.0,2.1333333333333333,1.8,1.7394639999999997,1.49594,-0.1927678000000001,0.0
313,2016-2017,2016-08-28 17:30:00,Hertha Berlin,Freiburg,2,1,0.869084,0.360723,0,1551.6830821508174,1550.0,1.6830821508174267,14.0,7.0,7.0,0.8666666666666667,1.2,0.8988459999999999,1.1,0.027227100000000014,0.0
314,2016-2017,2016-08-28 19:30:00,Hoffenheim,RasenBallsport Leipzig,2,2,1.15624,2.47526,1,1503.642658141596,1620.0,-116.35734185840397,14.0,7.0,7.0,1.4,1.2,1.3035128,1.1,-0.007842700000000003,0.0
315,2016-2017,2016-09-09 22:30:00,Schalke 04,Bayern Munich,0,2,0.965209,2.2266,2,1610.90280278864,1941.2661672158417,-330.36336442720176,13.0,14.0,-1.0,1.4666666666666666,2.4,1.2615324666666665,1.6570691333333336,-0.8334328,0.0
316,2016-2017,2016-09-10 17:30:00,FC Ingolstadt 04,Hertha Berlin,0,2,0.986677,0.854096,2,1508.7240292414474,1563.129673047332,-54.405643805884665,14.0,13.0,1.0,1.3333333333333333,1.0,1.5202555999999996,0.8980447333333333,-0.30673680000000003,0.0
317,2016-2017,2016-09-10 17:30:00,Freiburg,Borussia M.Gladbach,3,1,1.55438,0.130259,0,1538.5534091034854,1690.7430196359849,-152.1896105324995,13.0,13.0,0.0,1.0,1.9333333333333333,0.360723,1.654463333333333,0.31078089999999997,0.0
318,2016-2017,2016-09-10 17:30:00,Wolfsburg,FC Cologne,0,0,0.914326,1.36943,1,1593.221705705725,1575.8819379711922,17.33976773453287,14.0,14.0,0.0,1.3333333333333333,1.2666666666666666,1.2658137999999999,1.3641860000000001,-0.1918683000000001,0.0
319,2016-2017,2016-09-10 17:30:00,Bayer Leverkusen,Hamburger SV,3,1,2.1378,0.65629,0,1697.8406074491993,1534.9262522093234,162.91435523987593,13.0,14.0,-1.0,1.8666666666666667,1.2666666666666666,1.5507197333333331,1.1490775333333334,0.4496552000000001,0.0
320,2016-2017,2016-09-10 17:30:00,Darmstadt,Eintracht Frankfurt,1,0,0.277384,1.64252,0,1470.8460920326388,1509.7542986018304,-38.908206569191634,14.0,14.0,0.0,1.1333333333333333,0.6,1.0626867333333332,0.8010412533333332,0.15552508,0.0
321,2016-2017,2016-09-10 20:30:00,RasenBallsport Leipzig,Borussia Dortmund,1,0,0.950658,0.482478,0,1619.247272639106,1822.962751135218,-203.71547849611193,13.0,14.0,-1.0,2.0,2.1333333333333333,2.47526,2.141376866666667,-0.671497,0.0
322,2016-2017,2016-09-11 17:30:00,Werder Bremen,Augsburg,1,2,1.62947,1.65986,2,1538.4553068219827,1506.4772889241451,31.978017897837617,14.0,14.0,0.0,1.7333333333333334,1.3333333333333333,1.5163254933333332,1.0617691999999999,-0.19240244000000006,0.0
323,2016-2017,2016-09-11 19:30:00,Mainz 05,Hoffenheim,4,4,0.788235,2.26684,1,1595.1463033345108,1504.39538550249,90.75091783202083,14.0,14.0,0.0,1.4666666666666666,1.5333333333333334,1.5084902666666666,1.3416144666666667,-0.36166109999999996,0.0
324,2016-2017,2016-09-16 22:30:00,FC Cologne,Freiburg,3,0,1.40487,1.4295,0,1581.0891415366777,1566.1316665991112,14.95747493756653,6.0,6.0,0.0,1.0666666666666667,2.0,1.3038966666666667,0.9575515000000001,-1.1908660999999998,0.0
325,2016-2017,2016-09-17 17:30:00,Hoffenheim,Wolfsburg,0,0,1.93562,2.34852,1,1512.3920145953016,1588.0145021402395,-75.62248754493794,5.0,7.0,-2.0,1.7333333333333334,1.2,1.4547331333333333,1.2351588666666664,0.4216668,0.0
326,2016-2017,2016-09-17 17:30:00,Hamburger SV,RasenBallsport Leipzig,0,4,1.08134,3.30009,2,1526.2657525090822,1639.886552800507,-113.62080029142476,7.0,6.0,1.0,1.1333333333333333,1.5,1.0940448666666667,1.7129590000000001,0.23929269999999997,0.0
327,2016-2017,2016-09-17 17:30:00,Eintracht Frankfurt,Bayer Leverkusen,2,1,2.14781,2.11932,0,1496.5390387299894,1706.5011071494405,-209.96206841945104,7.0,7.0,0.0,0.5333333333333333,1.9333333333333333,0.8701415866666665,1.5888664,-0.6466438000000001,0.0
328,2016-2017,2016-09-17 17:30:00,Borussia Dortmund,Darmstadt,6,0,4.05385,0.179729,0,1802.3234709738172,1484.0613519044798,318.26211906933736,6.0,7.0,-1.0,2.066666666666667,1.1333333333333333,2.0909534,1.0093823333333332,0.19981690000000005,0.0
329,2016-2017,2016-09-17 17:30:00,Bayern Munich,FC Ingolstadt 04,3,1,0.446972,1.54672,0,1951.3369910438607,1481.5924390898124,469.74455195404835,7.0,7.0,0.0,2.3333333333333335,1.3333333333333333,1.6580751333333335,1.5494251999999997,1.1924398,0.0
330,2016-2017,2016-09-17 20:30:00,Borussia M.Gladbach,Werder Bremen,4,1,3.63049,1.20156,0,1663.164762140359,1516.653887300297,146.51087484006212,7.0,6.0,1.0,1.8666666666666667,1.7333333333333334,1.5248892666666665,1.50276816,0.2668434,0.0
331,2016-2017,2016-09-18 17:30:00,Augsburg,Mainz 05,1,3,0.82866,1.54386,2,1528.278708445831,1587.1496742416991,-58.87096579586819,7.0,6.0,1.0,1.4,1.6,1.1517357333333333,1.4941399333333334,0.2024775000000001,0.0
332,2016-2017,2016-09-18 19:30:00,Hertha Berlin,Schalke 04,2,0,0.724842,0.424457,0,1590.261263198967,1600.831978960621,-10.5707157616539,8.0,8.0,0.0,1.1333333333333333,1.4,0.8798157999999999,1.2604996,-0.005023199999999894,0.0
333,2016-2017,2016-09-20 22:00:00,Darmstadt,Hoffenheim,1,1,1.62811,1.44238,1,1478.4454607965667,1511.2712272697363,-32.82576647316955,3.0,3.0,0.0,1.0666666666666667,1.5333333333333334,0.9805415999999999,1.4612771333333332,0.15301340000000002,0.0
334,2016-2017,2016-09-20 22:00:00,Freiburg,Hamburger SV,1,0,1.78293,0.647916,0,1547.0722366926063,1497.4412647794925,49.630971913113854,3.0,3.0,0.0,1.3333333333333333,1.1333333333333333,1.1148676666666668,1.1122869999999998,0.17250396666666662,0.0
335,2016-2017,2016-09-20 22:00:00,FC Ingolstadt 04,Eintracht Frankfurt,0,2,0.782075,0.352096,2,1479.8512996574555,1517.4404052435223,-37.58910558606681,3.0,3.0,0.0,1.2666666666666666,0.6666666666666666,1.5289745333333333,0.9830195866666666,-0.29092290000000004,0.0
336,2016-2017,2016-09-20 22:00:00,Wolfsburg,Borussia Dortmund,1,5,2.71087,2.34245,2,1589.1352894658048,1807.9393620817302,-218.8040726159254,3.0,3.0,0.0,1.1333333333333333,2.4,1.3421328000000001,2.2773240666666665,-0.733782,0.0
337,2016-2017,2016-09-21 22:00:00,Schalke 04,FC Cologne,1,3,1.37614,1.18875,2,1582.8766273203314,1600.1485714431826,-17.27194412285121,3.0,4.0,-1.0,1.3333333333333333,1.2666666666666666,1.2228099333333335,1.3596878666666667,-0.11975480000000008,0.0
338,2016-2017,2016-09-21 22:00:00,RasenBallsport Leipzig,Borussia M.Gladbach,1,1,1.58682,0.224262,1,1668.7110405300966,1674.0743231717886,-5.363282641691967,4.0,4.0,0.0,2.3333333333333335,2.066666666666667,2.2420026666666666,1.7063978666666666,-0.36302153333333337,0.0
339,2016-2017,2016-09-21 22:00:00,Werder Bremen,Mainz 05,1,2,0.916,1.38592,2,1505.7443262688673,1613.9775699703346,-108.23324370146725,4.0,3.0,1.0,1.8,1.6666666666666667,1.5447240266666666,1.5193179333333333,-0.12482180000000002,0.0
340,2016-2017,2016-09-21 22:00:00,Bayer Leverkusen,Augsburg,0,0,2.0338,0.230565,1,1685.5997406359077,1501.4508127171955,184.14892791871216,4.0,3.0,1.0,2.0,1.4,1.6775973999999996,1.1287044,0.1244094999999999,0.0
341,2016-2017,2016-09-21 22:00:00,Bayern Munich,Hertha Berlin,3,0,2.71721,0.153422,0,1953.0781304762177,1608.2166148392566,344.86151563696103,4.0,3.0,1.0,2.3333333333333335,1.2,1.4824026000000001,0.8818930666666669,0.7683942999999999,0.0
342,2016-2017,2016-09-23 22:30:00,Borussia Dortmund,Freiburg,3,1,3.2333,1.05384,0,1828.0629647306139,1556.5781051578397,271.4848595727742,3.0,3.0,0.0,2.533333333333333,1.25,2.2685427333333337,1.28188325,0.6725484500000002,0.0
343,2016-2017,2016-09-24 17:30:00,Augsburg,Darmstadt,1,0,1.95473,0.129868,0,1512.2331484571853,1475.3899516578804,36.843196799304906,2.0,3.0,-1.0,1.2666666666666666,1.0,1.0234434,1.0116669333333332,-0.0038905999999999663,0.0
344,2016-2017,2016-09-24 17:30:00,Borussia M.Gladbach,FC Ingolstadt 04,2,0,1.18177,0.535119,0,1678.3278264604994,1451.5858881952222,226.7419382652772,2.0,3.0,-1.0,2.0,1.2,1.600707333333333,1.5136848666666665,0.9072592999999999,0.0
345,2016-2017,2016-09-24 17:30:00,Eintracht Frankfurt,Hertha Berlin,3,3,1.50633,1.17158,1,1545.7058167057555,1604.2012826186754,-58.495465912919826,3.0,2.0,1.0,0.8,1.1333333333333333,0.9547984533333332,0.8359502000000003,-0.2463278,0.0
346,2016-2017,2016-09-24 17:30:00,Hamburger SV,Bayern Munich,0,1,0.304936,2.12276,2,1487.9353963142592,1957.093462696799,-469.1580663825398,3.0,2.0,1.0,1.0666666666666667,2.4,1.095659533333333,1.5824119333333335,-1.1650511,0.0
347,2016-2017,2016-09-24 17:30:00,Mainz 05,Bayer Leverkusen,2,3,1.73915,1.73598,2,1629.5984860423944,1674.817404895918,-45.21891885352352,2.0,2.0,0.0,1.6,1.9333333333333333,1.437255933333333,1.7589453999999998,0.22306559999999995,0.0
348,2016-2017,2016-09-24 20:30:00,Werder Bremen,Wolfsburg,2,1,1.11466,0.483419,0,1490.1234101968075,1569.0116868169212,-78.88827662011363,2.0,3.0,-1.0,1.7333333333333334,1.2,1.45841736,1.4770960000000002,0.3399088,0.0
349,2016-2017,2016-09-25 17:30:00,Hoffenheim,Schalke 04,2,1,1.8649,1.04708,0,1514.3267364084227,1553.2675817613106,-38.94084535288789,4.0,3.0,1.0,1.5333333333333334,1.4,1.4986911333333335,1.2996656000000002,-0.07055209999999998,0.0
350,2016-2017,2016-09-25 19:45:00,FC Cologne,RasenBallsport Leipzig,1,1,0.366844,0.819612,1,1629.7576170022035,1664.4575372413858,-34.69992023918235,3.0,3.0,0.0,1.4666666666666666,2.0,1.3864083999999999,2.078207,0.3801264,0.0
351,2016-2017,2016-09-30 22:30:00,RasenBallsport Leipzig,Augsburg,2,1,1.04258,0.313816,0,1667.4298010527011,1522.2381307437113,145.19167030898984,5.0,6.0,-1.0,1.8,1.2666666666666666,1.826488,1.0328120666666665,0.058263400000000014,0.0
352,2016-2017,2016-10-01 17:30:00,Bayern Munich,FC Cologne,1,1,2.20563,0.899194,1,1960.5074255251354,1626.7853531908881,333.7220723342473,7.0,5.0,2.0,2.4,1.4666666666666666,1.6804121333333335,1.3345593333333334,0.2854332999999999,0.0
353,2016-2017,2016-10-01 17:30:00,Darmstadt,Werder Bremen,2,2,1.27773,1.54526,1,1465.3849693713544,1505.152374235525,-39.76740486417066,7.0,6.0,1.0,1.0,1.6,0.9921862666666665,1.4073786933333332,0.07058060000000008,0.0
354,2016-2017,2016-10-01 17:30:00,Freiburg,Eintracht Frankfurt,1,0,0.464817,0.715723,0,1551.518111679124,1543.8035027380313,7.71460894109282,7.0,7.0,0.0,1.2,1.0,1.2362746,1.03256932,-0.2686024000000001,0.0
355,2016-2017,2016-10-01 17:30:00,Hertha Berlin,Hamburger SV,2,0,2.44266,1.11245,0,1606.1035965863996,1484.5214334859227,121.58216310047692,7.0,7.0,0.0,1.2,0.9333333333333333,0.8333835333333336,1.0609256666666667,0.5826550000000001,0.0
356,2016-2017,2016-10-01 17:30:00,FC Ingolstadt 04,Hoffenheim,1,2,2.21758,3.31162,2,1445.236060296776,1527.5434538444335,-82.30739354765751,7.0,6.0,1.0,1.1333333333333333,1.5333333333333334,1.4559648,1.5162938000000001,-0.5020091999999999,0.0
357,2016-2017,2016-10-01 20:30:00,Bayer Leverkusen,Borussia Dortmund,2,0,1.52698,0.837447,0,1693.3194668941223,1833.1229582093295,-139.8034913152071,7.0,7.0,0.0,2.066666666666667,2.6,1.8073720666666666,2.2599907333333333,-0.5692452,0.0
358,2016-2017,2016-10-02 17:30:00,Wolfsburg,Mainz 05,0,0,1.32308,0.256465,1,1553.9827227782037,1611.09642404419,-57.113701265986265,7.0,8.0,-1.0,1.0,1.6,1.2988979333333335,1.5049950666666663,-0.6847137999999999,0.0
359,2016-2017,2016-10-02 19:30:00,Schalke 04,Borussia M.Gladbach,4,0,3.05307,0.802215,0,1540.0508643252997,1684.6776543589456,-144.62679003364588,7.0,8.0,-1.0,1.2666666666666666,1.8666666666666667,1.1951962666666667,1.463708,-0.4269317000000001,0.0
360,2016-2017,2016-10-14 22:30:00,Borussia Dortmund,Hertha Berlin,1,1,2.60334,0.994838,1,1806.3853966485203,1616.5825806762002,189.8028159723201,13.0,13.0,0.0,2.6,1.3333333333333333,2.2658103333333335,0.9809508666666669,0.008296999999999999,0.0
361,2016-2017,2016-10-15 17:30:00,Augsburg,Schalke 04,1,1,0.414301,0.73357,1,1515.965889208051,1573.883198439523,-57.91730923147202,14.0,12.0,2.0,1.1333333333333333,1.3333333333333333,0.9445991333333332,1.2495236,-0.0850909,0.0
362,2016-2017,2016-10-15 17:30:00,Borussia M.Gladbach,Hamburger SV,0,0,3.46166,0.209913,1,1650.8453202447222,1474.042449396122,176.80287084860015,12.0,14.0,-2.0,1.8,0.8,1.4456023333333334,1.0615249999999998,0.5905492,0.0
363,2016-2017,2016-10-15 17:30:00,Eintracht Frankfurt,Bayern Munich,2,2,2.01559,1.4782,1,1532.6108975351026,1946.9422894820084,-414.3313919469058,14.0,14.0,0.0,0.9333333333333333,2.466666666666667,0.90432752,1.7507828,-0.1818417,0.0
364,2016-2017,2016-10-15 17:30:00,FC Cologne,FC Ingolstadt 04,2,1,3.98127,1.07265,0,1640.3504892340152,1428.4219892191463,211.92850001486886,14.0,14.0,0.0,1.4666666666666666,1.1333333333333333,1.2315282666666667,1.5002134666666669,0.9322482999999999,0.0
365,2016-2017,2016-10-15 17:30:00,Hoffenheim,Freiburg,2,1,2.4316,0.860554,0,1544.3575249220632,1562.7107168820528,-18.353191959989545,14.0,14.0,0.0,1.6,1.1666666666666667,1.6758533333333334,1.1076983333333332,-0.33926833333333334,0.0
366,2016-2017,2016-10-15 20:30:00,Werder Bremen,Bayer Leverkusen,2,1,1.51915,0.548105,0,1507.8987289606869,1720.0570284549315,-212.1582994942446,14.0,14.0,0.0,1.4666666666666666,2.0,1.3674886933333332,1.8118180666666666,0.1692459999999999,0.0
367,2016-2017,2016-10-16 17:30:00,Mainz 05,Darmstadt,2,1,2.86526,1.93127,0,1613.0614411395507,1462.6386146461925,150.42282649335812,14.0,14.0,0.0,1.6,1.1333333333333333,1.4431120666666664,1.0092002666666664,0.22535449999999993,0.0
368,2016-2017,2016-10-16 19:30:00,Wolfsburg,RasenBallsport Leipzig,0,1,0.684268,1.82053,2,1552.017705682843,1673.7020425883613,-121.68433690551842,14.0,14.0,0.0,0.8666666666666667,1.8333333333333333,1.3295156000000001,1.6958366666666667,-0.7646428666666668,0.0
369,2016-2017,2016-10-21 22:30:00,Hamburger SV,Eintracht Frankfurt,0,3,0.163638,1.31119,2,1484.6374791927185,1544.1082994555043,-59.470820262785764,6.0,6.0,0.0,0.8,1.0666666666666667,1.0062145333333334,1.0334358666666668,-0.3435825,0.0
370,2016-2017,2016-10-22 17:30:00,Bayer Leverkusen,Hoffenheim,0,3,0.598561,2.30615,2,1699.0641912414208,1556.6652688958757,142.3989223455451,6.0,7.0,-1.0,2.0,1.6666666666666667,1.7507823999999998,1.7443873333333333,0.08026750000000005,0.0
371,2016-2017,2016-10-22 17:30:00,Darmstadt,Wolfsburg,3,1,1.38031,0.577877,0,1456.5168390210506,1537.0150116935304,-80.49817267247977,6.0,5.0,1.0,1.0666666666666667,0.8666666666666667,1.0473749333333333,1.3297676666666667,0.4780346,0.0
372,2016-2017,2016-10-22 17:30:00,Freiburg,Augsburg,2,1,1.53071,1.23006,0,1550.4029729082404,1514.0373317282501,36.365641179990234,7.0,7.0,0.0,1.1428571428571428,1.0666666666666667,1.072392,0.8867958666666665,0.10312504285714279,0.0
373,2016-2017,2016-10-22 17:30:00,Hertha Berlin,FC Cologne,2,1,1.43523,1.35639,0,1627.5054897181888,1644.9068711261411,-17.401381407952385,7.0,7.0,0.0,1.2666666666666666,1.4666666666666666,0.9532280666666667,1.4216735999999999,0.5001074,0.0
374,2016-2017,2016-10-22 17:30:00,FC Ingolstadt 04,Borussia Dortmund,3,3,1.69325,2.51636,1,1423.8656073270204,1795.4624876065318,-371.5968802795114,7.0,7.0,0.0,1.0,2.533333333333333,1.4471188,2.1757423333333334,-1.0473916,0.0
375,2016-2017,2016-10-22 20:30:00,Bayern Munich,Borussia M.Gladbach,2,0,1.73353,0.49977,0,1935.4448875616067,1640.2502904481257,295.194597113481,7.0,7.0,0.0,2.2666666666666666,1.6,1.6399341333333335,1.5514709999999998,0.27865719999999994,0.0
376,2016-2017,2016-10-23 17:30:00,RasenBallsport Leipzig,Werder Bremen,3,1,3.33619,0.913725,0,1688.7047365776739,1528.8915661741976,159.8131704034763,6.0,7.0,-1.0,1.7142857142857142,1.6,1.71365,1.4624488,-0.24684328571428565,0.0
377,2016-2017,2016-10-23 19:30:00,Schalke 04,Mainz 05,3,0,1.21196,0.987414,0,1575.811755919324,1619.1832167646926,-43.371460845368574,8.0,7.0,1.0,1.4,1.7333333333333334,1.2263442666666668,1.625019733333333,0.06828810000000009,0.0
378,2016-2017,2016-10-28 22:30:00,Borussia M.Gladbach,Eintracht Frankfurt,0,0,0.605662,0.388618,1,1635.7756712030323,1575.3598301001232,60.4158411029091,6.0,7.0,-1.0,1.5333333333333334,1.2,1.4417436666666668,1.0278952000000001,-0.24833070000000002,0.0
379,2016-2017,2016-10-29 17:30:00,Augsburg,Bayern Munich,1,3,0.724858,3.47304,2,1504.0134349893765,1939.9195068067002,-435.90607181732366,7.0,6.0,1.0,1.0666666666666667,2.3333333333333335,0.9009545333333332,1.7325878666666668,-0.22434569999999998,0.0
380,2016-2017,2016-10-29 17:30:00,Darmstadt,RasenBallsport Leipzig,0,2,0.199603,1.64364,2,1479.1711135269504,1697.4926707820387,-218.32155725508824,7.0,6.0,1.0,1.2,1.875,1.0475755999999998,1.9164675,0.1431961,0.0
381,2016-2017,2016-10-29 17:30:00,Mainz 05,FC Ingolstadt 04,2,0,2.21072,0.216935,0,1595.7069497946613,1434.324680376546,161.38226941811536,5.0,7.0,-2.0,1.6666666666666667,1.1333333333333333,1.6451748666666666,1.5151601333333333,0.5885167,0.0
382,2016-2017,2016-10-29 17:30:00,Werder Bremen,Freiburg,1,3,1.29428,1.71134,2,1520.1036319698328,1560.426869647114,-40.32323767728121,6.0,7.0,-1.0,1.6,1.25,1.446695133333333,1.12968175,-0.17672374999999996,0.0
383,2016-2017,2016-10-29 17:30:00,Wolfsburg,Bayer Leverkusen,1,2,1.1136,2.12119,2,1514.3607371876305,1654.1831807529188,-139.82244356528827,7.0,7.0,0.0,0.8666666666666667,1.8666666666666667,1.2807674666666669,1.6380118,-0.3650198000000001,0.0
384,2016-2017,2016-10-29 20:30:00,Borussia Dortmund,Schalke 04,0,0,0.816002,0.46649,1,1785.0034145570062,1599.2880228893553,185.71539166765092,7.0,6.0,1.0,2.533333333333333,1.4666666666666666,2.241805,1.3001162666666666,-0.07506840000000004,0.0
385,2016-2017,2016-10-30 18:30:00,Hoffenheim,Hertha Berlin,1,0,2.77857,0.251867,0,1601.5462793843776,1639.771761727764,-38.225482343386375,8.0,8.0,0.0,1.6666666666666667,1.2666666666666666,1.7502086666666665,0.9742107333333334,-0.6656924,0.0
386,2016-2017,2016-10-30 20:30:00,FC Cologne,Hamburger SV,3,0,2.93112,0.307566,0,1632.640599116566,1453.3859485480996,179.25465056846633,8.0,8.0,0.0,1.5333333333333334,0.7333333333333333,1.4449882666666667,0.8652823999999999,0.11263920000000006,0.0
387,2016-2017,2016-11-04 23:30:00,Hertha Berlin,Borussia M.Gladbach,3,0,1.66602,0.636014,0,1626.586979603398,1628.871990221246,-2.285010617848002,5.0,7.0,-2.0,1.2666666666666666,1.2,0.9722966666666668,1.3211971333333332,0.6525035000000001,0.0
388,2016-2017,2016-11-05 18:30:00,FC Ingolstadt 04,Augsburg,0,2,0.587399,1.15792,2,1425.601404872582,1497.9486709136297,-72.34726604104776,7.0,7.0,0.0,0.9333333333333333,1.0,1.4050004666666667,0.8969451333333331,-0.43474480000000004,0.0
389,2016-2017,2016-11-05 18:30:00,Hamburger SV,Borussia Dortmund,2,5,0.716262,2.88584,2,1444.0376807055718,1774.1818206360297,-330.14413993045787,5.0,6.0,-1.0,0.5333333333333333,2.3333333333333335,0.7410994666666667,2.1066531333333334,-0.4036699,0.0
390,2016-2017,2016-11-05 18:30:00,Freiburg,Wolfsburg,0,3,0.916201,2.12583,2,1588.5091271995743,1500.1866396505357,88.32248754903867,7.0,7.0,0.0,1.4444444444444444,0.9333333333333333,1.1943104444444446,1.3168598000000002,0.7161873999999999,0.0
391,2016-2017,2016-11-05 18:30:00,Bayern Munich,Hoffenheim,1,1,1.49595,0.24666,1,1945.984270882447,1614.7310615087436,331.2532093737034,7.0,6.0,1.0,2.466666666666667,1.6666666666666667,1.8920425333333335,1.8660246666666667,0.5283138,0.0
392,2016-2017,2016-11-05 18:30:00,Bayer Leverkusen,Darmstadt,3,2,0.674028,0.863248,0,1668.3572782900137,1463.042499309885,205.31477898012872,7.0,7.0,0.0,1.8,1.0666666666666667,1.7323603999999997,0.9130858,-0.10980189999999998,0.0
393,2016-2017,2016-11-05 21:30:00,Eintracht Frankfurt,FC Cologne,1,0,0.860348,0.638081,0,1582.2635110819094,1641.9888669590937,-59.725355877184256,7.0,6.0,1.0,1.2,1.6666666666666667,1.0459336,1.5677082666666668,0.10997759999999995,0.0
394,2016-2017,2016-11-06 18:30:00,RasenBallsport Leipzig,Mainz 05,3,1,2.98005,0.510631,0,1713.621284999104,1604.4302252986254,109.19105970047872,8.0,8.0,0.0,1.8888888888888888,1.5333333333333334,1.8861533333333336,1.5521962,-0.16290104444444442,0.0
395,2016-2017,2016-11-06 20:30:00,Schalke 04,Werder Bremen,3,1,2.84842,1.0143,0,1610.1096168103318,1492.0213744173725,118.08824239295927,8.0,8.0,0.0,1.4666666666666666,1.5333333333333334,1.2736119333333336,1.5039093333333333,0.24619350000000004,0.0
396,2016-2017,2016-11-18 23:30:00,Bayer Leverkusen,RasenBallsport Leipzig,2,3,1.85187,1.13026,2,1673.0644643701844,1724.696267732727,-51.63180336254254,13.0,12.0,1.0,1.8666666666666667,2.0,1.6860242666666667,1.995543,0.13489960000000006,0.0
397,2016-2017,2016-11-19 18:30:00,Mainz 05,Freiburg,4,2,2.51061,2.46211,0,1593.3552425650025,1546.6623610672323,46.69288149777026,13.0,14.0,-1.0,1.5333333333333334,1.3,1.4683882666666668,1.1664995,0.22984899999999997,0.0
398,2016-2017,2016-11-19 18:30:00,Wolfsburg,Schalke 04,0,1,0.273387,1.12414,2,1542.0334057828777,1620.754282406722,-78.72087662384433,14.0,12.0,2.0,1.0666666666666667,1.5333333333333334,1.3911418000000002,1.3813232666666666,-0.3935573000000001,0.0
399,2016-2017,2016-11-19 18:30:00,Darmstadt,FC Ingolstadt 04,0,1,1.92547,1.18409,2,1458.3353132297143,1399.6952449815653,58.640068248148964,14.0,14.0,0.0,1.0666666666666667,0.8666666666666667,0.9011043333333332,1.3077024,0.5419778,0.0
400,2016-2017,2016-11-19 18:30:00,Augsburg,Hertha Berlin,0,0,1.1004,1.42162,1,1523.8548308046463,1646.9133497039195,-123.05851889927317,14.0,14.0,0.0,1.0,1.3333333333333333,0.9125646,0.9720553333333334,-0.5403838999999999,0.0
401,2016-2017,2016-11-19 18:30:00,Borussia M.Gladbach,FC Cologne,1,2,2.04672,0.413052,2,1608.5456201207246,1627.835319761886,-19.289699641161405,14.0,13.0,1.0,1.2,1.6666666666666667,1.3428228666666666,1.5614592666666667,-0.17923530000000004,0.0
402,2016-2017,2016-11-19 21:30:00,Borussia Dortmund,Bayern Munich,1,0,1.55352,0.929514,0,1785.9428356456324,1932.45129915289,-146.5084635072576,14.0,14.0,0.0,2.533333333333333,2.3333333333333335,2.185869133333333,1.943190066666667,0.18416150000000003,0.0
403,2016-2017,2016-11-20 18:30:00,Hoffenheim,Hamburger SV,2,2,2.31892,1.80116,1,1628.2640332383005,1432.276665695969,195.9873675423314,14.0,14.0,0.0,1.6,0.6,1.7921486666666666,0.7417729333333334,-0.023056200000000082,0.0
404,2016-2017,2016-11-20 20:30:00,Werder Bremen,Eintracht Frankfurt,1,2,1.03212,1.62014,2,1481.3767088209822,1596.417058279117,-115.04034945813487,14.0,14.0,0.0,1.5333333333333334,1.2666666666666666,1.523795,1.0645460666666666,-0.05270909999999994,0.0
405,2016-2017,2016-11-25 23:30:00,Freiburg,RasenBallsport Leipzig,1,4,0.683397,1.90539,2,1532.233457711388,1742.909426364663,-210.67596865327505,6.0,7.0,-1.0,1.3636363636363635,2.090909090909091,1.2842822727272727,1.9168809090909091,-0.21559520000000007,0.0
406,2016-2017,2016-11-26 18:30:00,Borussia M.Gladbach,Hoffenheim,1,1,1.845,0.827583,1,1588.8942205008705,1617.190893128346,-28.296672627475573,7.0,6.0,1.0,1.2666666666666666,1.6,1.4304290666666666,1.858993333333333,-0.13155620000000007,0.0
407,2016-2017,2016-11-26 18:30:00,Eintracht Frankfurt,Borussia Dortmund,2,1,0.686336,1.66759,0,1611.7248569287838,1804.071927593487,-192.34707066470332,5.0,6.0,-1.0,1.4,2.4,1.1139936000000001,2.1622551333333333,-0.023577799999999982,0.0
408,2016-2017,2016-11-26 18:30:00,FC Cologne,Augsburg,0,0,1.38658,0.50809,1,1647.4867193817402,1524.9151584983977,122.5715608833425,7.0,7.0,0.0,1.6,0.9333333333333333,1.5127340666666667,0.9004926,0.10661689999999995,0.0
409,2016-2017,2016-11-26 18:30:00,Hamburger SV,Werder Bremen,2,2,2.17271,1.21396,1,1443.3498058059236,1466.0689101713156,-22.719104365392013,6.0,5.0,1.0,0.7333333333333333,1.4,0.8207094,1.3538656666666669,-0.2820946,0.0
410,2016-2017,2016-11-26 18:30:00,FC Ingolstadt 04,Wolfsburg,1,1,3.68791,0.504027,1,1422.5322269926696,1525.0546893863966,-102.52246239372698,7.0,7.0,0.0,0.9333333333333333,0.9333333333333333,1.3631936666666669,1.3364282666666667,0.17326819999999998,0.0
411,2016-2017,2016-11-26 21:30:00,Bayern Munich,Bayer Leverkusen,2,1,1.68783,1.26793,0,1914.3222072050353,1654.8513057382484,259.4709014667869,7.0,7.0,0.0,2.1333333333333333,1.8,1.9203890000000001,1.7347082666666664,-0.24817720000000007,0.0
412,2016-2017,2016-11-27 18:30:00,Schalke 04,Darmstadt,3,1,2.7318,1.26539,0,1637.7329988032031,1435.49833121861,202.23466758459313,8.0,8.0,0.0,1.6,0.9333333333333333,1.4275680666666668,0.946401,0.054218600000000026,0.0
413,2016-2017,2016-11-27 20:30:00,Hertha Berlin,Mainz 05,2,1,1.63472,1.52234,0,1645.8530220101682,1607.7841459208469,38.06887608932129,8.0,8.0,0.0,1.2666666666666666,1.6666666666666667,0.9940873333333334,1.5151469333333334,-0.13179100000000005,0.0
414,2016-2017,2016-12-02 23:30:00,Mainz 05,Bayern Munich,1,3,0.47533,1.67552,2,1597.8276196528714,1917.9100026860326,-320.08238303316125,5.0,6.0,-1.0,1.6666666666666667,2.1333333333333333,1.5839251333333335,2.020081466666667,0.17582660000000006,0.0
415,2016-2017,2016-12-03 18:30:00,Wolfsburg,Hertha Berlin,2,3,1.13683,1.54821,2,1524.9385277412775,1655.8095482781437,-130.87102053686613,7.0,5.0,2.0,1.0,1.4,1.2779220666666669,1.0796560666666666,-0.7248079,0.0
416,2016-2017,2016-12-03 18:30:00,Werder Bremen,FC Ingolstadt 04,2,1,2.23558,1.09704,0,1469.5702719027513,1422.6483886377887,46.92188326496262,7.0,7.0,0.0,1.4666666666666666,0.8666666666666667,1.2662396666666667,1.5313596666666667,0.7758712999999999,0.0
417,2016-2017,2016-12-03 18:30:00,Bayer Leverkusen,Freiburg,1,1,3.31063,0.599753,1,1651.263510257251,1512.8629507738037,138.4005594834473,6.0,7.0,-1.0,1.6666666666666667,1.3333333333333333,1.7173882666666667,1.2342085,0.14176350000000004,0.0
418,2016-2017,2016-12-03 18:30:00,Hoffenheim,FC Cologne,4,0,2.16731,1.83627,0,1620.446857882531,1638.441656706379,-17.994798823847987,7.0,7.0,0.0,1.6,1.3333333333333333,1.8351868666666664,1.4341120666666667,-0.5897852000000001,0.0
419,2016-2017,2016-12-03 18:30:00,Borussia Dortmund,Borussia M.Gladbach,4,1,2.39193,0.731465,0,1783.9165850707514,1585.6382557466854,198.2783293240659,7.0,7.0,0.0,2.2666666666666666,1.1333333333333333,2.0377471333333337,1.360073066666667,0.8423864000000001,0.0
420,2016-2017,2016-12-03 21:30:00,RasenBallsport Leipzig,Schalke 04,2,1,1.8836,1.12833,0,1762.2799333022472,1644.9012232679345,117.37871003431269,7.0,6.0,1.0,2.25,1.6666666666666667,1.9159233333333334,1.4478060666666666,0.2451964999999999,0.0
421,2016-2017,2016-12-04 18:30:00,Darmstadt,Hamburger SV,0,2,0.567564,2.12004,2,1428.3301067538787,1439.8484440744878,-11.518337320609135,7.0,8.0,-1.0,0.9333333333333333,0.7333333333333333,0.9618523333333333,0.8386487333333333,0.1737163,0.0
422,2016-2017,2016-12-04 20:30:00,Augsburg,Eintracht Frankfurt,1,1,0.671214,0.390793,1,1533.9602211737588,1631.8801994515195,-97.91997827776072,8.0,8.0,0.0,0.8,1.4,0.8698617999999999,1.1232801333333333,-0.5859219000000001,0.0
423,2016-2017,2016-12-09 23:30:00,Eintracht Frankfurt,Hoffenheim,0,0,0.582927,0.212786,1,1631.9759868473463,1643.4945866391881,-11.51859979184178,5.0,6.0,-1.0,1.3333333333333333,1.7333333333333334,1.0928922666666665,1.8581108666666664,0.6848529,0.0
424,2016-2017,2016-12-10 18:30:00,Bayern Munich,Wolfsburg,5,0,2.18433,0.422847,0,1928.4598776878747,1510.3564611988243,418.10341648905046,7.0,7.0,0.0,2.2666666666666666,1.0666666666666667,2.1128630666666672,1.3108292,-0.05859960000000004,0.0
425,2016-2017,2016-12-10 18:30:00,FC Cologne,Borussia Dortmund,1,1,0.905376,0.740252,1,1615.393927949722,1792.4428292886842,-177.0489013389622,7.0,7.0,0.0,1.3333333333333333,2.2,1.5393725999999999,1.9880824666666663,-0.4149772,0.0
426,2016-2017,2016-12-10 18:30:00,Hamburger SV,Augsburg,1,0,0.886586,0.952731,0,1469.8317433911045,1533.864433777932,-64.03269038682743,6.0,5.0,1.0,0.8666666666666667,0.8666666666666667,0.9419744,0.8558020666666667,-0.12506369999999997,0.0
427,2016-2017,2016-12-10 18:30:00,FC Ingolstadt 04,RasenBallsport Leipzig,1,0,0.577386,1.51305,0,1413.0379861208935,1769.3989595986773,-356.3609734777838,7.0,6.0,1.0,0.8666666666666667,2.230769230769231,1.4459416666666665,1.9134369230769233,-0.8925376,0.0
428,2016-2017,2016-12-10 18:30:00,Freiburg,Darmstadt,1,0,1.61481,0.604576,0,1522.3912255816992,1398.346807437262,124.04441814443726,7.0,6.0,1.0,1.3076923076923077,0.8666666666666667,1.1854042307692307,0.9202659333333334,0.21029109999999995,0.0
429,2016-2017,2016-12-10 21:30:00,Hertha Berlin,Werder Bremen,0,1,0.521946,1.371,2,1670.391614820597,1479.1806744196465,191.21094040095045,7.0,7.0,0.0,1.5333333333333334,1.2,1.1598755333333335,1.2236196666666668,0.1078868,0.0
430,2016-2017,2016-12-11 18:30:00,Borussia M.Gladbach,Mainz 05,1,0,0.355797,0.530834,0,1577.1120115287526,1587.2777446510293,-10.165733122276606,8.0,8.0,0.0,1.1333333333333333,1.7333333333333334,1.3863544666666667,1.550681,-0.6570698,0.0
431,2016-2017,2016-12-11 20:30:00,Schalke 04,Bayer Leverkusen,0,1,0.699097,1.23195,2,1637.7821969715044,1641.7352354493555,-3.9530384778511234,7.0,8.0,-1.0,1.5333333333333334,1.6,1.4036567333333332,1.7389476,0.29480740000000005,0.0
432,2016-2017,2016-12-16 19:30:00,Hoffenheim,Borussia Dortmund,2,2,1.54298,1.48937,1,1647.48344151427,1788.951641143312,-141.46819962904192,6.0,6.0,0.0,1.7333333333333334,2.2666666666666666,1.7789979333333332,1.9396459333333333,-0.02205179999999998,0.0
433,2016-2017,2016-12-17 18:30:00,Schalke 04,Freiburg,1,1,0.958265,1.25505,1,1617.4684047237324,1529.3001224537188,88.1682822700136,5.0,7.0,-2.0,1.4666666666666666,1.2857142857142858,1.3561898666666667,1.2160760714285712,0.08535750000000006,0.0
434,2016-2017,2016-12-17 18:30:00,Werder Bremen,FC Cologne,1,1,0.377752,1.84906,1,1506.138112250213,1618.8851160950942,-112.74700384488119,6.0,7.0,-1.0,1.2666666666666666,1.4,1.2759970666666665,1.5611818,0.5460141999999999,0.0
435,2016-2017,2016-12-17 18:30:00,RasenBallsport Leipzig,Hertha Berlin,2,0,1.64142,0.199768,0,1743.3532918265778,1643.4341769900304,99.91911483654735,7.0,6.0,1.0,2.0714285714285716,1.4666666666666666,1.8848378571428572,1.1042172666666668,0.0013789000000000162,0.0
436,2016-2017,2016-12-17 18:30:00,Augsburg,Borussia M.Gladbach,1,0,0.34872,0.283914,0,1519.514897877489,1589.0647839963417,-69.54988611885278,7.0,6.0,1.0,0.8,1.0666666666666667,0.8821735333333334,1.3273849333333332,0.5137953,0.0
437,2016-2017,2016-12-17 18:30:00,Mainz 05,Hamburger SV,3,1,1.36545,0.900534,0,1575.3249721834402,1484.1812792915475,91.14369289189267,6.0,7.0,-1.0,1.5333333333333334,0.9333333333333333,1.3262252666666663,0.9726009333333333,0.018650700000000034,0.0
438,2016-2017,2016-12-17 21:30:00,Wolfsburg,Eintracht Frankfurt,1,0,1.75441,1.38982,0,1507.2700374193917,1627.9871319722645,-120.71709455287282,7.0,7.0,0.0,1.0,1.2666666666666666,1.2082303333333335,1.0852757333333334,-0.35671700000000006,0.0
439,2016-2017,2016-12-18 18:30:00,Darmstadt,Bayern Munich,0,1,0.869666,1.21772,2,1391.4379105652424,1931.5463014673073,-540.1083909020649,8.0,8.0,0.0,0.7333333333333333,2.466666666666667,0.8764216666666667,2.1067810666666666,-0.21587249999999997,0.0
440,2016-2017,2016-12-18 20:30:00,Bayer Leverkusen,FC Ingolstadt 04,1,2,0.571467,2.29253,2,1662.0490276971275,1439.083653892993,222.96537380413452,7.0,8.0,-1.0,1.6,0.8666666666666667,1.6903002666666667,1.3549013999999997,0.5002134999999999,0.0
441,2016-2017,2016-12-20 23:00:00,Eintracht Frankfurt,Mainz 05,3,0,1.76293,1.05038,0,1611.0342036436712,1587.309685377045,23.72451826662609,3.0,3.0,0.0,1.2666666666666666,1.7333333333333334,1.1651414,1.3180712666666667,0.02735690000000006,0.0
442,2016-2017,2016-12-20 23:00:00,Hamburger SV,Schalke 04,2,1,2.47737,0.439814,0,1472.1965660979427,1609.5613328236739,-137.36476672573122,3.0,3.0,0.0,0.8,1.2666666666666666,0.8927365333333334,1.3132628666666666,-0.24357170000000003,0.0
443,2016-2017,2016-12-20 23:00:00,Borussia Dortmund,Augsburg,1,1,1.98186,1.18385,1,1787.050976806582,1534.1161977122229,252.9347790943591,4.0,3.0,1.0,2.2666666666666666,0.8,1.9622379333333335,0.8365755333333332,-0.007954100000000033,0.0
444,2016-2017,2016-12-20 23:00:00,Borussia M.Gladbach,Wolfsburg,1,2,1.53544,2.26217,2,1574.4634841616078,1524.222965747985,50.240518413622794,3.0,3.0,0.0,0.9333333333333333,0.8666666666666667,1.2215432,1.138959,-0.6352061000000001,0.0
445,2016-2017,2016-12-21 23:00:00,Bayern Munich,RasenBallsport Leipzig,3,0,4.92205,0.135897,0,1933.899742471157,1754.8895193104847,179.01022316067224,3.0,4.0,-1.0,2.3333333333333335,2.066666666666667,2.008495733333333,1.86861,-0.11845540000000002,0.0
446,2016-2017,2016-12-21 23:00:00,FC Cologne,Bayer Leverkusen,1,1,0.721118,1.45189,1,1618.29835812323,1634.3627409960998,-16.064382872869828,4.0,3.0,1.0,1.3333333333333333,1.4666666666666666,1.5772158,1.5226853999999999,-0.5493682,0.0
447,2016-2017,2016-12-21 23:00:00,Hertha Berlin,Darmstadt,2,0,2.04959,1.07625,0,1631.8979495061235,1389.0844695613928,242.81347994473072,4.0,3.0,1.0,1.4666666666666666,0.7333333333333333,1.0593268666666669,0.9105822000000001,0.2767948,0.0
448,2016-2017,2016-12-21 23:00:00,Hoffenheim,Werder Bremen,1,1,1.51059,0.546119,1,1649.384105851,1506.7248702220772,142.65923562892272,5.0,4.0,1.0,1.8,1.2666666666666666,1.7873439333333334,1.170973866666667,-0.1627052,0.0
449,2016-2017,2016-12-21 23:00:00,FC Ingolstadt 04,Freiburg,1,2,1.2843,1.5487,2,1466.7699405940207,1537.2071943537774,-70.43725375975669,3.0,4.0,-1.0,0.8666666666666667,1.2666666666666666,1.3123200666666668,1.2186743333333332,-0.45280279999999995,0.0
450,2016-2017,2017-01-20 19:30:00,Freiburg,Bayern Munich,1,2,0.696302,0.60487,2,1554.5653330513137,1943.2589730759335,-388.69364002461975,14.0,14.0,0.0,1.3333333333333333,2.1333333333333333,1.2978728,2.0344570666666666,-0.03849410000000009,0.0
451,2016-2017,2017-01-21 14:30:00,Werder Bremen,Borussia Dortmund,1,2,0.683532,2.86037,2,1516.3787889989687,1774.7603884572586,-258.3815994582899,14.0,14.0,0.0,1.3333333333333333,2.2,1.1949957333333336,1.973039266666667,0.1128078,0.0
452,2016-2017,2017-01-21 17:30:00,Wolfsburg,Hamburger SV,1,0,1.13564,0.666936,0,1546.7405268356526,1489.9106739380293,56.82985289762337,14.0,14.0,0.0,0.8666666666666667,0.8666666666666667,1.2423640666666669,1.0372474,-0.009946699999999985,0.0
453,2016-2017,2017-01-21 17:30:00,Schalke 04,FC Ingolstadt 04,1,0,2.02155,0.522735,0,1591.8472249835872,1449.4118018964843,142.4354230871029,14.0,14.0,0.0,1.3333333333333333,0.8666666666666667,1.2805228,1.3174440666666665,0.43516040000000006,0.0
454,2016-2017,2017-01-21 17:30:00,Darmstadt,Borussia M.Gladbach,0,0,0.802235,1.26715,1,1383.2272739008329,1551.94592307394,-168.71864917310722,14.0,14.0,0.0,0.7333333333333333,0.8666666666666667,0.9450778666666668,1.1980292000000001,0.33180950000000015,0.0
455,2016-2017,2017-01-21 17:30:00,Augsburg,Hoffenheim,0,2,0.45179,1.89483,2,1546.4067860615462,1639.7301870741085,-93.32340101256227,14.0,14.0,0.0,0.8666666666666667,1.7333333333333334,0.8853183333333334,1.8109672666666667,-0.0948995,0.0
456,2016-2017,2017-01-21 20:30:00,RasenBallsport Leipzig,Eintracht Frankfurt,3,0,3.05773,0.617185,0,1745.5302887057082,1629.4643335880571,116.06595511765113,14.0,14.0,0.0,1.9333333333333333,1.4,1.7126524666666667,1.1582114,-0.09813349999999998,0.0
457,2016-2017,2017-01-22 17:30:00,Bayer Leverkusen,Hertha Berlin,3,1,2.20774,1.18956,0,1638.1546346134262,1637.7551451666834,0.3994894467427912,14.0,14.0,0.0,1.4666666666666666,1.4666666666666666,1.5454334,1.1380272666666669,-0.19038119999999994,0.0
458,2016-2017,2017-01-22 19:30:00,Mainz 05,FC Cologne,0,0,0.489561,0.407808,1,1568.8795554326591,1614.5064645059035,-45.626909073244406,14.0,14.0,0.0,1.6666666666666667,1.2666666666666666,1.3161732666666666,1.416493666666667,0.4989347999999999,0.0
459,2016-2017,2017-01-27 22:30:00,Schalke 04,Eintracht Frankfurt,0,1,0.621137,0.416066,2,1598.1998634040528,1616.932683349952,-18.73281994589911,6.0,6.0,0.0,1.4,1.4,1.3509455333333333,1.0898557333333334,-0.20195790000000002,0.0
460,2016-2017,2017-01-28 17:30:00,Wolfsburg,Augsburg,1,2,1.51608,2.03309,2,1555.9718379923017,1521.94563970599,34.02619828631168,7.0,7.0,0.0,0.9333333333333333,0.7333333333333333,1.2571183333333336,0.8047803333333333,0.20230150000000002,0.0
461,2016-2017,2017-01-28 17:30:00,Werder Bremen,Bayern Munich,1,2,0.740585,0.664364,2,1507.2060384055249,1948.3633971510822,-441.1573587455573,7.0,7.0,0.0,1.3333333333333333,2.1333333333333333,1.1319332,1.9263417333333333,-0.07580140000000007,0.0
462,2016-2017,2017-01-28 17:30:00,RasenBallsport Leipzig,Hoffenheim,2,1,1.47923,0.793259,0,1758.0619389438134,1664.1913334296646,93.87060551414879,6.0,7.0,-1.0,2.066666666666667,1.6,1.8531239333333334,1.7861666000000003,0.1579152000000001,0.0
463,2016-2017,2017-01-28 17:30:00,FC Ingolstadt 04,Hamburger SV,3,1,1.41586,0.491104,0,1443.0591634760187,1480.6793627813802,-37.62019930536144,7.0,7.0,0.0,0.8666666666666667,0.8,1.2865145999999998,1.0379571333333333,-0.29307730000000004,0.0
464,2016-2017,2017-01-28 17:30:00,Darmstadt,FC Cologne,1,6,1.55993,3.27302,2,1386.3512536295639,1616.990193966216,-230.63894033665224,7.0,5.0,2.0,0.6666666666666666,1.2666666666666666,0.9800679333333334,1.3523855333333334,-0.010945699999999947,0.0
465,2016-2017,2017-01-28 20:30:00,Bayer Leverkusen,Borussia M.Gladbach,2,3,1.53578,1.90101,2,1655.4060925856747,1548.821943345209,106.58414924046565,6.0,7.0,-1.0,1.4666666666666666,0.8,1.5500960666666665,1.2738219333333336,0.45196759999999997,0.0
466,2016-2017,2017-01-29 17:30:00,Freiburg,Hertha Berlin,2,1,0.618883,0.529186,0,1549.460908976165,1620.5036871944349,-71.04277821826986,8.0,7.0,1.0,1.2,1.4,1.2406675999999999,1.1603915333333332,-0.009984200000000026,0.0
467,2016-2017,2017-01-29 19:30:00,Mainz 05,Borussia Dortmund,1,1,0.681513,1.16864,1,1566.3958259723465,1783.9331390507025,-217.53731307835596,7.0,8.0,-1.0,1.4,2.3333333333333335,1.2962616666666664,2.1315654000000004,-0.07501759999999999,0.0
468,2016-2017,2017-02-03 19:30:00,Hamburger SV,Bayer Leverkusen,1,0,1.0957,0.258906,0,1460.942694176116,1630.8749926513897,-169.93229847527368,6.0,5.0,1.0,0.8666666666666667,1.5333333333333334,0.9986080666666666,1.5111933999999998,-0.03157930000000004,0.0
469,2016-2017,2017-02-04 14:30:00,Hoffenheim,Mainz 05,4,0,2.43327,0.895123,0,1656.2952585832725,1571.6111617650483,84.68409681822413,6.0,5.0,1.0,1.6666666666666667,1.2666666666666666,1.7100092000000002,1.2387718666666665,-0.09461190000000003,0.0
470,2016-2017,2017-02-04 14:30:00,Hertha Berlin,FC Ingolstadt 04,1,0,0.810684,0.523057,0,1605.834137313114,1462.795832081283,143.03830523183115,5.0,6.0,-1.0,1.3333333333333333,1.0,1.1473478,1.2777906,0.38536979999999993,0.0
471,2016-2017,2017-02-04 14:30:00,FC Cologne,Wolfsburg,1,0,1.1942,0.620852,0,1637.4946231581052,1534.0886725510707,103.40595060703458,6.0,6.0,0.0,1.4666666666666666,1.0,1.476928866666667,1.2016223333333333,-0.01166640000000001,0.0
472,2016-2017,2017-02-04 14:30:00,Borussia M.Gladbach,Freiburg,3,0,1.86188,0.546023,0,1573.3530432794942,1564.1304588574858,9.222584422008367,6.0,5.0,1.0,0.7333333333333333,1.3333333333333333,1.1585232666666667,1.1866264666666666,-0.5101626,0.0
473,2016-2017,2017-02-04 14:30:00,Bayern Munich,Schalke 04,1,1,1.20803,0.933229,1,1952.3009957002205,1578.5241630651426,373.7768326350779,6.0,7.0,-1.0,2.066666666666667,1.4,1.9408345333333334,1.3640575333333333,0.5183855,0.0
474,2016-2017,2017-02-04 17:30:00,Borussia Dortmund,RasenBallsport Leipzig,1,0,3.12438,0.0680623,0,1778.7178032580007,1765.9580137902055,12.759789467795144,5.0,7.0,-2.0,2.0,1.9333333333333333,1.9392180666666667,1.7317332666666667,-0.31851070000000004,0.0
475,2016-2017,2017-02-05 14:30:00,Augsburg,Werder Bremen,3,2,1.59519,2.32944,0,1543.8288051472211,1503.2684398563865,40.560365290834625,7.0,7.0,0.0,0.8,1.3333333333333333,0.8850756666666667,1.1012015333333334,-0.2623435,0.0
476,2016-2017,2017-02-05 16:30:00,Eintracht Frankfurt,Darmstadt,2,0,2.40111,0.250504,0,1636.6083836888622,1365.8468244376747,270.76155925118746,8.0,7.0,1.0,1.3333333333333333,0.7333333333333333,0.9744061333333335,1.0720813333333334,0.7018768999999999,0.0
477,2016-2017,2017-02-10 19:30:00,Mainz 05,Augsburg,2,0,1.63564,0.427462,0,1556.208423071648,1553.687231095062,2.5211919765858966,6.0,5.0,1.0,1.1333333333333333,1.0,1.2060520666666668,0.9760506666666668,0.09712230000000001,0.0
478,2016-2017,2017-02-11 14:30:00,Bayer Leverkusen,Eintracht Frankfurt,3,0,2.54416,0.632868,0,1611.6972898322572,1641.6872552833688,-29.98996545111163,7.0,5.0,2.0,1.5333333333333334,1.3333333333333333,1.3928671333333331,1.1110070666666667,-0.06345360000000003,0.0
479,2016-2017,2017-02-11 14:30:00,Darmstadt,Borussia Dortmund,2,1,1.93475,0.746753,0,1360.7679528431681,1789.6999772302795,-428.93202438711137,5.0,6.0,-1.0,0.6666666666666666,1.7333333333333334,0.9802409333333332,1.9913467333333335,-0.49210810000000005,0.0
480,2016-2017,2017-02-11 14:30:00,FC Ingolstadt 04,Bayern Munich,0,2,0.436757,1.89105,2,1456.4608451106212,1938.2652441611276,-481.8043990505064,7.0,7.0,0.0,1.0,1.9333333333333333,1.260522733333333,1.8402225333333333,-0.6582129000000001,0.0
481,2016-2017,2017-02-11 14:30:00,RasenBallsport Leipzig,Hamburger SV,0,3,1.39703,1.4821,2,1754.9758398179267,1480.1203969952485,274.85544282267824,6.0,7.0,-1.0,1.8666666666666667,0.9333333333333333,1.6304827533333335,1.028460333333333,0.25337127000000004,0.0
482,2016-2017,2017-02-11 14:30:00,Werder Bremen,Borussia M.Gladbach,0,1,1.06174,1.32359,2,1493.4100139085456,1592.8296898895733,-99.4196759810277,6.0,7.0,-1.0,1.4,0.8666666666666667,1.1954308666666666,1.2676978,0.29200019999999993,0.0
483,2016-2017,2017-02-11 17:30:00,Schalke 04,Hertha Berlin,2,0,1.20548,0.577284,0,1592.5599146042355,1612.1691242837758,-19.6092096795403,7.0,7.0,0.0,1.4,1.4,1.3345301333333335,1.1911652666666666,-0.2934477999999999,0.0
484,2016-2017,2017-02-12 14:30:00,Wolfsburg,Hoffenheim,2,1,2.33121,0.874317,0,1526.5145104701214,1671.6979972766728,-145.1834868065514,8.0,8.0,0.0,0.9333333333333333,1.8666666666666667,1.0622877999999998,1.7760685333333333,-0.4803885,0.0
485,2016-2017,2017-02-12 16:30:00,Freiburg,FC Cologne,2,1,0.928509,1.74238,0,1544.6538122474067,1645.0687852390545,-100.4149729916478,8.0,8.0,0.0,1.2666666666666666,1.3333333333333333,1.104166,1.4772922,0.06833360000000001,0.0
486,2016-2017,2017-02-17 19:30:00,Augsburg,Bayer Leverkusen,1,3,1.44908,3.27707,2,1536.5705138190408,1634.130292490402,-97.5597786713613,7.0,6.0,1.0,0.9333333333333333,1.5333333333333334,0.8742328,1.4467458,-0.004021400000000092,0.0
487,2016-2017,2017-02-18 14:30:00,Mainz 05,Werder Bremen,0,2,0.855557,0.560453,2,1573.3251403476693,1477.3832890246952,95.94185132297412,7.0,7.0,0.0,1.1333333333333333,1.2666666666666666,1.1991514000000003,1.1919028666666667,0.04350469999999998,0.0
488,2016-2017,2017-02-18 14:30:00,Hertha Berlin,Bayern Munich,1,1,0.925318,1.28308,1,1593.6252978330253,1943.0625741244828,-349.43727629145747,6.0,7.0,-1.0,1.2,2.0,1.1515455333333333,1.8247751999999997,-0.44972900000000005,0.0
489,2016-2017,2017-02-18 14:30:00,Hoffenheim,Darmstadt,2,0,1.73239,0.316848,0,1653.6288724561523,1388.580828708676,265.0480437474762,6.0,7.0,-1.0,1.8,0.8,1.7100296666666668,1.1005664000000002,1.028049,0.0
490,2016-2017,2017-02-18 14:30:00,Eintracht Frankfurt,FC Ingolstadt 04,0,2,2.1199,1.37301,2,1619.2542526252237,1451.663515147266,167.59073747795765,7.0,7.0,0.0,1.1333333333333333,1.0,1.0527762666666667,1.2539652666666667,0.35214900000000005,0.0
491,2016-2017,2017-02-18 14:30:00,Borussia Dortmund,Wolfsburg,3,0,2.5227,0.213682,0,1761.8871013647715,1544.583635290642,217.30346607412957,7.0,6.0,1.0,1.6,1.0,1.8255769333333334,1.1854738666666667,-0.07672120000000002,0.0
492,2016-2017,2017-02-18 17:30:00,Hamburger SV,Freiburg,2,2,1.63591,0.940296,1,1530.318755258466,1560.6729224508106,-30.354167192344676,7.0,6.0,1.0,1.1333333333333333,1.3333333333333333,1.1069379333333333,1.0958106,-0.11407029999999999,0.0
493,2016-2017,2017-02-19 14:30:00,Borussia M.Gladbach,RasenBallsport Leipzig,1,2,1.38933,0.75509,2,1608.8564147734237,1704.7774815547093,-95.92106678128562,8.0,8.0,0.0,0.8,1.8,1.2771524666666667,1.6689772866666668,-0.29402967000000013,0.0
494,2016-2017,2017-02-19 16:30:00,FC Cologne,Schalke 04,1,1,0.302197,1.77578,1,1629.0496750356506,1611.103741054986,17.945933980664677,7.0,7.0,0.0,1.3333333333333333,1.4666666666666666,1.5689946000000001,1.3450901333333336,0.013397799999999987,0.0
495,2016-2017,2017-02-24 19:30:00,Wolfsburg,Werder Bremen,1,2,2.1184,1.05277,2,1536.8192180594294,1513.6452273595696,23.173990699859814,6.0,6.0,0.0,1.0,1.2666666666666666,1.111514,1.1262490666666665,-0.3777587,0.0
496,2016-2017,2017-02-25 14:30:00,RasenBallsport Leipzig,FC Cologne,3,1,0.94132,0.696948,0,1720.9653147415838,1623.8175273670715,97.14778737451229,6.0,5.0,1.0,1.8,1.3333333333333333,1.6498112866666668,1.5291947999999997,0.27815097000000005,0.0
497,2016-2017,2017-02-25 14:30:00,Freiburg,Borussia Dortmund,0,3,0.318406,5.0778,2,1563.837951327031,1769.651518595984,-205.81356726895297,6.0,7.0,-1.0,1.4,1.8,1.1275092,1.9379271333333334,0.5262122,0.0
498,2016-2017,2017-02-25 14:30:00,Darmstadt,Augsburg,1,2,0.680607,1.81789,2,1383.3506414387937,1512.4019520730926,-129.05131063429894,7.0,7.0,0.0,0.6666666666666666,0.9333333333333333,1.0365076,0.9499170666666668,-0.46264960000000005,0.0
499,2016-2017,2017-02-25 14:30:00,Bayer Leverkusen,Mainz 05,0,2,1.00907,1.36951,2,1658.2988542363503,1537.0632020127946,121.23565222355569,7.0,7.0,0.0,1.6,1.1333333333333333,1.563418466666667,1.239090866666667,-0.015579499999999996,0.0
500,2016-2017,2017-02-25 14:30:00,Bayern Munich,Hamburger SV,8,0,3.61743,0.228928,0,1933.2124853662015,1527.1537263822454,406.05875898395607,7.0,6.0,1.0,2.0,1.2666666666666666,1.7632718666666667,1.1418352666666667,0.3590146000000001,0.0
501,2016-2017,2017-02-25 17:30:00,Hertha Berlin,Eintracht Frankfurt,2,0,0.743606,0.550767,0,1603.4753865913067,1579.7253217332618,23.75006485804488,7.0,7.0,0.0,1.1333333333333333,1.1333333333333333,1.0503894,1.1463880666666668,0.3013669,0.0
502,2016-2017,2017-02-26 14:30:00,FC Ingolstadt 04,Borussia M.Gladbach,0,2,0.876174,1.15857,2,1491.192446039228,1592.6685815865492,-101.47613554732129,8.0,7.0,1.0,1.0666666666666667,0.8666666666666667,1.1976605999999999,1.3162934666666666,-0.1716009,0.0
503,2016-2017,2017-02-26 16:30:00,Schalke 04,Hoffenheim,1,1,0.282474,0.907791,1,1616.335888723565,1658.8590597260347,-42.52317100246978,7.0,8.0,-1.0,1.2666666666666666,1.8,1.259937466666667,1.6047476666666667,-0.5525167,0.0
504,2016-2017,2017-03-03 19:30:00,Augsburg,RasenBallsport Leipzig,2,2,0.825387,1.38005,1,1527.0671990595772,1732.6419273926183,-205.5747283330411,6.0,6.0,0.0,1.0,1.9333333333333333,1.0434896666666669,1.5911972866666668,-0.10585876999999998,0.0
505,2016-2017,2017-03-04 14:30:00,Werder Bremen,Darmstadt,2,0,1.99892,1.68003,0,1535.0913212503126,1368.685394452309,166.40592679800352,7.0,7.0,0.0,1.2666666666666666,0.6666666666666666,1.0951570666666666,0.9531300666666666,0.6703959000000002,0.0
506,2016-2017,2017-03-04 14:30:00,Hoffenheim,FC Ingolstadt 04,5,2,2.00625,0.755565,0,1661.4820804533467,1467.2944132568832,194.1876671964635,5.0,6.0,-1.0,1.7333333333333334,1.0,1.5031604,1.1845621999999998,0.4329326,0.0
507,2016-2017,2017-03-04 14:30:00,Mainz 05,Wolfsburg,1,1,0.943015,0.753265,1,1574.5678697567446,1515.3731241686864,59.19474558805814,7.0,7.0,0.0,1.1333333333333333,1.0666666666666667,1.1393742,1.2071228,0.31632229999999995,0.0
508,2016-2017,2017-03-04 14:30:00,Borussia Dortmund,Bayer Leverkusen,6,2,4.87346,0.634697,0,1789.3781806308664,1620.7941864924003,168.5839941384661,7.0,7.0,0.0,1.9333333333333333,1.5333333333333334,2.1028911333333333,1.5941494666666671,-0.0705392,0.0
509,2016-2017,2017-03-04 14:30:00,FC Cologne,Bayern Munich,0,3,0.184391,1.609,2,1612.140914716037,1937.127196710778,-324.9862819947409,7.0,7.0,0.0,1.2666666666666666,2.4,1.3102399999999998,1.9058871999999998,-0.8659933000000002,0.0
510,2016-2017,2017-03-04 17:30:00,Borussia M.Gladbach,Schalke 04,4,2,3.02164,1.29836,0,1616.5666143688939,1613.712867996253,2.8537463726408987,6.0,6.0,0.0,1.0,1.2666666666666666,1.1627541333333333,1.2298644000000003,0.22570099999999998,0.0
511,2016-2017,2017-03-05 14:30:00,Eintracht Frankfurt,Freiburg,1,2,1.72726,1.64187,2,1563.9296260103308,1544.1112892921487,19.81833671818208,7.0,8.0,-1.0,1.0,1.3333333333333333,1.0487332,1.091366,-0.6797634,0.0
512,2016-2017,2017-03-05 16:30:00,Hamburger SV,Hertha Berlin,1,0,0.696504,0.385743,0,1523.2390150376689,1619.2710823142377,-96.0320672765688,8.0,7.0,1.0,1.2666666666666666,1.2,1.1431029333333333,1.0336406,-0.08900560000000002,0.0
513,2016-2017,2017-03-10 19:30:00,Bayer Leverkusen,Werder Bremen,1,1,1.64424,0.977419,1,1610.2551164206084,1543.6100745426863,66.64504187792204,6.0,6.0,0.0,1.6666666666666667,1.3333333333333333,1.5965585333333334,1.1675034000000002,-0.10004190000000002,0.0
514,2016-2017,2017-03-11 14:30:00,RasenBallsport Leipzig,Wolfsburg,0,1,0.594929,1.70049,2,1727.9243463991693,1522.2309715862646,205.69337481290472,7.0,7.0,0.0,1.8666666666666667,1.0666666666666667,1.4607879533333337,1.2188153333333331,0.57596767,0.0
515,2016-2017,2017-03-11 14:30:00,Bayern Munich,Eintracht Frankfurt,3,0,2.93121,0.753534,0,1949.1664457387424,1542.6206079465396,406.54583779220275,7.0,6.0,1.0,2.466666666666667,0.8666666666666667,1.8975851999999997,1.0764712,1.3998909,0.0
516,2016-2017,2017-03-11 14:30:00,Darmstadt,Mainz 05,2,1,1.66213,1.29857,0,1360.1666411599354,1567.7100223391665,-207.54338117923112,7.0,7.0,0.0,0.4666666666666667,1.2,0.9731114,1.1364142666666666,-0.49588129999999997,0.0
517,2016-2017,2017-03-11 14:30:00,Freiburg,Hoffenheim,1,1,1.14554,1.59538,1,1565.42030735594,1670.1799270572683,-104.75961970132835,6.0,7.0,-1.0,1.3333333333333333,1.8666666666666667,1.0987766666666665,1.4831670666666668,-0.22003859999999992,0.0
518,2016-2017,2017-03-11 14:30:00,Hertha Berlin,Borussia Dortmund,2,1,1.73774,1.08133,0,1603.453804424892,1799.9172507026583,-196.46344627776625,5.0,7.0,-2.0,1.0666666666666667,2.1333333333333333,0.9636748,2.2600311333333334,0.36529,0.0
519,2016-2017,2017-03-11 17:30:00,FC Ingolstadt 04,FC Cologne,2,2,1.42995,1.28155,1,1458.5965666529617,1600.1016656880727,-141.50509903511102,7.0,7.0,0.0,0.9333333333333333,1.2,1.1220498666666667,1.232106733333333,-0.07808760000000009,0.0
520,2016-2017,2017-03-12 14:30:00,Schalke 04,Augsburg,3,0,3.76518,1.05335,0,1596.6172273782697,1531.7847800530262,64.83244732524349,7.0,8.0,-1.0,1.2,1.0666666666666667,1.2356243999999998,1.0165114666666668,-0.11499959999999995,0.0
521,2016-2017,2017-03-12 16:30:00,Hamburger SV,Borussia M.Gladbach,2,1,1.4575,1.31382,0,1539.0562929270145,1633.662254986877,-94.60596205986258,7.0,7.0,0.0,1.3333333333333333,1.2666666666666666,1.1786273333333332,1.3308788,-0.04633509999999999,0.0
522,2016-2017,2017-03-17 19:30:00,Borussia Dortmund,FC Ingolstadt 04,1,0,0.574065,1.37608,0,1779.5856785721965,1460.4989062697273,319.08677230246917,6.0,6.0,0.0,2.2,1.0666666666666667,2.2777196666666666,1.2029175333333335,-0.5016724999999999,0.0
523,2016-2017,2017-03-18 14:30:00,Augsburg,Freiburg,1,1,1.13915,1.03907,1,1516.1542961035589,1565.6394822326804,-49.48518612912153,6.0,7.0,-1.0,1.0,1.2,1.0384109333333333,1.0610566666666668,-0.25462300000000004,0.0
524,2016-2017,2017-03-18 14:30:00,FC Cologne,Hertha Berlin,4,2,1.0584,1.69998,0,1598.199326071307,1623.7853765553539,-25.586050484046837,6.0,7.0,-1.0,1.1333333333333333,1.2,1.1221354000000001,1.0627330000000001,0.1495807,0.0
525,2016-2017,2017-03-18 14:30:00,Hoffenheim,Bayer Leverkusen,1,0,1.75958,0.992443,0,1669.9607521805278,1603.1197941078156,66.84095807271228,7.0,7.0,0.0,1.8666666666666667,1.6,1.4042877333333335,1.564761866666667,0.38439629999999997,0.0
526,2016-2017,2017-03-18 14:30:00,Werder Bremen,RasenBallsport Leipzig,3,0,1.39387,0.689398,0,1550.7453968554792,1700.6227895459538,-149.8773926904746,7.0,7.0,0.0,1.3333333333333333,1.7333333333333334,1.1463793333333334,1.3908738866666668,0.012202829999999998,0.0
527,2016-2017,2017-03-18 14:30:00,Wolfsburg,Darmstadt,1,0,2.27784,0.745708,0,1549.53252843948,1380.9668614333716,168.56566700610847,7.0,7.0,0.0,1.0666666666666667,0.6,1.2579413333333334,1.0706132,0.04267510000000013,0.0
528,2016-2017,2017-03-18 17:30:00,Eintracht Frankfurt,Hamburger SV,0,0,1.03591,0.134726,1,1539.7437453382702,1554.8079082560873,-15.064162917817157,7.0,6.0,1.0,0.8666666666666667,1.4666666666666666,1.1007989333333332,1.2552896,-0.7238854000000001,0.0
529,2016-2017,2017-03-19 14:30:00,Mainz 05,Schalke 04,0,1,0.645262,1.04603,2,1546.9098020657302,1612.247711327737,-65.33790926200686,8.0,7.0,1.0,1.1333333333333333,1.4,1.0756042666666668,1.4555370666666667,-0.02830500000000002,0.0
530,2016-2017,2017-03-19 16:30:00,Borussia M.Gladbach,Bayern Munich,0,1,0.75605,2.21621,2,1617.9106396578043,1952.0433083470118,-334.13266868920755,7.0,8.0,-1.0,1.3333333333333333,2.466666666666667,1.378089333333333,1.8614632,-0.510754,0.0
531,2016-2017,2017-03-31 19:30:00,Hertha Berlin,Hoffenheim,1,3,0.269789,3.16527,2,1604.8485246947196,1678.8182037453148,-73.96967905059523,13.0,13.0,0.0,1.1333333333333333,1.8666666666666667,1.0649970000000002,1.5051490666666667,-0.2141034,0.0
532,2016-2017,2017-04-01 14:30:00,Bayern Munich,Augsburg,6,0,3.67736,0.186673,0,1958.6428030484014,1513.844257531881,444.79854551652033,12.0,14.0,-2.0,2.466666666666667,0.9333333333333333,1.9094805333333333,1.0371596,0.5028945,0.0
533,2016-2017,2017-04-01 14:30:00,Freiburg,Werder Bremen,2,5,1.76818,1.03239,2,1567.9495208043581,1582.737651808613,-14.788131004254865,14.0,14.0,0.0,1.2666666666666666,1.4666666666666666,1.0692479333333333,1.1716840000000002,-0.007875099999999968,0.0
534,2016-2017,2017-04-01 14:30:00,Hamburger SV,FC Cologne,2,1,1.36149,1.13052,0,1558.643246841454,1617.1361779319413,-58.492931090487446,13.0,14.0,-1.0,1.3333333333333333,1.4,1.2165205333333333,1.1501566666666667,-0.4504766000000001,0.0
535,2016-2017,2017-04-01 14:30:00,RasenBallsport Leipzig,Darmstadt,4,0,4.00225,1.05189,0,1668.63053459282,1375.3455352100586,293.28499938276127,14.0,14.0,0.0,1.5333333333333334,0.4666666666666667,1.238163753333333,1.0627772,0.62102557,0.0
536,2016-2017,2017-04-01 14:30:00,Schalke 04,Borussia Dortmund,1,1,0.578624,0.916317,1,1629.8386846921094,1782.216964262057,-152.3782795699476,13.0,14.0,-1.0,1.2666666666666666,1.9333333333333333,1.3353777333333332,2.1236013333333337,0.3622323999999999,0.0
537,2016-2017,2017-04-01 17:30:00,Eintracht Frankfurt,Borussia M.Gladbach,0,0,2.70815,0.205804,1,1535.9084067529036,1611.3111449564146,-75.40273820351103,14.0,13.0,1.0,0.8,1.3333333333333333,1.1125030666666667,1.3860917333333331,-0.548905,0.0
538,2016-2017,2017-04-02 14:30:00,FC Ingolstadt 04,Mainz 05,2,1,1.5092,0.767112,0,1457.8676205798668,1529.318828701358,-71.45120812149116,14.0,14.0,0.0,1.0666666666666667,1.0666666666666667,1.255496266666667,1.0845796666666667,0.2870643,0.0
539,2016-2017,2017-04-02 16:30:00,Bayer Leverkusen,Wolfsburg,3,3,0.779828,1.79787,1,1594.2623425430286,1555.153854662793,39.10848788023554,14.0,14.0,0.0,1.4,0.9333333333333333,1.5859895333333336,1.2680753333333332,0.43736330000000007,0.0
540,2016-2017,2017-04-04 19:00:00,Hoffenheim,Bayern Munich,1,0,0.972676,1.89107,0,1704.6129577669046,1961.474457979328,-256.8615002124234,3.0,3.0,0.0,1.9333333333333333,2.8666666666666667,1.5615724,2.092670266666667,-0.5459732999999998,0.0
541,2016-2017,2017-04-04 19:00:00,Borussia Dortmund,Hamburger SV,3,0,3.96885,1.01065,0,1779.8229645609838,1572.7408177910706,207.08214676991315,3.0,3.0,0.0,1.9333333333333333,1.3333333333333333,2.0811211333333337,1.1872092,-0.5694916999999999,0.0
542,2016-2017,2017-04-04 19:00:00,FC Cologne,Eintracht Frankfurt,1,0,0.731269,0.651039,0,1603.0386069823246,1534.7775497005825,68.26105728174207,3.0,3.0,0.0,1.3333333333333333,0.6666666666666666,1.1979878666666666,1.1850370666666667,1.4691336000000002,0.0
543,2016-2017,2017-04-04 19:00:00,Werder Bremen,Schalke 04,3,0,2.02275,0.731092,0,1617.4704576458237,1632.2326843931826,-14.762226747358909,3.0,3.0,0.0,1.7333333333333334,1.2666666666666666,1.171702,1.29901,0.7696725,0.0
544,2016-2017,2017-04-05 19:00:00,Wolfsburg,Freiburg,0,1,1.9679,0.859006,2,1561.2383273630012,1533.2167149671475,28.021612395853708,3.0,4.0,-1.0,1.1333333333333333,1.2666666666666666,1.3697075333333333,1.0229859333333333,-0.6822249999999999,0.0
545,2016-2017,2017-04-05 19:00:00,Darmstadt,Bayer Leverkusen,0,2,0.548735,2.05324,2,1369.69625871368,1588.1778698428204,-218.48161112914045,4.0,3.0,1.0,0.4666666666666667,1.4666666666666666,1.0045385333333334,1.5145200666666667,-0.6800698,0.0
546,2016-2017,2017-04-05 19:00:00,Mainz 05,RasenBallsport Leipzig,2,3,2.90081,1.62551,2,1514.6305981634737,1674.2798110891986,-159.6492129257249,3.0,4.0,-1.0,0.8666666666666667,1.6,0.9683464666666668,1.4296297533333333,-0.32157737,0.0
547,2016-2017,2017-04-05 19:00:00,Augsburg,FC Ingolstadt 04,2,3,1.36168,1.76551,2,1511.0126026009546,1472.555851117751,38.45675148320356,4.0,3.0,1.0,0.9333333333333333,1.1333333333333333,0.9762444666666669,1.2771702666666669,-0.07606740000000003,0.0
548,2016-2017,2017-04-05 19:00:00,Borussia M.Gladbach,Hertha Berlin,1,0,1.82471,0.863378,0,1612.4420020087357,1579.0537706731297,33.38823133560595,4.0,4.0,0.0,1.2666666666666666,1.2,1.263364,0.9882082666666666,-0.13299539999999999,0.0
549,2016-2017,2017-04-07 19:30:00,Eintracht Frankfurt,Werder Bremen,2,2,2.5197,0.550904,1,1525.9723678647679,1638.7356849140197,-112.76331704925178,3.0,3.0,0.0,0.5333333333333333,1.8,1.1826839333333332,1.2256213333333332,-1.6826267000000001,0.0
550,2016-2017,2017-04-08 14:30:00,Schalke 04,Wolfsburg,4,1,1.64298,1.59019,0,1610.9674571249866,1539.5958024139677,71.37165471101889,3.0,2.0,1.0,1.0666666666666667,1.0666666666666667,1.1656294666666667,1.4672990666666665,0.5060203000000001,0.0
551,2016-2017,2017-04-08 14:30:00,Hamburger SV,Hoffenheim,2,1,0.920754,1.40908,0,1564.5744651375624,1727.3828431503669,-162.8083780128045,3.0,3.0,0.0,1.2,1.9333333333333333,1.1097385333333336,1.5712452666666665,-0.1354429,0.0
552,2016-2017,2017-04-08 14:30:00,FC Cologne,Borussia M.Gladbach,2,3,0.968922,0.615319,2,1611.8437888181393,1622.5842610151378,-10.740472196998553,3.0,2.0,1.0,1.4,1.2666666666666666,1.1543004666666665,1.2620113333333334,0.5161529,0.0
553,2016-2017,2017-04-08 14:30:00,Freiburg,Mainz 05,1,0,0.937258,0.851206,0,1554.859239916181,1501.3508711911354,53.50836872504556,2.0,2.0,0.0,1.2666666666666666,0.9333333333333333,1.0346932,1.0602444666666668,0.5186329000000001,0.0
554,2016-2017,2017-04-08 14:30:00,RasenBallsport Leipzig,Bayer Leverkusen,1,0,1.51489,0.629889,0,1687.5595380615368,1604.296618698267,83.26291936326993,2.0,2.0,0.0,1.5333333333333334,1.5333333333333334,1.4109710866666665,1.5668740666666665,0.17965647000000004,0.0
555,2016-2017,2017-04-08 17:30:00,Bayern Munich,Borussia Dortmund,4,1,1.9556,0.696828,0,1938.7045725958658,1787.989317214492,150.7152553813737,3.0,3.0,0.0,2.7333333333333334,2.066666666666667,2.1062195999999997,2.2345384666666663,0.9065490999999998,0.0
556,2016-2017,2017-04-09 14:30:00,Hertha Berlin,Augsburg,2,0,1.87729,0.668736,0,1568.9115116667276,1488.953821429456,79.95769023727166,3.0,3.0,0.0,1.0666666666666667,1.0666666666666667,0.9367854666666666,1.0331504666666667,0.0346244,0.0
557,2016-2017,2017-04-09 16:30:00,FC Ingolstadt 04,Darmstadt,3,2,3.65862,0.980139,0,1494.6146322892496,1353.5775098582335,141.0371224310161,3.0,3.0,0.0,1.2666666666666666,0.4,1.1490102666666668,0.9567615333333334,0.6969969,0.0
558,2016-2017,2017-04-15 14:30:00,Augsburg,FC Cologne,2,1,1.08513,1.39565,0,1476.3807950158027,1591.8213458212142,-115.44055080541148,6.0,7.0,-1.0,1.0,1.5333333333333334,1.0329852666666668,1.0964772666666667,-0.4233821000000001,0.0
559,2016-2017,2017-04-15 14:30:00,Borussia Dortmund,Eintracht Frankfurt,3,1,2.56997,0.981383,0,1777.2907862679103,1526.5598760758344,250.73091019207595,6.0,7.0,-1.0,1.8666666666666667,0.6,2.121531666666667,1.3246110666666666,0.7517755000000002,0.0
560,2016-2017,2017-04-15 14:30:00,Hoffenheim,Borussia M.Gladbach,5,3,2.0053,2.23834,0,1708.5215125055968,1642.606704012063,65.91480849353388,7.0,7.0,0.0,1.7333333333333334,1.4,1.5206966,1.2542682666666667,0.06147089999999994,0.0
561,2016-2017,2017-04-15 14:30:00,Mainz 05,Hertha Berlin,1,0,1.02606,0.261043,0,1491.9934684770317,1581.4845380803808,-89.49106960334916,7.0,6.0,1.0,0.8666666666666667,1.0,1.0853028666666669,0.9587241333333333,-0.42709929999999996,0.0
562,2016-2017,2017-04-15 14:30:00,RasenBallsport Leipzig,Freiburg,4,0,1.19051,0.690412,0,1695.82438391698,1564.2166426302847,131.60774128669527,7.0,7.0,0.0,1.4666666666666666,1.2666666666666666,1.3863904200000001,1.0571935333333333,0.015562869999999979,0.0
563,2016-2017,2017-04-15 14:30:00,Wolfsburg,FC Ingolstadt 04,3,0,1.60835,0.155444,0,1524.3859209207596,1501.0083531224639,23.377567798295786,7.0,5.0,2.0,1.0,1.4,1.4975230666666666,1.3197822666666668,-0.5667776,0.0
564,2016-2017,2017-04-15 17:30:00,Bayer Leverkusen,Bayern Munich,0,0,0.380752,2.14432,1,1596.0317728428238,1949.4031035424475,-353.37133069962374,7.0,7.0,0.0,1.4666666666666666,2.8,1.3881579999999998,2.1248915999999998,-0.6543503000000002,0.0
565,2016-2017,2017-04-16 14:30:00,Werder Bremen,Hamburger SV,2,1,1.74435,0.695911,0,1638.1481767029532,1583.4357957823324,54.71238092062072,8.0,8.0,0.0,1.8,1.2,1.1133096,1.0297861333333336,0.6043606,0.0
566,2016-2017,2017-04-16 16:30:00,Darmstadt,Schalke 04,2,1,1.48412,2.79502,0,1347.1837890250192,1626.1773386181947,-278.99354959317543,7.0,8.0,-1.0,0.5333333333333333,1.2666666666666666,0.9842665333333334,1.1999394666666667,-0.5592112,0.0
567,2016-2017,2017-04-21 19:30:00,FC Cologne,Hoffenheim,1,1,1.18729,1.16684,1,1575.1107499369857,1721.8589776632948,-146.7482277263091,6.0,6.0,0.0,1.5333333333333334,2.066666666666667,1.1291622,1.6401975333333334,-0.006419299999999906,0.0
568,2016-2017,2017-04-22 14:30:00,FC Ingolstadt 04,Werder Bremen,2,4,2.2262,2.20579,2,1482.5535200843633,1647.4597555163327,-164.90623543196944,7.0,6.0,1.0,1.3333333333333333,1.8666666666666667,1.2916528,1.1381995999999999,-0.8940743999999999,0.0
569,2016-2017,2017-04-22 14:30:00,Hertha Berlin,Wolfsburg,1,0,1.98048,1.57197,0,1565.9683446757515,1542.8407539588602,23.12759071689129,7.0,7.0,0.0,1.0,1.2,0.9413306,1.5765566000000002,0.4018025999999999,0.0
570,2016-2017,2017-04-22 14:30:00,Hamburger SV,Darmstadt,1,2,1.14997,1.31693,2,1574.1242169689529,1370.7673910456344,203.3568259233184,6.0,5.0,1.0,1.2,0.6666666666666666,1.0170744666666667,1.0429028,0.5460484,0.0
571,2016-2017,2017-04-22 14:30:00,Bayern Munich,Mainz 05,2,2,0.916519,1.75151,1,1939.441292029888,1507.509661881661,431.931630148227,6.0,7.0,-1.0,2.466666666666667,0.9333333333333333,2.122224266666667,1.1183179333333333,0.7076411999999999,0.0
572,2016-2017,2017-04-22 14:30:00,Eintracht Frankfurt,Augsburg,3,1,2.01622,0.793224,0,1520.9330473833973,1493.0913909000312,27.841656483366023,7.0,7.0,0.0,0.6666666666666666,1.1333333333333333,1.3511748,1.0418118666666667,-0.9665972999999999,0.0
573,2016-2017,2017-04-22 17:30:00,Borussia M.Gladbach,Borussia Dortmund,2,3,0.855144,1.94133,2,1629.2692388543649,1782.9176149603475,-153.6483761059826,7.0,7.0,0.0,1.5333333333333334,2.0,1.3797711333333333,2.2435128666666673,0.21808999999999998,0.0
574,2016-2017,2017-04-23 14:30:00,Freiburg,Bayer Leverkusen,2,1,1.0518,1.14702,0,1551.699219643498,1605.9935843553833,-54.29436471188524,8.0,7.0,1.0,1.2,1.4,0.9955670000000001,1.3314114666666663,0.16768420000000006,0.0
575,2016-2017,2017-04-23 16:30:00,Schalke 04,RasenBallsport Leipzig,1,1,0.768932,0.73343,1,1602.5937365975794,1708.3418069037666,-105.74807030618717,7.0,8.0,-1.0,1.3333333333333333,1.7333333333333334,1.339667666666667,1.3648877533333335,-0.4030043,0.0
576,2016-2017,2017-04-28 19:30:00,Bayer Leverkusen,Schalke 04,1,4,1.26441,2.46126,2,1592.0863482538784,1602.8584208688483,-10.77207261496983,5.0,5.0,0.0,1.4,1.3333333333333333,1.3697816666666667,1.327045466666667,-0.08637770000000003,0.0
577,2016-2017,2017-04-29 14:30:00,Borussia Dortmund,FC Cologne,0,0,2.67669,0.275427,1,1796.4664661210884,1577.250686923072,219.21577919801643,6.0,7.0,-1.0,2.066666666666667,1.5333333333333334,2.2736435333333334,1.0850441999999998,-0.4285513000000001,0.0
578,2016-2017,2017-04-29 14:30:00,Darmstadt,Freiburg,3,0,1.61424,1.11673,0,1398.0147748427314,1565.606455745003,-167.5916809022715,7.0,6.0,1.0,0.8,1.2666666666666666,1.0727204000000001,0.9820170000000001,-0.3075299,0.0
579,2016-2017,2017-04-29 14:30:00,Mainz 05,Borussia M.Gladbach,1,2,2.1399,1.22816,2,1522.079251878479,1615.720387693624,-93.64113581514493,7.0,6.0,1.0,0.8666666666666667,1.6666666666666667,1.1440552666666666,1.4178531333333335,-0.6029884999999999,0.0
580,2016-2017,2017-04-29 14:30:00,RasenBallsport Leipzig,FC Ingolstadt 04,0,0,1.50493,0.593622,1,1708.0771226324978,1462.9856433278624,245.0914793046354,5.0,7.0,-2.0,1.6666666666666667,1.3333333333333333,1.3043550866666667,1.2872308,0.5698375999999999,0.0
581,2016-2017,2017-04-29 14:30:00,Werder Bremen,Hertha Berlin,2,0,1.83478,0.761313,0,1667.0276322728337,1576.5241401014734,90.50349217136022,7.0,7.0,0.0,2.066666666666667,1.0666666666666667,1.2600687999999998,1.0600447333333334,1.2204750999999998,0.0
582,2016-2017,2017-04-29 17:30:00,Wolfsburg,Bayern Munich,0,6,0.364748,2.26407,2,1532.2849585331383,1924.87170203307,-392.5867434999318,7.0,7.0,0.0,1.1333333333333333,2.533333333333333,1.5643939333333334,2.1021442,-1.0358158,0.0
583,2016-2017,2017-04-30 14:30:00,Augsburg,Hamburger SV,4,0,2.14215,0.294926,0,1477.5442914239818,1546.8768331718559,-69.33254174787407,8.0,8.0,0.0,1.1333333333333333,1.2,1.0714454666666666,1.0337035333333333,-0.10879569999999997,0.0
584,2016-2017,2017-04-30 16:30:00,Hoffenheim,Eintracht Frankfurt,1,0,0.595004,0.172208,0,1719.7190406772086,1536.4801468594467,183.2388938177619,8.0,8.0,0.0,2.0,0.8666666666666667,1.6151215333333335,1.3929348,1.2343305999999998,0.0
585,2016-2017,2017-05-05 19:30:00,FC Cologne,Werder Bremen,4,3,2.86367,1.59994,0,1588.8557792497095,1679.0455154662989,-90.18973621658938,6.0,6.0,0.0,1.4666666666666666,2.1333333333333333,1.0553314666666667,1.3459795333333333,-0.7096424,0.0
586,2016-2017,2017-05-06 14:30:00,FC Ingolstadt 04,Bayer Leverkusen,1,1,0.432267,1.38231,1,1475.1255800957665,1557.0494587971862,-81.92387870141965,7.0,7.0,0.0,1.2666666666666666,1.4,1.2411855999999999,1.357283,0.018922400000000034,0.0
587,2016-2017,2017-05-06 14:30:00,Eintracht Frankfurt,Wolfsburg,0,2,1.14243,1.41291,2,1531.239565785765,1521.6408111083429,9.598754677422221,5.0,6.0,-1.0,0.6666666666666666,1.0,1.2868866666666667,1.437899133333333,-0.13651480000000005,0.0
588,2016-2017,2017-05-06 14:30:00,Borussia Dortmund,Hoffenheim,2,1,2.58723,1.03413,0,1784.8613737944509,1724.9596217508902,59.90175204356069,7.0,5.0,2.0,2.0,2.0,2.3199655333333333,1.5540824666666668,-0.6793468999999999,0.0
589,2016-2017,2017-05-06 14:30:00,Bayern Munich,Darmstadt,1,0,2.4342,1.1907,0,1935.5158494578654,1431.3943237575054,504.12152570036005,6.0,7.0,-1.0,2.7333333333333334,1.0,1.9249455333333334,1.1085864,0.9541739999999999,0.0
590,2016-2017,2017-05-06 14:30:00,Borussia M.Gladbach,Augsburg,1,1,1.36962,1.5852,1,1632.013191518118,1504.9031060316863,127.11008548643167,7.0,6.0,1.0,1.7333333333333334,1.3333333333333333,1.3973678000000003,1.1353321333333333,0.18558129999999995,0.0
591,2016-2017,2017-05-06 17:30:00,Hertha Berlin,RasenBallsport Leipzig,1,4,0.23152,2.56445,2,1564.5062569080083,1695.9371858645936,-131.43092895658538,7.0,7.0,0.0,0.9333333333333333,1.6666666666666667,0.9741596000000001,1.3956239533333334,-0.4403145,0.0
592,2016-2017,2017-05-07 14:30:00,Hamburger SV,Mainz 05,0,0,0.327514,1.37521,1,1519.5180185641514,1505.786448053985,13.73157051016642,7.0,8.0,-1.0,1.0666666666666667,0.9333333333333333,0.8882072666666667,1.2166899333333334,0.3741595999999999,0.0
593,2016-2017,2017-05-07 16:30:00,Freiburg,Schalke 04,2,0,2.48307,0.422559,0,1532.226906830229,1637.8953103255405,-105.66840349531162,8.0,8.0,0.0,1.1333333333333333,1.5333333333333334,0.9532190000000001,1.461808533333333,-0.31983200000000006,0.0
594,2016-2017,2017-05-13 14:30:00,Wolfsburg,Borussia M.Gladbach,1,1,1.26549,1.65365,1,1552.9701118960961,1622.8269674639373,-69.8568555678412,7.0,7.0,0.0,1.0666666666666667,1.8,1.4563838,1.4041991333333332,-0.6616926,0.0
595,2016-2017,2017-05-13 14:30:00,Augsburg,Borussia Dortmund,1,1,1.27027,1.7547,1,1514.089330085867,1793.976972149671,-279.8876420638039,7.0,7.0,0.0,1.4,2.0,1.2108928,2.3017562000000003,0.304539,0.0
596,2016-2017,2017-05-13 14:30:00,Bayer Leverkusen,FC Cologne,2,2,2.64929,0.970487,1,1557.8811446690534,1604.4041199339154,-46.522975264862,7.0,7.0,0.0,1.2666666666666666,1.7333333333333334,1.3022543333333336,1.2190556,-0.4831740000000001,0.0
597,2016-2017,2017-05-13 14:30:00,Darmstadt,Hertha Berlin,0,2,0.754449,1.58846,2,1430.435723626335,1539.0324029318035,-108.59667930546857,7.0,6.0,1.0,1.0,0.9333333333333333,1.1344840666666667,0.9102902666666668,-0.020634600000000017,0.0
598,2016-2017,2017-05-13 14:30:00,Freiburg,FC Ingolstadt 04,1,1,1.27196,1.89065,1,1556.6184315340452,1474.2938942238993,82.32453731014584,5.0,7.0,-2.0,1.2,1.3333333333333333,1.0723368666666668,1.2351543999999997,-0.18304780000000004,0.0
599,2016-2017,2017-05-13 14:30:00,Mainz 05,Eintracht Frankfurt,4,2,1.77492,1.64384,0,1510.8445892367029,1499.9102649980118,10.934324238691033,6.0,7.0,-1.0,0.9333333333333333,0.6666666666666666,1.2757332,1.321903,0.2009179000000002,0.0
600,2016-2017,2017-05-13 14:30:00,RasenBallsport Leipzig,Bayern Munich,4,5,2.0471,3.61687,2,1721.4110398407984,1936.4744495890359,-215.06340974823752,6.0,7.0,-1.0,1.7333333333333334,2.6666666666666665,1.3627386200000002,2.046900866666667,-0.07607880000000006,0.0
601,2016-2017,2017-05-13 14:30:00,Schalke 04,Hamburger SV,1,1,1.23798,1.82811,1,1613.5037856217243,1514.4598773814334,99.04390824029088,5.0,6.0,-1.0,1.4666666666666666,1.0666666666666667,1.3552091333333331,0.8655791333333335,0.05399080000000003,0.0
602,2016-2017,2017-05-13 14:30:00,Werder Bremen,Hoffenheim,3,5,1.44786,1.01187,2,1663.497174782093,1715.84402339567,-52.346848613577095,7.0,7.0,0.0,2.2666666666666666,1.9333333333333333,1.4070734,1.4967024666666664,0.7348396999999999,0.0
603,2016-2017,2017-05-20 14:30:00,Hertha Berlin,Bayer Leverkusen,2,6,3.7783,4.4212,2,1562.4386865214951,1555.4377022372153,7.000984284279866,7.0,7.0,0.0,1.0,1.2666666666666666,0.9809085333333335,1.3764883333333335,0.16524290000000005,0.0
604,2016-2017,2017-05-20 14:30:00,Hamburger SV,Wolfsburg,2,1,0.566862,0.872557,0,1522.7395858928644,1551.585441244892,-28.845855352027684,7.0,7.0,0.0,1.0666666666666667,1.0666666666666667,0.9547128666666668,1.4396778,0.3376207,0.0
605,2016-2017,2017-05-20 14:30:00,Hoffenheim,Augsburg,0,0,0.825898,0.264815,1,1743.1152990916055,1521.704817677638,221.41048141396755,7.0,7.0,0.0,2.2,1.3333333333333333,1.5112765333333333,1.1600381333333334,0.45704329999999993,0.0
606,2016-2017,2017-05-20 14:30:00,FC Cologne,Mainz 05,2,0,1.29204,0.141602,0,1606.8475623657534,1527.4317331841237,79.41582918162976,7.0,7.0,0.0,1.4666666666666666,1.1333333333333333,1.0655534,1.348627,0.8667374999999999,0.0
607,2016-2017,2017-05-20 14:30:00,FC Ingolstadt 04,Schalke 04,1,1,2.6011,1.13122,1,1481.9958911101469,1605.2240771102934,-123.22818600014648,7.0,7.0,0.0,1.2,1.5333333333333334,1.2668070666666664,1.396332,-0.1587886,0.0
608,2016-2017,2017-05-20 14:30:00,Borussia M.Gladbach,Darmstadt,2,2,1.97938,0.597895,1,1624.2116381151413,1407.0294400366433,217.182198078498,7.0,7.0,0.0,1.6666666666666667,0.9333333333333333,1.3877084666666666,1.0807853333333335,0.22884239999999995,0.0
609,2016-2017,2017-05-20 14:30:00,Borussia Dortmund,Werder Bremen,4,3,4.35162,1.6445,0,1786.3614845579,1636.2258990861576,150.1355854717424,7.0,7.0,0.0,2.0,2.4,2.3408268666666667,1.4542250666666665,-1.5957257,0.0
610,2016-2017,2017-05-20 14:30:00,Bayern Munich,Freiburg,4,1,3.93385,1.52892,0,1947.3611717330007,1548.9164346477976,398.4447370852031,7.0,7.0,0.0,2.8666666666666667,1.1333333333333333,2.2437346000000002,1.115875333333333,0.5315597,0.0
611,2016-2017,2017-05-20 14:30:00,Eintracht Frankfurt,RasenBallsport Leipzig,2,2,2.26092,1.38077,1,1483.323121050591,1710.5243176968336,-227.20119664624258,7.0,7.0,0.0,0.7333333333333333,1.8666666666666667,1.4037546000000003,1.4005966200000002,-1.0157017,0.0
612,2017-2018,2017-08-18 19:30:00,Bayern Munich,Bayer Leverkusen,3,1,2.77906,1.8866,0,1950.3679963735358,1594.3954764763878,355.972519897148,14.0,14.0,0.0,3.066666666666667,1.6666666666666667,2.4254559333333336,1.6539746,0.3650313,0.0
613,2017-2018,2017-08-19 14:30:00,Hamburger SV,Augsburg,1,0,0.55238,0.573987,0,1535.5078723921113,1533.3575892365257,2.150283155585612,14.0,14.0,0.0,1.1333333333333333,1.1333333333333333,0.9194570000000002,1.0713464666666666,-0.07938850000000003,0.0
614,2017-2018,2017-08-19 14:30:00,Hertha Berlin,VfB Stuttgart,2,0,0.436556,0.879388,0,1523.4809122823226,1446.6239889883532,76.85692329396943,14.0,14.0,0.0,1.0666666666666667,1.5333333333333334,1.1787496,1.4882939333333334,-0.4721446,0.0
615,2017-2018,2017-08-19 14:30:00,Hoffenheim,Werder Bremen,1,0,0.97427,0.806833,0,1731.4625275327178,1630.0959334271881,101.36659410552966,14.0,14.0,0.0,1.9333333333333333,2.466666666666667,1.4041184,1.4085623999999999,-0.9468513999999999,0.0
616,2017-2018,2017-08-19 14:30:00,Mainz 05,Hannover 96,0,1,0.526663,0.610149,2,1514.8297401026616,1390.901707651554,123.92803245110758,14.0,14.0,0.0,1.1333333333333333,0.8,1.2983922666666665,1.0426723333333332,-0.0007988999999999635,0.0
617,2017-2018,2017-08-19 14:30:00,Wolfsburg,Borussia Dortmund,0,3,0.495065,1.12424,2,1538.8171547456452,1792.4914502168695,-253.67429547122424,14.0,14.0,0.0,1.1333333333333333,2.2,1.456458133333333,2.422642866666666,0.030777499999999902,0.0
618,2017-2018,2017-08-19 17:30:00,Schalke 04,RasenBallsport Leipzig,2,0,1.91233,0.791215,0,1604.1559705251261,1704.9149030032213,-100.75893247809518,14.0,14.0,0.0,1.5333333333333334,2.0,1.4095313999999997,1.4881104666666667,-0.4562459000000001,0.0
619,2017-2018,2017-08-20 14:30:00,Freiburg,Eintracht Frankfurt,0,0,0.231368,1.54296,1,1545.9096100072625,1488.9325357442033,56.977074263059194,14.0,14.0,0.0,1.2,0.7333333333333333,1.1814018,1.3944085999999998,0.33853939999999993,0.0
620,2017-2018,2017-08-20 17:00:00,Borussia M.Gladbach,FC Cologne,1,0,1.62503,0.837903,0,1612.6511164280932,1619.4495554472155,-6.79843901912227,14.0,14.0,0.0,1.6,1.5333333333333334,1.3955418,1.0720760666666669,-0.3852501999999999,0.0
621,2017-2018,2017-08-25 19:30:00,FC Cologne,Hamburger SV,1,3,1.88741,1.64554,2,1607.641571048506,1546.9346980034165,60.706873045089424,5.0,6.0,-1.0,1.4666666666666666,1.0,1.0117776,0.8574756666666669,0.10553890000000002,0.0
622,2017-2018,2017-08-26 14:30:00,Werder Bremen,Bayern Munich,0,2,0.229698,1.39955,2,1622.4536908901562,1953.6108760606323,-331.15718517047617,7.0,7.0,0.0,2.466666666666667,3.1333333333333333,1.3915686,2.4846566,0.6722822000000002,0.0
623,2017-2018,2017-08-26 14:30:00,Eintracht Frankfurt,Wolfsburg,0,1,0.926888,1.07528,2,1495.7067900352051,1522.4527651023757,-26.745975067170548,6.0,7.0,-1.0,0.7333333333333333,1.0,1.4550814,1.3340484666666665,-0.36917999999999995,0.0
624,2017-2018,2017-08-26 14:30:00,VfB Stuttgart,Mainz 05,1,0,2.08775,0.385982,0,1433.88462312672,1489.7422670566891,-55.85764392996907,7.0,7.0,0.0,1.2666666666666666,1.0,1.3226518,1.2244604666666665,0.2611068,0.0
625,2017-2018,2017-08-26 14:30:00,Bayer Leverkusen,Hoffenheim,2,2,2.43586,0.68001,1,1591.1525967892912,1739.1047700697497,-147.9521732804585,7.0,7.0,0.0,1.5333333333333334,1.9333333333333333,1.6101372666666665,1.4107819333333333,-0.5434201000000001,0.0
626,2017-2018,2017-08-26 14:30:00,Augsburg,Borussia M.Gladbach,2,2,2.45658,1.3232,1,1521.9307636252204,1624.4591008268028,-102.52833720158242,7.0,5.0,2.0,1.1333333333333333,1.6,1.0811148000000002,1.4156377999999998,-0.13367079999999995,0.0
627,2017-2018,2017-08-26 17:30:00,Borussia Dortmund,Hertha Berlin,2,0,2.06987,0.406341,0,1808.855839860139,1536.2202781439557,272.63556171618325,7.0,7.0,0.0,2.3333333333333335,1.2,2.4478086666666665,1.1693677333333334,-0.053964599999999946,0.0
628,2017-2018,2017-08-27 14:30:00,RasenBallsport Leipzig,Freiburg,4,1,2.85363,0.456207,0,1680.8624778882845,1539.1353557162606,141.72712217202388,7.0,7.0,0.0,2.0,1.0666666666666667,1.4477228000000002,1.1349257333333334,0.7583648999999999,0.0
629,2017-2018,2017-08-27 17:00:00,Hannover 96,Schalke 04,1,0,0.805466,0.403031,0,1415.9891806975265,1628.208395640063,-212.21921494253638,8.0,7.0,1.0,0.8666666666666667,1.5333333333333334,1.0407921999999998,1.4566547333333333,-0.31510950000000004,0.0
630,2017-2018,2017-09-08 19:30:00,Hamburger SV,RasenBallsport Leipzig,0,2,1.17417,1.37657,2,1581.306574514318,1692.0159692004884,-110.7093946861703,14.0,12.0,2.0,1.0666666666666667,2.1333333333333333,0.8581176666666668,1.5876254666666665,-0.47861819999999994,0.0
631,2017-2018,2017-09-09 14:30:00,Wolfsburg,Hannover 96,1,1,1.13451,0.480156,1,1541.7771222673064,1436.9845498657082,104.79257240159814,14.0,12.0,2.0,1.0666666666666667,0.9333333333333333,1.3914883333333334,1.0803464,-0.25743759999999993,0.0
632,2017-2018,2017-09-09 14:30:00,Freiburg,Borussia Dortmund,0,0,0.490076,1.56801,1,1527.9818644040568,1813.8859276216533,-285.90406321759656,13.0,13.0,0.0,1.0,2.2666666666666666,1.1026531333333334,2.41762,0.01145969999999985,0.0
633,2017-2018,2017-09-09 14:30:00,Mainz 05,Bayer Leverkusen,3,1,1.33781,0.964768,0,1475.7642297334937,1593.346960296503,-117.58273056300936,14.0,14.0,0.0,1.0,1.4666666666666666,1.1931554666666664,1.5540566000000002,-0.062329199999999946,0.0
634,2017-2018,2017-09-09 14:30:00,Augsburg,FC Cologne,3,0,2.27655,0.458374,0,1522.047195800946,1573.2696945376044,-51.22249873665851,14.0,14.0,0.0,1.2,1.4666666666666666,1.1482814666666668,1.1174584666666667,-0.0791704,0.0
635,2017-2018,2017-09-09 14:30:00,Borussia M.Gladbach,Eintracht Frankfurt,0,1,0.632041,0.614198,2,1624.3426686510772,1476.3824328702744,147.9602357808028,14.0,14.0,0.0,1.6666666666666667,0.7333333333333333,1.411229133333333,1.3755472666666668,0.7145035,0.0
636,2017-2018,2017-09-09 17:30:00,Hoffenheim,Bayern Munich,2,0,0.612108,1.51192,0,1736.910406562538,1963.6453838023704,-226.73497723983246,14.0,14.0,0.0,1.9333333333333333,3.2,1.3406232666666666,2.4924212666666667,0.3660030999999999,0.0
637,2017-2018,2017-09-10 14:30:00,Hertha Berlin,Werder Bremen,1,1,0.250761,0.569654,1,1531.1901903824414,1612.4191831484181,-81.22899276597673,14.0,14.0,0.0,1.1333333333333333,2.3333333333333335,1.1347692666666667,1.3695182666666665,-1.0097276,0.0
638,2017-2018,2017-09-10 17:00:00,Schalke 04,VfB Stuttgart,3,1,1.98675,1.30096,0,1607.2130264718812,1447.8626604499154,159.35036602196578,14.0,14.0,0.0,1.4666666666666666,1.2,1.365138133333333,1.3770211333333333,0.11113310000000004,0.0
639,2017-2018,2017-09-15 19:30:00,Hannover 96,Hamburger SV,2,0,2.2982,0.453334,0,1445.4564382151782,1558.0461190857316,-112.58968087055337,6.0,7.0,-1.0,1.0,1.0666666666666667,1.0834564666666668,0.9211338000000001,-0.1592997,0.0
640,2017-2018,2017-09-16 14:30:00,Werder Bremen,Schalke 04,1,2,0.982258,0.930766,2,1613.2827798756043,1616.020102575083,-2.737322699478682,6.0,5.0,1.0,2.2666666666666666,1.6,1.3373105333333335,1.478756533333333,0.5127753000000002,0.0
641,2017-2018,2017-09-16 14:30:00,Bayern Munich,Mainz 05,4,0,4.4171,0.711282,0,1931.2595219106393,1500.9777659190897,430.2817559915495,6.0,7.0,-1.0,2.6666666666666665,1.0666666666666667,2.3520539333333326,1.1910421333333332,0.43549039999999994,0.0
642,2017-2018,2017-09-16 14:30:00,Eintracht Frankfurt,Augsburg,1,2,1.32498,0.72838,2,1502.1901705457824,1546.1418185511554,-43.951648005373045,7.0,7.0,0.0,0.8,1.2666666666666666,1.3797760000000001,1.1788588,-0.37041050000000003,0.0
643,2017-2018,2017-09-16 14:30:00,VfB Stuttgart,Wolfsburg,1,0,1.13249,0.453375,0,1439.0555843467137,1533.3052339178364,-94.24964957112275,5.0,7.0,-2.0,1.2,1.0666666666666667,1.3515431333333332,1.3258956666666668,0.11131949999999997,0.0
644,2017-2018,2017-09-16 17:30:00,RasenBallsport Leipzig,Borussia M.Gladbach,2,2,0.736279,1.45024,1,1715.2764246290749,1598.5349309755693,116.74149365350559,7.0,7.0,0.0,2.066666666666667,1.5333333333333334,1.6166421333333334,1.3761271999999998,0.25623890000000005,0.0
645,2017-2018,2017-09-17 12:30:00,Hoffenheim,Hertha Berlin,1,1,0.576053,0.455083,1,1769.296268454269,1530.3265936552552,238.96967479901377,7.0,6.0,1.0,2.0,1.0666666666666667,1.3209110666666664,1.1019129333333333,0.9257553999999998,0.0
646,2017-2018,2017-09-17 14:30:00,Bayer Leverkusen,Freiburg,4,0,2.25411,0.429073,0,1568.133424110907,1535.8098773586803,32.323546752226775,8.0,8.0,0.0,1.5333333333333334,1.0,1.5511031333333336,1.1140978,0.009570200000000056,0.0
647,2017-2018,2017-09-17 17:00:00,Borussia Dortmund,FC Cologne,5,0,3.85155,0.461837,0,1806.0579146670298,1549.175071787395,256.88284287963484,8.0,8.0,0.0,2.066666666666667,1.4,2.1836339999999996,1.1015535333333335,-0.3203314999999999,0.0
648,2017-2018,2017-09-19 17:30:00,Borussia M.Gladbach,VfB Stuttgart,2,0,1.14939,0.49742,0,1607.3955800572403,1454.7907951006616,152.60478495657867,3.0,3.0,0.0,1.4,1.2,1.2713672000000003,1.2181338,0.3574988,0.0
649,2017-2018,2017-09-19 19:30:00,Augsburg,RasenBallsport Leipzig,1,0,1.30034,1.00414,0,1564.7007806654349,1706.4157755474039,-141.714994881969,3.0,3.0,0.0,1.2666666666666666,2.066666666666667,1.1723916666666667,1.573724066666667,-0.4997402,0.0
650,2017-2018,2017-09-19 19:30:00,Schalke 04,Bayern Munich,0,3,1.16279,2.45506,2,1636.3857618181355,1933.9659798519435,-297.580218033808,3.0,3.0,0.0,1.6,2.7333333333333334,1.4542502666666666,2.5392605999999995,-0.06323890000000003,0.0
651,2017-2018,2017-09-19 19:30:00,Wolfsburg,Werder Bremen,1,1,1.01688,1.12581,1,1517.5700231638884,1592.9171206325518,-75.34709746866338,3.0,3.0,0.0,1.0,2.2,1.305903,1.2695330666666669,-0.7188592,0.0
652,2017-2018,2017-09-20 17:30:00,FC Cologne,Eintracht Frankfurt,0,1,1.84333,1.33101,2,1541.9040142643914,1483.631208431503,58.27280583288848,3.0,4.0,-1.0,1.4,0.8,1.1200499333333334,1.3529573333333333,0.1995939000000001,0.0
653,2017-2018,2017-09-20 19:30:00,Mainz 05,Hoffenheim,2,3,1.1225,0.960305,2,1498.2713079777855,1757.277559547111,-259.0062515693255,4.0,3.0,1.0,1.0,1.7333333333333334,1.1755932666666666,1.2255646,-0.9689455999999999,0.0
654,2017-2018,2017-09-20 19:30:00,Hertha Berlin,Bayer Leverkusen,2,1,0.501808,0.426791,0,1542.3453025624133,1587.2298589695017,-44.88455640708844,3.0,3.0,0.0,1.1333333333333333,1.6666666666666667,1.1065355999999997,1.659064,-0.03635370000000008,0.0
655,2017-2018,2017-09-20 19:30:00,Freiburg,Hannover 96,1,1,2.89359,1.03212,1,1516.7134425000856,1470.3257221227093,46.387720377376354,3.0,5.0,-2.0,0.8666666666666667,1.0,1.0332446666666666,1.1303278,-0.3863952,0.0
656,2017-2018,2017-09-20 19:30:00,Hamburger SV,Borussia Dortmund,0,3,0.186271,3.18132,2,1533.1768351782005,1813.3289721900333,-280.1521370118328,5.0,3.0,2.0,1.0,2.0,0.9049224666666666,2.1155066666666666,0.18064929999999987,0.0
657,2017-2018,2017-09-22 19:30:00,Bayern Munich,Wolfsburg,2,2,2.33812,0.470696,1,1947.5630495789167,1516.4366165900333,431.1264329888834,3.0,3.0,0.0,2.7333333333333334,1.0,2.507517266666667,1.260329,0.6934586000000001,0.0
658,2017-2018,2017-09-23 14:30:00,Werder Bremen,Freiburg,0,0,1.41802,0.859674,1,1594.050527206407,1510.3445337397754,83.70599346663153,3.0,2.0,1.0,2.2,0.8666666666666667,1.2794258,1.1497813333333333,0.9505671000000001,0.0
659,2017-2018,2017-09-23 14:30:00,Hoffenheim,Schalke 04,2,0,1.31728,1.0397,0,1766.426799547513,1622.7886920911624,143.63810745635055,2.0,3.0,-1.0,1.8666666666666667,1.4,1.183226266666667,1.2807576,0.698113,0.0
660,2017-2018,2017-09-23 14:30:00,Mainz 05,Hertha Berlin,1,0,1.17811,0.53695,0,1489.1220679773835,1555.828221416586,-66.70615343920258,2.0,2.0,0.0,1.0666666666666667,1.1333333333333333,1.1638552666666664,1.0241401333333333,-0.08767569999999997,0.0
661,2017-2018,2017-09-23 14:30:00,RasenBallsport Leipzig,Eintracht Frankfurt,2,1,1.54654,0.539765,0,1688.5039071977312,1506.4543593813198,182.0495478164114,3.0,2.0,1.0,2.066666666666667,0.8666666666666667,1.6010048000000003,1.3914557333333333,0.6983140000000001,0.0
662,2017-2018,2017-09-23 14:30:00,VfB Stuttgart,Augsburg,0,0,0.437172,0.373592,1,1445.7010430644082,1582.6126490151075,-136.91160595069937,3.0,3.0,0.0,1.2,1.3333333333333333,1.232541,1.1888576666666668,-0.40761460000000005,0.0
663,2017-2018,2017-09-23 17:30:00,Borussia Dortmund,Borussia M.Gladbach,6,1,4.84433,1.11994,0,1827.9853880980093,1616.4853320934938,211.5000560045155,2.0,4.0,-2.0,2.1333333333333333,1.4666666666666666,2.255506,1.2604052000000001,-0.3840704999999999,0.0
664,2017-2018,2017-09-24 14:30:00,Hannover 96,FC Cologne,0,0,1.35909,1.10618,1,1476.6946308830195,1519.0808633145746,-42.38623243155507,3.0,3.0,0.0,1.0666666666666667,1.2666666666666666,1.1727796,1.1575019333333334,0.24113939999999998,0.0
665,2017-2018,2017-09-24 17:00:00,Bayer Leverkusen,Hamburger SV,3,0,2.39337,0.443359,0,1573.746940115329,1518.5204192702245,55.22652084510446,3.0,3.0,0.0,1.6666666666666667,0.8666666666666667,1.5779007333333337,0.8201738666666666,0.13467179999999998,0.0
666,2017-2018,2017-09-29 19:30:00,Schalke 04,Bayer Leverkusen,1,1,0.615732,1.13731,1,1613.312498523011,1590.0080299835768,23.30446853943431,6.0,5.0,1.0,1.3333333333333333,1.8666666666666667,1.2803356,1.671295866666667,-0.16096770000000005,0.0
667,2017-2018,2017-09-30 14:30:00,Augsburg,Borussia Dortmund,1,2,1.04024,1.93835,2,1580.9191733553253,1837.1174437495902,-256.1982703942649,7.0,6.0,1.0,1.2666666666666666,2.466666666666667,1.1378204666666667,2.5401903333333338,0.3037695999999999,0.0
668,2017-2018,2017-09-30 14:30:00,Borussia M.Gladbach,Hannover 96,2,1,2.29547,1.37232,0,1607.3532764419128,1474.0654737847249,133.28780265718797,6.0,6.0,0.0,1.5333333333333334,1.0,1.2846645333333335,1.1872082666666666,0.18509330000000004,0.0
669,2017-2018,2017-09-30 14:30:00,Eintracht Frankfurt,VfB Stuttgart,2,1,1.12984,0.884399,0,1501.1837058272283,1447.3945187241904,53.789187103037875,7.0,7.0,0.0,0.9333333333333333,0.8666666666666667,1.3583794000000002,1.0066478,-0.10230760000000008,0.0
670,2017-2018,2017-09-30 14:30:00,Wolfsburg,Mainz 05,1,1,0.743969,0.90227,1,1530.999859494609,1503.5935056926983,27.406353801910655,7.0,7.0,0.0,1.0666666666666667,1.1333333333333333,1.1398527333333335,1.1993784666666665,0.013246799999999934,0.0
671,2017-2018,2017-09-30 17:30:00,Hamburger SV,Werder Bremen,0,0,0.957096,0.426954,1,1502.2593294019766,1586.2997473074277,-84.04041790545102,6.0,7.0,-1.0,0.8666666666666667,2.0,0.8407493999999999,1.2810358000000002,-0.28131130000000004,0.0
672,2017-2018,2017-10-01 12:30:00,Freiburg,Hoffenheim,3,2,1.24882,0.627194,0,1518.0953136387548,1775.9029931156642,-257.80767947690947,7.0,7.0,0.0,0.8,1.9333333333333333,1.1378215999999999,1.1537396,-1.5173740000000002,0.0
673,2017-2018,2017-10-01 14:30:00,Hertha Berlin,Bayern Munich,2,2,1.66354,1.51044,1,1541.3567837012713,1932.999806674341,-391.6430229730697,8.0,8.0,0.0,1.0,2.8,0.9466048,2.515644600000001,-0.07972920000000006,0.0
674,2017-2018,2017-10-01 17:00:00,FC Cologne,RasenBallsport Leipzig,1,2,1.34012,3.09763,2,1521.7100204128692,1693.7745607518227,-172.06454033895352,7.0,8.0,-1.0,1.0,2.2,1.1606872666666663,1.6581476,-0.7191034000000001,0.0
675,2017-2018,2017-10-13 19:30:00,VfB Stuttgart,FC Cologne,2,1,2.18945,1.58359,0,1438.0478155969035,1508.981927404298,-70.9341118073944,13.0,12.0,1.0,0.7333333333333333,1.0,0.8580117333333334,1.1746605999999997,0.11802639999999989,0.0
676,2017-2018,2017-10-14 14:30:00,Hoffenheim,Augsburg,2,2,1.92073,0.918991,1,1753.097376674864,1571.6639636870589,181.43341298780524,13.0,14.0,-1.0,1.8666666666666667,1.3333333333333333,0.9845345333333332,1.1947249333333334,1.1250836,0.0
677,2017-2018,2017-10-14 14:30:00,Hertha Berlin,Schalke 04,0,2,0.0254617,1.85479,2,1552.324778334217,1607.861092750825,-55.53631441660809,13.0,14.0,-1.0,1.0666666666666667,1.3333333333333333,1.0395215333333334,1.282809466666667,0.3993539,0.0
678,2017-2018,2017-10-14 14:30:00,Mainz 05,Hamburger SV,3,2,1.24944,1.99466,0,1509.2112052516936,1501.5248799898982,7.686325261795446,14.0,13.0,1.0,1.1333333333333333,0.7333333333333333,1.2083890000000002,0.8137898,0.2678287,0.0
679,2017-2018,2017-10-14 14:30:00,Bayern Munich,Freiburg,5,0,1.586,0.345885,0,1922.0318120413954,1540.9009300795549,381.1308819618405,13.0,13.0,0.0,2.533333333333333,0.8666666666666667,2.3711832666666672,1.1031976000000001,0.24965880000000013,0.0
680,2017-2018,2017-10-14 14:30:00,Hannover 96,Eintracht Frankfurt,1,2,0.6536,0.876712,2,1467.4404657808752,1510.5304089545152,-43.089943173639995,14.0,14.0,0.0,1.0666666666666667,1.0666666666666667,1.2127979999999998,1.2531587333333334,-0.006721299999999958,0.0
681,2017-2018,2017-10-14 17:30:00,Borussia Dortmund,RasenBallsport Leipzig,2,3,2.11212,2.39084,2,1846.3726534178566,1706.502653760394,139.86999965746259,14.0,13.0,1.0,2.533333333333333,2.066666666666667,2.608325866666667,1.5978396,-0.3872895999999999,0.0
682,2017-2018,2017-10-15 14:30:00,Bayer Leverkusen,Wolfsburg,2,2,1.45073,0.915577,1,1595.4594357557628,1525.3821599356136,70.07727582014923,14.0,14.0,0.0,1.7333333333333334,0.9333333333333333,1.6951280000000002,1.0695926666666666,0.09891230000000006,0.0
683,2017-2018,2017-10-15 17:00:00,Werder Bremen,Borussia M.Gladbach,0,2,1.52059,1.45235,2,1587.034196719506,1613.9782844457625,-26.944087726256384,14.0,14.0,0.0,1.6666666666666667,1.6666666666666667,1.2406733999999997,1.4239756,0.23464339999999995,0.0
684,2017-2018,2017-10-20 19:30:00,Schalke 04,Mainz 05,2,0,1.78667,0.596599,0,1634.91587638194,1520.4049954076577,114.51088097428237,6.0,6.0,0.0,1.4666666666666666,1.2,1.357722666666667,1.0982976666666666,-0.494451,0.0
685,2017-2018,2017-10-21 14:30:00,Augsburg,Hannover 96,1,2,0.864125,0.804724,2,1582.3776768350901,1448.8428511646655,133.53482567042465,7.0,7.0,0.0,1.3333333333333333,1.1333333333333333,1.1652123333333333,1.2309642666666667,0.19072389999999997,0.0
686,2017-2018,2017-10-21 14:30:00,Borussia M.Gladbach,Bayer Leverkusen,1,5,2.49876,2.24178,2,1642.951724283713,1588.198047448825,54.75367683488798,5.0,6.0,-1.0,1.7333333333333334,1.7333333333333334,1.3991515999999997,1.654960666666667,-0.2660662,0.0
687,2017-2018,2017-10-21 14:30:00,Eintracht Frankfurt,Borussia Dortmund,2,2,2.74141,2.08809,1,1529.128023570725,1820.8008169813313,-291.67279341060635,7.0,6.0,1.0,1.2,2.466666666666667,1.2682036,2.484543866666667,-0.13950030000000008,0.0
688,2017-2018,2017-10-21 14:30:00,RasenBallsport Leipzig,VfB Stuttgart,1,0,0.865444,0.605992,0,1732.0744901969192,1452.7123959362398,279.36209426067944,6.0,7.0,-1.0,2.066666666666667,0.8666666666666667,1.6488616,0.9612537333333333,0.7030946,0.0
689,2017-2018,2017-10-21 17:30:00,Hamburger SV,Bayern Munich,0,1,0.162992,2.29592,2,1490.3310898339341,1925.8070790946078,-435.4759892606737,7.0,7.0,0.0,0.8666666666666667,2.8666666666666667,0.8793904666666665,2.3508452666666666,-0.5253812000000001,0.0
690,2017-2018,2017-10-22 12:30:00,FC Cologne,Werder Bremen,0,0,1.79566,0.948887,1,1494.3173470649617,1558.0607568815556,-63.74340981659384,8.0,6.0,2.0,1.0,1.4666666666666666,1.231482,1.2071960666666663,-0.3609094,0.0
691,2017-2018,2017-10-22 14:30:00,Freiburg,Hertha Berlin,1,1,2.83818,1.83067,1,1537.1256630263424,1525.269994703102,11.85566832324048,8.0,8.0,0.0,0.8,1.0666666666666667,1.0689895333333335,0.9836604466666666,-0.51123123,0.0
692,2017-2018,2017-10-22 17:00:00,Wolfsburg,Hoffenheim,1,1,1.29664,1.91537,1,1532.6435482425513,1742.3836635268328,-209.7401152842815,7.0,8.0,-1.0,1.0666666666666667,1.9333333333333333,0.9994378000000002,1.0477381333333333,-0.8937681,0.0
693,2017-2018,2017-10-27 19:30:00,Mainz 05,Eintracht Frankfurt,1,1,0.284202,0.451566,1,1509.588759543704,1537.1564598054517,-27.567700261747632,7.0,6.0,1.0,1.2,1.2,1.0813238666666665,1.2829842666666664,0.31364250000000005,0.0
694,2017-2018,2017-10-28 14:30:00,Schalke 04,Wolfsburg,1,1,1.44123,0.979437,1,1645.7321122458936,1537.5356508075638,108.19646143832983,7.0,5.0,2.0,1.3333333333333333,1.0666666666666667,1.3673020000000002,0.9798678000000002,-0.13492300000000002,0.0
695,2017-2018,2017-10-28 14:30:00,Hoffenheim,Borussia M.Gladbach,1,3,1.08587,1.80818,2,1737.4915609618204,1600.4079920342424,137.08356892757797,5.0,7.0,-2.0,1.9333333333333333,1.6,1.0814908,1.524714333333333,0.6116582999999999,0.0
696,2017-2018,2017-10-28 14:30:00,Hertha Berlin,Hamburger SV,2,1,0.827213,0.972895,0,1530.2502489264532,1486.2791605250802,43.97108840137298,6.0,6.0,0.0,1.0,0.7333333333333333,0.9805524466666667,0.8288729999999999,0.12511932999999992,0.0
697,2017-2018,2017-10-28 14:30:00,Bayer Leverkusen,FC Cologne,2,1,1.44263,0.850339,0,1630.7417796982957,1492.6537039923837,138.08807570591193,7.0,6.0,1.0,2.066666666666667,0.8666666666666667,1.7624200666666667,1.2865978666666669,1.3993925000000003,0.0
698,2017-2018,2017-10-28 14:30:00,Hannover 96,Borussia Dortmund,4,2,2.3406,0.85483,0,1474.225310304272,1812.7723807466045,-338.5470704423326,7.0,7.0,0.0,1.2666666666666666,2.533333333333333,1.2071678666666668,2.5772946666666665,-0.2096455000000001,0.0
699,2017-2018,2017-10-28 17:30:00,Bayern Munich,RasenBallsport Leipzig,2,0,2.03827,0.314536,0,1929.8590084034618,1735.3134084085548,194.54559999490698,7.0,7.0,0.0,2.6666666666666665,2.066666666666667,2.373533266666667,1.6055652,-0.018396199999999974,0.0
700,2017-2018,2017-10-29 14:30:00,Werder Bremen,Augsburg,0,3,1.05484,2.80574,2,1559.7243999541336,1556.9952176954837,2.729182258649871,7.0,8.0,-1.0,1.3333333333333333,1.4,1.2337282666666665,1.1782382666666669,-0.48756039999999995,0.0
701,2017-2018,2017-10-29 17:00:00,VfB Stuttgart,Freiburg,3,0,1.36244,0.210495,0,1449.4734777246042,1532.1454088029911,-82.67193107838693,8.0,7.0,1.0,0.7333333333333333,0.8,0.9696150666666667,1.195717666666667,0.03335689999999991,0.0
702,2017-2018,2017-11-03 19:30:00,Eintracht Frankfurt,Werder Bremen,2,1,1.92121,1.08479,0,1540.4445909999617,1523.6785228308026,16.766068169159098,7.0,5.0,2.0,1.2,1.2,1.247663133333333,1.1877609333333332,0.5604214999999999,0.0
703,2017-2018,2017-11-04 14:30:00,Hamburger SV,VfB Stuttgart,3,1,2.0244,1.21993,0,1476.554154575257,1476.0781570942866,0.47599748097036354,7.0,5.0,2.0,0.7333333333333333,0.8666666666666667,0.8473385999999998,0.996473,0.0834764,0.0
704,2017-2018,2017-11-04 14:30:00,RasenBallsport Leipzig,Hannover 96,2,1,1.8547,0.769041,0,1727.8710773355924,1512.5242523111376,215.3468250244548,6.0,7.0,-1.0,1.8,1.4,1.5471669333333333,1.2797805333333334,-0.1220399,0.0
705,2017-2018,2017-11-04 14:30:00,Freiburg,Schalke 04,0,1,0.902185,0.749202,2,1505.5407294333088,1637.1480030014018,-131.60727356809298,5.0,7.0,-2.0,0.8,1.3333333333333333,1.1637232000000002,1.2770493333333333,-0.3869579,0.0
706,2017-2018,2017-11-04 14:30:00,Augsburg,Bayer Leverkusen,1,1,1.40776,1.16695,1,1593.0410948188146,1637.222796849425,-44.181702030610495,6.0,7.0,-1.0,1.4666666666666666,2.2,1.2929456000000001,1.8332119333333334,-0.3704576,0.0
707,2017-2018,2017-11-04 14:30:00,Borussia M.Gladbach,Mainz 05,1,1,0.786005,0.834092,1,1638.641560466612,1506.300628349194,132.34093211741788,7.0,7.0,0.0,1.6,1.2,1.4960370000000003,1.0318666666666667,-0.20597429999999992,0.0
708,2017-2018,2017-11-04 17:30:00,Borussia Dortmund,Bayern Munich,1,3,1.89107,1.27845,2,1774.4734387397389,1937.3013394764241,-162.82790073668525,7.0,7.0,0.0,2.466666666666667,2.8,2.462952,2.366463266666666,0.16987300000000008,0.0
709,2017-2018,2017-11-05 14:30:00,FC Cologne,Hoffenheim,0,3,0.857394,3.01942,2,1486.1726868412543,1699.2579925294508,-213.0853056881965,8.0,8.0,0.0,0.8666666666666667,1.6666666666666667,1.2502438000000002,1.0201954666666666,-1.4495553,0.0
710,2017-2018,2017-11-05 17:00:00,Wolfsburg,Hertha Berlin,3,3,2.40074,1.4853,1,1546.1197600520557,1539.9752548762765,6.144505175779159,8.0,8.0,0.0,0.9333333333333333,1.1333333333333333,0.9379402666666667,1.0182971133333334,-0.26470452999999994,0.0
711,2017-2018,2017-11-17 19:30:00,VfB Stuttgart,Borussia Dortmund,2,1,1.14326,1.79368,0,1458.8315659381633,1754.7667401463575,-295.9351742081942,13.0,13.0,0.0,0.9333333333333333,2.3333333333333335,1.0492222666666666,2.459601333333333,-0.23184630000000006,0.0
712,2017-2018,2017-11-18 14:30:00,Wolfsburg,Freiburg,3,1,1.90114,0.803719,0,1541.3782325916297,1490.9922959457529,50.38593664587688,12.0,14.0,-2.0,1.1333333333333333,0.6666666666666666,0.9931916000000001,1.1537488666666669,0.7187081000000002,0.0
713,2017-2018,2017-11-18 14:30:00,Mainz 05,FC Cologne,1,0,1.45054,0.577082,0,1515.6469401813576,1466.9775287770212,48.669411404336415,14.0,13.0,1.0,1.1333333333333333,0.8,0.9707054666666667,1.2282507333333332,1.1581947000000001,0.0
714,2017-2018,2017-11-18 14:30:00,Hoffenheim,Eintracht Frankfurt,1,1,1.30552,0.436613,1,1718.4531505936839,1551.2610216225391,167.1921289711447,13.0,14.0,-1.0,1.8,1.1333333333333333,1.1437008000000002,1.2413291333333332,0.5143239,0.0
715,2017-2018,2017-11-18 14:30:00,Bayern Munich,Augsburg,3,0,1.91503,0.28233,0,1957.0080380698055,1590.492457179537,366.51558089026844,13.0,14.0,-1.0,2.8666666666666667,1.4666666666666666,2.3905919999999994,1.3339146666666666,0.13414680000000004,0.0
716,2017-2018,2017-11-18 14:30:00,Bayer Leverkusen,RasenBallsport Leipzig,2,2,1.61817,2.02873,1,1639.7714344887027,1732.351107081516,-92.57967259281327,14.0,14.0,0.0,2.2,1.8666666666666667,1.8345406,1.621918266666667,0.4126010000000001,0.0
717,2017-2018,2017-11-18 17:30:00,Hertha Berlin,Borussia M.Gladbach,2,4,2.07401,2.07666,2,1544.7167823367024,1629.2952486344484,-84.57846629774599,13.0,14.0,-1.0,1.2666666666666666,1.5333333333333334,0.9852851133333334,1.4914277333333332,0.25324482999999987,0.0
718,2017-2018,2017-11-19 14:30:00,Schalke 04,Hamburger SV,2,0,2.0828,0.776725,0,1651.6964364889577,1493.8007457313802,157.89569075757754,14.0,14.0,0.0,1.3333333333333333,0.8666666666666667,1.275734,0.9056339333333333,0.10440559999999999,0.0
719,2017-2018,2017-11-19 17:00:00,Werder Bremen,Hannover 96,4,0,2.61572,1.13154,0,1512.8620922082252,1508.044222565214,4.817869643011136,14.0,14.0,0.0,1.0,1.3333333333333333,1.1130276,1.2214579333333333,-0.7446184000000001,0.0
720,2017-2018,2017-11-24 19:30:00,Hannover 96,VfB Stuttgart,1,1,1.87707,1.59485,1,1486.8299777057814,1483.0059642657716,3.8240134400098214,5.0,7.0,-2.0,1.2,1.0666666666666667,1.2149032666666668,1.0934772666666668,0.05321220000000003,0.0
721,2017-2018,2017-11-25 14:30:00,Freiburg,Mainz 05,2,1,1.83095,0.713622,0,1476.7770144743117,1525.1898366576092,-48.41282218329752,7.0,7.0,0.0,0.7333333333333333,1.1333333333333333,1.1328814666666667,0.9247481333333333,-0.8354852,0.0
722,2017-2018,2017-11-25 14:30:00,RasenBallsport Leipzig,Werder Bremen,2,0,1.01767,1.07161,0,1732.6927738393365,1534.076337067658,198.61643677167854,7.0,5.0,2.0,2.0,1.1333333333333333,1.6568382666666668,1.1650902666666667,0.45321139999999993,0.0
723,2017-2018,2017-11-25 14:30:00,Eintracht Frankfurt,Bayer Leverkusen,0,1,0.743407,0.943561,2,1561.6029628534113,1639.429767730882,-77.82680487747075,7.0,7.0,0.0,1.2,2.2666666666666666,1.2589561333333334,1.8581246,-0.4270695,0.0
724,2017-2018,2017-11-25 14:30:00,Augsburg,Wolfsburg,2,1,2.0989,0.210553,0,1586.9176618456622,1555.5935140630709,31.324147782591353,7.0,7.0,0.0,1.2,1.3333333333333333,1.2099266666666668,1.0956177333333335,-0.16850840000000006,0.0
725,2017-2018,2017-11-25 14:30:00,Borussia Dortmund,Schalke 04,4,4,2.39089,1.2544,1,1730.5923418187492,1660.5638893784571,70.02845244029209,7.0,6.0,1.0,2.4,1.2,2.4007340000000004,1.2505033333333333,-0.047291999999999966,0.0
726,2017-2018,2017-11-25 17:30:00,Borussia M.Gladbach,Bayern Munich,2,1,2.12791,0.900051,0,1654.3598313937734,1960.5828334036803,-306.22300200990685,7.0,7.0,0.0,1.6666666666666667,2.6666666666666665,1.5479944,2.3673226666666665,-0.09227259999999993,0.0
727,2017-2018,2017-11-26 14:30:00,Hamburger SV,Hoffenheim,3,0,1.8111,0.606966,0,1484.9332928418808,1708.1112093628117,-223.17791652093092,7.0,8.0,-1.0,0.8666666666666667,1.8,0.9377538666666666,1.1910685333333333,-0.7806051999999999,0.0
728,2017-2018,2017-11-26 17:00:00,FC Cologne,Hertha Berlin,0,2,0.73674,2.1997,2,1457.4346323007696,1519.6521995773774,-62.217567276607724,8.0,7.0,1.0,0.8,1.4,1.2483610666666671,1.0727982466666668,-1.22231093,0.0
729,2017-2018,2017-12-01 19:30:00,Freiburg,Hamburger SV,0,0,0.981146,0.460208,1,1490.418642814979,1522.4642368774496,-32.04559406247063,6.0,5.0,1.0,0.7333333333333333,1.0666666666666667,1.0894068,1.0366596,-0.35797390000000007,0.0
730,2017-2018,2017-12-02 14:30:00,Bayer Leverkusen,Borussia Dortmund,1,1,2.1951,1.14867,1,1656.4494970457724,1723.3327389274225,-66.88324188165006,7.0,7.0,0.0,2.2666666666666666,2.533333333333333,1.8288746666666664,2.3876446666666666,0.38708280000000006,0.0
731,2017-2018,2017-12-02 14:30:00,Bayern Munich,Hannover 96,3,1,3.86566,1.08319,0,1936.0636432645065,1482.1861199600767,453.8775233044298,6.0,7.0,-1.0,2.6666666666666665,1.2,2.265046066666666,1.2022639333333334,0.5903864000000001,0.0
732,2017-2018,2017-12-02 14:30:00,Hoffenheim,RasenBallsport Leipzig,4,0,1.69565,0.284209,0,1670.5802653272428,1739.9889330037815,-69.4086676765387,6.0,7.0,-1.0,1.7333333333333334,1.8666666666666667,1.1625909333333333,1.5537196000000002,0.15218010000000004,0.0
733,2017-2018,2017-12-02 14:30:00,Mainz 05,Augsburg,1,3,0.578034,2.18855,2,1511.548208316942,1597.1424131633876,-85.59420484644556,7.0,7.0,0.0,1.2,1.2666666666666666,0.8806422666666668,1.2441733333333334,0.07777409999999998,0.0
734,2017-2018,2017-12-02 14:30:00,Werder Bremen,VfB Stuttgart,1,0,0.71301,1.1158,0,1526.780177903213,1487.6498220114763,39.1303558917366,7.0,7.0,0.0,0.9333333333333333,1.0,1.1298682666666666,1.1454754666666667,-0.5182075999999999,0.0
735,2017-2018,2017-12-02 17:30:00,Schalke 04,FC Cologne,2,2,2.34535,1.90135,1,1667.8234922697839,1430.8349540148777,236.9885382549062,7.0,6.0,1.0,1.4666666666666666,0.5333333333333333,1.3059593999999999,1.1065657333333334,1.0234192,0.0
736,2017-2018,2017-12-03 14:30:00,Hertha Berlin,Eintracht Frankfurt,1,2,1.14526,0.419465,2,1546.2518778632693,1544.583233538521,1.6686443247483567,6.0,8.0,-2.0,1.4666666666666666,1.2,1.2040102466666667,1.2323546,0.1896777299999999,0.0
737,2017-2018,2017-12-03 17:00:00,Wolfsburg,Borussia M.Gladbach,3,0,1.57711,1.41032,0,1545.3687627453455,1678.8790215329473,-133.51025878760174,8.0,7.0,1.0,1.2666666666666666,1.7333333333333334,1.0154606000000002,1.5985470666666666,0.13758980000000004,0.0
738,2017-2018,2017-12-08 19:30:00,VfB Stuttgart,Bayer Leverkusen,0,2,0.405005,1.90593,2,1477.7351561168389,1654.929015945617,-177.19385982877816,6.0,6.0,0.0,0.9333333333333333,2.2,1.1616336000000003,1.7985953333333333,-0.5034320999999999,0.0
739,2017-2018,2017-12-09 14:30:00,RasenBallsport Leipzig,Mainz 05,2,2,1.25461,1.28316,1,1712.6235959781943,1486.5536611175849,226.06993486060946,7.0,7.0,0.0,1.6,1.0,1.4361935333333335,0.8008498666666667,-0.3495029999999999,0.0
740,2017-2018,2017-12-09 14:30:00,Hamburger SV,Wolfsburg,0,0,0.929827,0.0876003,1,1525.5543491084713,1576.0610272966237,-50.506678188152364,7.0,5.0,2.0,1.0,1.4,0.9454661333333332,1.0362352666666665,-0.7276964,0.0
741,2017-2018,2017-12-09 14:30:00,Eintracht Frankfurt,Bayern Munich,0,1,0.486786,0.364594,2,1565.1360315977186,1937.9647087594158,-372.8286771616972,6.0,7.0,-1.0,1.2,2.533333333333333,1.1507295999999998,2.281632066666667,-0.14079969999999986,0.0
742,2017-2018,2017-12-09 14:30:00,Borussia Dortmund,Werder Bremen,1,2,1.86761,0.944053,2,1724.853220027578,1536.6948437978504,188.15837622972754,7.0,7.0,0.0,2.533333333333333,0.8,2.347242666666667,1.0808782666666665,0.6736881,0.0
743,2017-2018,2017-12-09 17:30:00,Borussia M.Gladbach,Schalke 04,1,1,1.64999,0.771592,1,1648.186756981669,1655.8447089817073,-7.657952000038222,6.0,7.0,-1.0,1.6666666666666667,1.5333333333333334,1.5823250666666664,1.3797840666666665,0.060767900000000055,0.0
744,2017-2018,2017-12-10 12:30:00,FC Cologne,Freiburg,3,4,1.45869,3.40591,2,1442.8137373029542,1487.3285305839572,-44.514793281002994,7.0,8.0,-1.0,0.5333333333333333,0.6666666666666666,1.1686232666666667,1.0700192,-0.26771409999999995,0.0
745,2017-2018,2017-12-10 14:30:00,Hannover 96,Hoffenheim,2,0,1.48558,0.750256,0,1480.2850544651674,1697.94560235283,-217.6605478876627,8.0,8.0,0.0,1.2,1.6666666666666667,1.2284930666666667,1.2081762666666667,-0.4968989999999999,0.0
746,2017-2018,2017-12-10 17:00:00,Augsburg,Hertha Berlin,1,1,1.63195,0.647387,1,1622.1369603627447,1525.6990798040717,96.43788055867299,8.0,7.0,1.0,1.4,1.4,1.3053919999999999,1.17446358,-0.19906553000000007,0.0
747,2017-2018,2017-12-12 17:30:00,Wolfsburg,RasenBallsport Leipzig,1,1,2.38829,0.583517,1,1578.3249855643298,1700.8710441245305,-122.54605856020066,3.0,3.0,0.0,1.3333333333333333,1.6,0.9839048199999998,1.4277828666666668,0.50714467,0.0
748,2017-2018,2017-12-12 19:30:00,Hamburger SV,Eintracht Frankfurt,1,2,1.79316,1.02455,2,1523.2903908407652,1559.6275158164992,-36.337124975734014,3.0,3.0,0.0,0.8666666666666667,1.0666666666666667,0.9696638,1.0324540000000002,-0.4786488,0.0
749,2017-2018,2017-12-12 19:30:00,Mainz 05,Borussia Dortmund,0,2,0.503881,2.02169,2,1498.3062129712487,1697.970877053759,-199.6646640825104,3.0,3.0,0.0,1.1333333333333333,2.3333333333333335,0.8769537333333335,2.1816419999999996,0.18595710000000001,0.0
750,2017-2018,2017-12-12 19:30:00,Freiburg,Borussia M.Gladbach,1,0,1.63493,0.222306,0,1505.862215736437,1644.0316301609619,-138.1694144245248,2.0,3.0,-1.0,0.8666666666666667,1.6,1.1951518666666665,1.5603657333333332,-0.2201379,0.0
751,2017-2018,2017-12-13 17:30:00,Hoffenheim,VfB Stuttgart,1,0,2.10144,0.616667,0,1666.114991256181,1458.9814740978672,207.13351715831368,3.0,4.0,-1.0,1.6666666666666667,0.8666666666666667,1.2031334666666667,1.1237537333333334,0.2714042,0.0
752,2017-2018,2017-12-13 19:30:00,Bayer Leverkusen,Werder Bremen,1,0,2.27284,0.251631,0,1673.6826979645887,1563.5771867716692,110.1055111929195,5.0,4.0,1.0,1.9333333333333333,0.7333333333333333,1.6309106666666666,1.0341818,0.7302943,0.0
753,2017-2018,2017-12-13 19:30:00,Bayern Munich,FC Cologne,1,0,3.34396,0.303914,0,1943.473224540635,1424.2800521504744,519.1931723901607,4.0,3.0,1.0,2.3333333333333335,0.6,2.043681666666667,1.1797332666666667,0.9114609999999999,0.0
754,2017-2018,2017-12-13 19:30:00,Hertha Berlin,Hannover 96,3,1,2.55607,1.88845,0,1533.8905732565595,1512.1156655618165,21.77490769474298,3.0,3.0,0.0,1.3333333333333333,1.2666666666666666,0.9657360466666667,1.2068564,0.14412632999999997,0.0
755,2017-2018,2017-12-13 19:30:00,Schalke 04,Augsburg,3,2,2.60823,1.41489,0,1659.9998358024145,1613.945466910257,46.05436889215753,4.0,3.0,1.0,1.5333333333333334,1.4666666666666666,1.3558088666666666,1.396534333333333,0.16707120000000003,0.0
756,2017-2018,2017-12-15 19:30:00,Borussia M.Gladbach,Hamburger SV,3,1,2.64643,0.569992,0,1626.2809013691094,1504.3909844754849,121.88991689362456,3.0,3.0,0.0,1.5333333333333334,0.8666666666666667,1.4668507999999998,1.0523824666666668,0.15551120000000002,0.0
757,2017-2018,2017-12-16 14:30:00,Werder Bremen,Mainz 05,2,2,1.20149,1.04877,1,1556.22372093981,1481.0079807695981,75.2157401702118,2.0,3.0,-1.0,0.7333333333333333,1.1333333333333333,0.9971683333333333,0.8754349333333332,-0.5236245000000002,0.0
758,2017-2018,2017-12-16 14:30:00,VfB Stuttgart,Bayern Munich,0,1,1.0958,1.44251,2,1454.3161654460594,1944.3543563150936,-490.0381908690342,2.0,2.0,0.0,0.8666666666666667,2.2,1.1062389999999998,2.081341666666667,-0.4039417999999999,0.0
759,2017-2018,2017-12-16 14:30:00,FC Cologne,Wolfsburg,1,0,2.32178,1.15445,0,1423.398920376016,1579.3618149519516,-155.9628945759357,2.0,3.0,-1.0,0.6,1.4,1.144134,1.11011982,-0.69038227,0.0
760,2017-2018,2017-12-16 14:30:00,Augsburg,Freiburg,3,3,2.95093,1.76688,1,1604.3014517531835,1523.6129445282895,80.68850722489401,2.0,3.0,-1.0,1.6,0.9333333333333333,1.4525945333333332,1.2887226666666665,0.3548743999999999,0.0
761,2017-2018,2017-12-16 14:30:00,Eintracht Frankfurt,Schalke 04,2,2,1.53257,1.82598,1,1578.5269221817796,1669.643850959488,-91.11692877770838,3.0,2.0,1.0,1.2,1.6,0.9978933333333333,1.4022021999999998,0.02784369999999997,0.0
762,2017-2018,2017-12-16 17:30:00,Borussia Dortmund,Hoffenheim,2,1,3.38052,1.31881,0,1715.2691092554096,1670.7802999079888,44.48880934742078,3.0,3.0,0.0,2.2666666666666666,1.6666666666666667,2.241472,1.2782781333333333,-0.007858399999999953,0.0
763,2017-2018,2017-12-17 14:30:00,Hannover 96,Bayer Leverkusen,4,4,2.17843,2.07116,1,1496.1992415815848,1681.036163796448,-184.83692221486308,3.0,3.0,0.0,1.2666666666666666,1.9333333333333333,1.2920764666666666,1.6566599999999998,-0.1031114,0.0
764,2017-2018,2017-12-17 17:00:00,RasenBallsport Leipzig,Hertha Berlin,2,3,2.67409,1.85524,2,1699.8342147369087,1549.8069972367912,150.02721750011756,4.0,3.0,1.0,1.6666666666666667,1.4,1.4139363333333332,1.10703698,-0.12372742999999997,0.0
765,2017-2018,2018-01-12 19:30:00,Bayer Leverkusen,Bayern Munich,1,3,0.615242,1.48773,2,1677.2051189591914,1947.4187024741063,-270.21358351491494,14.0,14.0,0.0,2.066666666666667,2.1333333333333333,1.6323466666666666,2.0842056666666666,0.1721594000000001,0.0
766,2017-2018,2018-01-13 14:30:00,Augsburg,Hamburger SV,1,0,1.32144,0.362892,0,1596.6574695420813,1493.926504621711,102.7309649203703,14.0,14.0,0.0,1.6666666666666667,0.7333333333333333,1.4855512,0.9806792666666666,0.19317929999999997,0.0
767,2017-2018,2018-01-13 14:30:00,Eintracht Frankfurt,Freiburg,1,1,1.81323,0.309107,1,1578.1179307494374,1531.256926739392,46.86100401004546,14.0,14.0,0.0,1.3333333333333333,1.0666666666666667,1.0382721333333333,1.3761008666666668,0.6085991000000001,0.0
768,2017-2018,2018-01-13 14:30:00,Hannover 96,Mainz 05,3,2,1.80008,0.431335,0,1500.0302864188413,1488.4559986212078,11.574287797633588,14.0,14.0,0.0,1.4666666666666666,1.2666666666666666,1.3836073999999996,0.9196208,-0.06698849999999995,0.0
769,2017-2018,2018-01-13 14:30:00,VfB Stuttgart,Hertha Berlin,1,0,0.282511,1.01714,0,1451.2518192870466,1575.6739395366615,-124.42212024961486,14.0,14.0,0.0,0.8,1.6,1.040109,1.2036302466666666,-0.57028823,0.0
770,2017-2018,2018-01-13 14:30:00,Werder Bremen,Hoffenheim,1,1,2.47477,1.30821,1,1548.7757030882003,1661.0754569454423,-112.29975385724197,14.0,14.0,0.0,0.8666666666666667,1.6,1.0619544666666667,1.3208647999999998,0.031341100000000066,0.0
771,2017-2018,2018-01-13 17:30:00,RasenBallsport Leipzig,Schalke 04,3,1,2.72958,0.529316,0,1673.9672724370384,1670.0528423918302,3.9144300452082916,14.0,14.0,0.0,1.5333333333333334,1.7333333333333334,1.401967,1.4970654666666665,-0.1548102,0.0
772,2017-2018,2018-01-14 14:30:00,FC Cologne,Borussia M.Gladbach,2,1,1.74295,2.11945,0,1441.9540475460344,1636.7453812228832,-194.7913336768488,14.0,14.0,0.0,0.6,1.6,1.173092,1.555066133333333,-0.4707628000000001,0.0
773,2017-2018,2018-01-14 17:00:00,Borussia Dortmund,Wolfsburg,0,0,2.55723,0.698882,1,1724.9739522179561,1560.806687781933,164.16726443602306,14.0,14.0,0.0,2.2666666666666666,1.3333333333333333,2.328848666666666,1.1153978199999997,-0.36376327,0.0
774,2017-2018,2018-01-19 19:30:00,Hertha Berlin,Borussia Dortmund,1,1,0.800387,1.64967,1,1558.5511080446913,1714.7135690175546,-156.1624609728633,6.0,5.0,1.0,1.5333333333333334,2.2666666666666666,1.2547221800000001,2.394796666666666,0.635629,0.0
775,2017-2018,2018-01-20 14:30:00,Wolfsburg,Eintracht Frankfurt,1,3,0.7221,1.78303,2,1571.0670709823346,1571.730689906622,-0.663618924287448,5.0,7.0,-2.0,1.2666666666666666,1.3333333333333333,1.0863559533333331,1.1182076,-0.11240353,0.0
776,2017-2018,2018-01-20 14:30:00,Freiburg,RasenBallsport Leipzig,2,1,0.536057,0.754386,0,1537.6441675822073,1690.995766634798,-153.3515990525907,7.0,6.0,1.0,1.1333333333333333,1.6,1.3640362666666668,1.4921676666666668,-0.30764159999999996,0.0
777,2017-2018,2018-01-20 14:30:00,Hoffenheim,Bayer Leverkusen,1,4,0.638704,2.20181,2,1660.5092688567297,1664.1046765380966,-3.5954076813668507,7.0,7.0,0.0,1.5333333333333334,2.066666666666667,1.3672715999999998,1.6090449333333332,-0.5634149000000002,0.0
778,2017-2018,2018-01-20 14:30:00,Borussia M.Gladbach,Augsburg,2,0,1.58577,1.31181,0,1616.4852615889365,1604.254118458918,12.231143130018609,6.0,7.0,-1.0,1.6666666666666667,1.5333333333333334,1.654226733333333,1.4218772,-0.13793959999999994,0.0
779,2017-2018,2018-01-20 14:30:00,Mainz 05,VfB Stuttgart,3,2,2.3724,0.718389,0,1477.424547303935,1468.3746507790167,9.049896524918267,7.0,7.0,0.0,1.2,0.8,0.8591891333333332,0.9722123999999999,0.47180199999999994,0.0
780,2017-2018,2018-01-20 17:30:00,Hamburger SV,FC Cologne,0,2,0.899507,1.38156,2,1486.3298557048745,1462.2141671799811,24.115688524893358,7.0,6.0,1.0,0.7333333333333333,0.7333333333333333,0.9265940666666667,1.2587304000000001,0.26817080000000004,0.0
781,2017-2018,2018-01-21 14:30:00,Bayern Munich,Werder Bremen,4,2,1.89433,0.862595,0,1960.5191448952012,1549.341891176913,411.1772537182883,8.0,8.0,0.0,2.3333333333333335,0.8666666666666667,2.082593,1.1889622,0.14286259999999998,0.0
782,2017-2018,2018-01-21 17:00:00,Schalke 04,Hannover 96,1,1,0.635085,0.897268,1,1653.0243481940706,1511.061737736114,141.96261045795654,7.0,8.0,-1.0,1.6,1.6,1.3999032000000002,1.4716023333333332,-0.003606500000000068,0.0
783,2017-2018,2018-01-26 19:30:00,Eintracht Frankfurt,Borussia M.Gladbach,2,0,1.33681,1.41602,0,1602.4115434479459,1632.9914641914747,-30.579920743528874,6.0,6.0,0.0,1.4666666666666666,1.6666666666666667,1.1487442666666667,1.6632620666666666,0.2820594,0.0
784,2017-2018,2018-01-27 14:30:00,Bayern Munich,Hoffenheim,5,2,2.83832,1.01591,0,1962.9234033341495,1624.9334132740337,337.9899900601158,6.0,7.0,-1.0,2.3333333333333335,1.5333333333333334,1.914408333333333,1.3714483333333334,0.4300261,0.0
785,2017-2018,2018-01-27 14:30:00,Borussia Dortmund,Freiburg,2,2,0.675137,0.759035,1,1712.1494866764742,1556.0819683460613,156.0675183304129,7.0,7.0,0.0,2.0,1.2666666666666666,2.248004666666666,1.3711685333333332,-0.6174481,0.0
786,2017-2018,2018-01-27 14:30:00,FC Cologne,Augsburg,1,1,0.9238,0.688597,1,1494.4407683872616,1587.7479158563797,-93.30714746911804,6.0,7.0,-1.0,0.8666666666666667,1.4,1.3200452666666669,1.4607725333333332,0.0282501,0.0
787,2017-2018,2018-01-27 14:30:00,RasenBallsport Leipzig,Hamburger SV,1,1,1.09746,0.987601,1,1672.557965870944,1454.103254497594,218.45471137334994,7.0,6.0,1.0,1.5333333333333334,0.7333333333333333,1.4933748,0.9563389333333332,0.31046779999999996,0.0
788,2017-2018,2018-01-27 14:30:00,VfB Stuttgart,Schalke 04,0,2,0.503564,2.63904,2,1457.2379216742581,1643.3908557010013,-186.1529340267432,7.0,5.0,2.0,0.8666666666666667,1.5333333333333334,0.9446056666666667,1.3801911333333337,-0.33114670000000007,0.0
789,2017-2018,2018-01-27 17:30:00,Werder Bremen,Hertha Berlin,0,0,1.56245,0.788324,1,1546.9376327379646,1561.1151903857717,-14.177557647807134,6.0,7.0,-1.0,0.9333333333333333,1.5333333333333334,1.1809846666666666,1.277742446666667,-0.26668020000000003,0.0
790,2017-2018,2018-01-28 14:30:00,Bayer Leverkusen,Mainz 05,2,0,1.5045,0.142135,0,1699.6805321207926,1488.5612764086936,211.11925571209895,8.0,8.0,0.0,2.066666666666667,1.4,1.6055582666666666,0.9699303333333336,-0.1933357,0.0
791,2017-2018,2018-01-28 17:00:00,Hannover 96,Wolfsburg,0,1,0.784672,0.25357,2,1520.6952302291834,1540.3862174410108,-19.690987211827405,7.0,8.0,-1.0,1.5333333333333334,1.3333333333333333,1.3782068666666667,1.1042709533333332,0.16690533000000005,0.0
792,2017-2018,2018-02-02 19:30:00,FC Cologne,Borussia Dortmund,2,3,2.00798,2.4117,2,1494.132589257237,1702.112010080738,-207.97942082350096,6.0,6.0,0.0,0.9333333333333333,1.9333333333333333,1.2587432666666667,2.0809258,0.31709069999999984,0.0
793,2017-2018,2018-02-03 14:30:00,Schalke 04,Werder Bremen,1,2,0.736859,1.90873,2,1661.5586714712988,1543.063834163964,118.49483730733482,7.0,6.0,1.0,1.6666666666666667,0.8666666666666667,1.4786078000000002,1.210094,0.33411240000000003,0.0
794,2017-2018,2018-02-03 14:30:00,Wolfsburg,VfB Stuttgart,1,1,0.810006,1.85583,1,1560.0200949289133,1439.0701059039607,120.94998902495263,5.0,7.0,-2.0,1.3333333333333333,0.8666666666666667,1.0533836199999997,0.9450152666666667,0.33013407,0.0
795,2017-2018,2018-02-03 14:30:00,Mainz 05,Bayern Munich,0,2,1.12443,1.61624,2,1481.6993533129353,1967.0886973671916,-485.3893440542563,6.0,7.0,-1.0,1.2666666666666666,2.466666666666667,0.9045726666666667,1.9399589999999998,-0.20273339999999995,0.0
796,2017-2018,2018-02-03 14:30:00,Hertha Berlin,Hoffenheim,1,1,1.24795,2.05596,1,1564.9889889597723,1620.7681192409916,-55.779130281219295,6.0,7.0,-1.0,1.4,1.4666666666666666,1.2968435133333334,1.3751553333333333,0.11920680000000007,0.0
797,2017-2018,2018-02-03 14:30:00,Freiburg,Bayer Leverkusen,0,0,0.683392,0.761203,1,1566.1194449417976,1706.542455216551,-140.42301027475332,7.0,6.0,1.0,1.3333333333333333,2.1333333333333333,1.2288648666666668,1.677405533333333,0.056534399999999985,0.0
798,2017-2018,2018-02-03 17:30:00,Borussia M.Gladbach,RasenBallsport Leipzig,0,1,1.46815,1.47738,2,1613.7240212995089,1660.969509889166,-47.24548858965704,7.0,7.0,0.0,1.5333333333333334,1.6,1.6810374,1.4995961333333334,-0.3761909,0.0
799,2017-2018,2018-02-04 14:30:00,Augsburg,Eintracht Frankfurt,3,0,3.37224,0.35277,0,1588.0560949864043,1621.6789863399117,-33.622891353507384,8.0,8.0,0.0,1.4,1.5333333333333334,1.4199896666666667,1.1491309333333333,-0.47994860000000006,0.0
800,2017-2018,2018-02-04 17:00:00,Hamburger SV,Hannover 96,1,1,1.47817,1.12675,1,1465.691710479372,1501.0613527412809,-35.36964226190889,8.0,7.0,1.0,0.8,1.4666666666666666,1.0097609333333333,1.3617103333333336,-0.1720091,0.0
801,2017-2018,2018-02-09 19:30:00,RasenBallsport Leipzig,Augsburg,2,0,1.94548,0.813412,0,1679.3804450653984,1610.7708788810462,68.60956618435216,6.0,5.0,1.0,1.5333333333333334,1.6,1.4949854666666667,1.6198995333333337,0.23600050000000006,0.0
802,2017-2018,2018-02-10 14:30:00,Bayer Leverkusen,Hertha Berlin,0,2,1.55781,0.935771,2,1704.689261227469,1562.9634684401963,141.72579278727267,7.0,7.0,0.0,1.9333333333333333,1.4666666666666666,1.5685943999999998,1.3442435133333333,0.2241952,0.0
803,2017-2018,2018-02-10 14:30:00,Borussia Dortmund,Hamburger SV,2,0,2.58479,0.4947,0,1713.2935237257816,1462.7492348099838,250.54428891579778,7.0,5.0,2.0,1.7333333333333334,0.8666666666666667,1.9187504666666666,1.0787483333333332,0.01723849999999999,0.0
804,2017-2018,2018-02-10 14:30:00,Eintracht Frankfurt,FC Cologne,4,2,2.44799,1.30881,0,1598.9642024452698,1482.9510756121933,116.01312683307651,6.0,7.0,-1.0,1.4666666666666666,1.0666666666666667,1.1366646,1.3188632666666669,0.34266149999999995,0.0
805,2017-2018,2018-02-10 14:30:00,Hannover 96,Freiburg,2,1,0.974571,1.23823,0,1504.003828410669,1567.9726389308796,-63.96881052021058,5.0,7.0,-2.0,1.5333333333333334,1.3333333333333333,1.3462210000000001,1.2171127333333336,-0.35419040000000007,0.0
806,2017-2018,2018-02-10 14:30:00,Hoffenheim,Mainz 05,4,2,2.97721,1.45197,0,1622.7936397605677,1476.990396660453,145.80324310011474,7.0,7.0,0.0,1.4,1.2,1.4244006666666666,0.9009940000000001,-0.3149119,0.0
807,2017-2018,2018-02-10 17:30:00,Bayern Munich,Schalke 04,2,1,1.20152,0.90129,0,1971.797654019674,1636.6421974525397,335.15545656713425,7.0,7.0,0.0,2.466666666666667,1.7333333333333334,1.8918336666666666,1.4584184000000002,0.0760227,0.0
808,2017-2018,2018-02-11 14:30:00,VfB Stuttgart,Borussia M.Gladbach,1,0,0.648719,0.467987,0,1448.0642235882603,1595.3130861232764,-147.2488625350161,8.0,7.0,1.0,0.9333333333333333,1.4666666666666666,1.0395924666666665,1.7042514,0.139133,0.0
809,2017-2018,2018-02-11 17:00:00,Werder Bremen,Wolfsburg,3,1,1.13687,1.58428,0,1567.980308182723,1551.0259772446136,16.95433093810948,8.0,8.0,0.0,1.0,1.2666666666666666,1.242808,1.0760042866666666,-0.08023576999999993,0.0
810,2017-2018,2018-02-16 19:30:00,Hertha Berlin,Mainz 05,0,2,0.405793,1.22486,2,1601.403274441281,1467.608635780271,133.7946386610099,6.0,6.0,0.0,1.4666666666666666,1.2666666666666666,1.2957255799999998,0.9376406666666666,-0.25434919999999994,0.0
811,2017-2018,2018-02-17 14:30:00,Wolfsburg,Bayern Munich,1,2,0.469077,3.22804,2,1534.8129690400906,1974.21402085914,-439.40105181904937,5.0,6.0,-1.0,1.2666666666666666,2.466666666666667,1.13202502,1.8712389999999999,-0.45319263000000015,0.0
812,2017-2018,2018-02-17 14:30:00,Hamburger SV,Bayer Leverkusen,1,2,0.771028,2.12545,2,1457.1170677452642,1666.2494552263843,-209.13238748112008,7.0,7.0,0.0,0.8666666666666667,1.8666666666666667,1.0479219333333334,1.5966277333333332,-0.2758001,0.0
813,2017-2018,2018-02-17 14:30:00,FC Cologne,Hannover 96,1,1,0.244916,1.20598,1,1472.2071253790916,1518.3504538924776,-46.143328513385995,7.0,7.0,0.0,1.1333333333333333,1.6,1.3167759333333333,1.3197044000000002,-0.09915129999999998,0.0
814,2017-2018,2018-02-17 14:30:00,Freiburg,Werder Bremen,1,0,1.80201,0.353523,0,1553.626013449071,1584.193316387246,-30.56730293817509,7.0,5.0,2.0,1.2,1.2,1.2164067333333335,1.2901357333333332,0.19815720000000003,0.0
815,2017-2018,2018-02-17 17:30:00,Schalke 04,Hoffenheim,2,1,1.03034,0.4915,0,1634.2258306130736,1632.1754006407496,2.050429972324082,7.0,7.0,0.0,1.7333333333333334,1.5333333333333334,1.4774556,1.5810684,0.3221974,0.0
816,2017-2018,2018-02-18 14:30:00,Augsburg,VfB Stuttgart,0,1,0.321031,1.40418,2,1597.5823036044726,1466.2267988712006,131.35550473327203,8.0,7.0,1.0,1.5333333333333334,0.9333333333333333,1.6047776666666669,1.0238804666666668,0.10444159999999997,0.0
817,2017-2018,2018-02-18 17:00:00,Borussia M.Gladbach,Borussia Dortmund,0,1,1.84628,0.362785,2,1577.1505108403362,1718.9256907905012,-141.775179950165,7.0,8.0,-1.0,1.3333333333333333,1.7333333333333334,1.5824192000000001,1.9618464666666668,-0.3426425999999999,0.0
818,2017-2018,2018-02-19 19:30:00,Eintracht Frankfurt,RasenBallsport Leipzig,2,1,1.64582,0.650812,0,1609.7081526783716,1692.569020341972,-82.8608676636004,9.0,10.0,-1.0,1.6,1.5333333333333334,1.2245412666666666,1.4181754666666668,0.28777740000000007,0.0
819,2017-2018,2018-02-23 19:30:00,Mainz 05,Wolfsburg,1,1,0.773004,1.00505,1,1505.6940950648186,1530.84032622633,-25.146231161511423,7.0,6.0,1.0,1.2,1.2,0.9360019999999999,1.1022583533333332,0.45843902999999997,0.0
820,2017-2018,2018-02-24 14:30:00,Hannover 96,Borussia M.Gladbach,0,1,2.15161,1.51236,2,1520.8109691016111,1563.0651111842035,-42.25414208259235,7.0,5.0,2.0,1.6,1.2,1.3565297333333333,1.6086812000000001,1.0407732,0.0
821,2017-2018,2018-02-24 14:30:00,Bayern Munich,Hertha Berlin,0,0,1.65693,0.0979538,1,1978.1866636729005,1563.3178151567336,414.86884851616696,7.0,7.0,0.0,2.2666666666666666,1.4666666666666666,1.980708333333333,1.3210809999999997,0.21164179999999996,0.0
822,2017-2018,2018-02-24 14:30:00,Hoffenheim,Freiburg,1,1,0.564931,1.00896,1,1620.7443519407232,1566.4704169039303,54.273935036792864,6.0,7.0,-1.0,1.4666666666666666,1.2666666666666666,1.4857863999999998,1.3134817333333335,-0.02369530000000003,0.0
823,2017-2018,2018-02-24 14:30:00,VfB Stuttgart,Eintracht Frankfurt,1,0,1.94602,0.263378,0,1491.5431655505986,1624.9195060825866,-133.37634053198803,6.0,4.0,2.0,0.8666666666666667,1.6,0.9715291333333334,1.2758151333333336,-0.7803444,0.0
824,2017-2018,2018-02-24 17:30:00,Werder Bremen,Hamburger SV,1,0,0.888389,0.225135,0,1571.3489129323868,1445.9837862713769,125.36512666100998,7.0,7.0,0.0,1.2,0.8,1.2123312666666666,0.9663464666666666,0.5337963,0.0
825,2017-2018,2018-02-25 14:30:00,Bayer Leverkusen,Schalke 04,0,2,0.417132,1.99241,2,1677.3827367002716,1645.6568793131,31.725857387171573,8.0,7.0,1.0,1.8666666666666667,1.7333333333333334,1.6416090666666667,1.4224922666666664,-0.21879629999999994,0.0
826,2017-2018,2018-02-25 17:00:00,RasenBallsport Leipzig,FC Cologne,1,2,2.11128,1.31216,2,1677.357666937757,1469.746610169958,207.6110567677988,5.0,8.0,-3.0,1.4,1.1333333333333333,1.3021735999999997,1.2275310000000001,-0.18557740000000003,0.0
827,2017-2018,2018-02-26 19:30:00,Borussia Dortmund,Augsburg,1,1,1.19993,1.01277,1,1733.011090446634,1572.2659369250746,160.74515352155936,8.0,8.0,0.0,1.6666666666666667,1.4,1.845224133333333,1.5649136666666668,-0.16449519999999998,0.0
828,2017-2018,2018-03-02 19:30:00,Borussia M.Gladbach,Werder Bremen,2,2,1.85046,2.00266,1,1581.7001866461403,1578.2167135667721,3.4834730793681956,6.0,6.0,0.0,1.2,1.2666666666666666,1.5429212,1.2082980666666667,-0.8350242,0.0
829,2017-2018,2018-03-03 14:30:00,Schalke 04,Hertha Berlin,1,0,0.332588,0.965273,0,1678.3438760225545,1577.7470236836166,100.59685233893788,6.0,7.0,-1.0,1.7333333333333334,1.4,1.4362082666666667,1.2055665866666665,0.16818738,0.0
830,2017-2018,2018-03-03 14:30:00,Hamburger SV,Mainz 05,0,0,1.74881,0.405966,1,1439.1159856369916,1502.2993151650078,-63.1833295280162,6.0,7.0,-1.0,0.8,1.2666666666666666,0.9704893333333333,0.9477623333333333,-0.7156067,0.0
831,2017-2018,2018-03-03 14:30:00,Wolfsburg,Bayer Leverkusen,1,2,0.198069,2.04714,2,1534.2351061261409,1644.6957399908172,-110.46063386467631,7.0,6.0,1.0,1.2,1.5333333333333334,1.0828190199999999,1.5199658666666664,-0.27402283000000005,0.0
832,2017-2018,2018-03-03 14:30:00,Augsburg,Hoffenheim,0,2,0.52869,1.84153,2,1582.4329470932369,1614.0726023911857,-31.63965529794882,4.0,7.0,-3.0,1.4,1.4666666666666666,1.5748233333333337,1.3957571333333334,-0.2616139,0.0
833,2017-2018,2018-03-03 14:30:00,Eintracht Frankfurt,Hannover 96,1,0,2.17331,0.775015,0,1607.3871795688144,1502.1758936396743,105.2112859291401,7.0,7.0,0.0,1.4666666666666666,1.4666666666666666,1.110613,1.4463221333333331,0.2806457,0.0
834,2017-2018,2018-03-03 17:30:00,RasenBallsport Leipzig,Borussia Dortmund,1,1,1.03725,1.66037,1,1650.0120313211664,1722.8440802784717,-72.83204895730523,6.0,4.0,2.0,1.4,1.6,1.3852293333333334,1.7860134666666663,0.34324669999999996,0.0
835,2017-2018,2018-03-04 14:30:00,FC Cologne,VfB Stuttgart,2,3,1.19883,0.510854,2,1497.0922457865486,1509.0754920643708,-11.983246277822218,6.0,8.0,-2.0,1.2666666666666666,0.9333333333333333,1.1952976666666666,1.0608643333333334,0.5470125,0.0
836,2017-2018,2018-03-04 17:00:00,Freiburg,Bayern Munich,0,4,0.471821,1.98824,2,1573.1421664534678,1963.7574551460175,-390.6152886925497,8.0,8.0,0.0,1.2666666666666666,2.2,1.1915337333333331,1.9381089999999999,0.09296629999999997,0.0
837,2017-2018,2018-03-09 19:30:00,Mainz 05,Schalke 04,0,1,0.492366,0.213037,2,1503.988467736508,1686.0119239879095,-182.0234562514015,6.0,6.0,0.0,1.2,1.7333333333333334,0.9558799333333333,1.3622988,-0.02476129999999993,0.0
838,2017-2018,2018-03-10 14:30:00,Bayern Munich,Hamburger SV,6,0,4.9158,0.00671621,0,1973.2396017651297,1437.4268330654913,535.8127686996384,5.0,7.0,-2.0,2.3333333333333335,0.7333333333333333,1.9347736666666668,1.022217,0.7633175,0.0
839,2017-2018,2018-03-10 14:30:00,Hannover 96,Augsburg,1,3,0.741256,2.09117,2,1494.6616495152175,1553.7707895309027,-59.10914001568517,7.0,7.0,0.0,1.2,1.2,1.3419497999999996,1.4230200000000002,0.19529839999999993,0.0
840,2017-2018,2018-03-10 14:30:00,Hertha Berlin,Freiburg,0,0,1.08096,0.303864,1,1570.0789757182615,1563.6600198343556,6.418955883905937,7.0,5.0,2.0,1.2666666666666666,1.2666666666666666,1.2147705866666665,1.2089554666666666,-0.24594798,0.0
841,2017-2018,2018-03-10 14:30:00,Hoffenheim,Wolfsburg,3,0,1.41466,0.226156,0,1642.7347599535199,1518.7166906082928,124.0180693452271,7.0,7.0,0.0,1.5333333333333334,1.2,1.4461344666666667,1.03072782,0.1969569,0.0
842,2017-2018,2018-03-10 17:30:00,Bayer Leverkusen,Borussia M.Gladbach,2,0,2.72895,0.710644,0,1660.2141555086653,1577.070694356543,83.1434611521222,7.0,7.0,0.0,1.5333333333333334,1.1333333333333333,1.560266533333333,1.5457398666666669,0.6560926000000001,0.0
843,2017-2018,2018-03-11 14:30:00,VfB Stuttgart,RasenBallsport Leipzig,0,0,1.1338,0.660324,1,1529.0442724149118,1648.7634447551138,-119.71917234020202,7.0,7.0,0.0,0.9333333333333333,1.4666666666666666,1.0040919333333334,1.4334102666666666,0.1478700999999999,0.0
844,2017-2018,2018-03-11 17:00:00,Borussia Dortmund,Eintracht Frankfurt,3,2,1.28057,1.23331,0,1724.0926668445243,1614.9014236932712,109.19124315125305,7.0,8.0,-1.0,1.5333333333333334,1.4666666666666666,1.8397161333333334,1.2253959333333335,-0.6130364000000001,0.0
845,2017-2018,2018-03-12 19:30:00,Werder Bremen,FC Cologne,3,1,1.35381,0.404235,0,1582.8462058563694,1477.1234654360076,105.72274042036179,10.0,8.0,2.0,1.4,1.3333333333333333,1.2714860666666667,1.2185304,-0.18964080000000003,0.0
846,2017-2018,2018-03-16 19:30:00,Freiburg,VfB Stuttgart,1,2,0.298809,1.62394,2,1568.413073558176,1529.9514000315532,38.46167352662269,6.0,5.0,1.0,1.2666666666666666,0.8666666666666667,1.1690673999999999,0.9983499333333334,0.2220311000000001,0.0
847,2017-2018,2018-03-17 14:30:00,Augsburg,Werder Bremen,1,3,0.547431,2.27046,2,1580.5824598802278,1594.0921995267292,-13.50973964650143,7.0,4.0,3.0,1.3333333333333333,1.5333333333333334,1.468580666666667,1.2894207333333332,-0.46668030000000005,0.0
848,2017-2018,2018-03-17 14:30:00,Borussia M.Gladbach,Hoffenheim,3,3,2.29819,2.23407,1,1564.6671012804359,1654.8267674560084,-90.15966617557251,6.0,7.0,-1.0,1.0666666666666667,1.5333333333333334,1.5407158000000003,1.3391504666666667,-0.9996126000000001,0.0
849,2017-2018,2018-03-17 14:30:00,Eintracht Frankfurt,Mainz 05,3,0,2.11519,0.527164,0,1607.5181078688552,1491.6971412523762,115.82096661647893,5.0,7.0,-2.0,1.4666666666666666,1.1333333333333333,1.1795359333333333,0.9330981999999999,-0.011498199999999986,0.0
850,2017-2018,2018-03-17 14:30:00,Hamburger SV,Hertha Berlin,1,2,0.775841,2.42384,2,1435.7209737025985,1565.3259219944412,-129.60494829184267,7.0,7.0,0.0,0.5333333333333333,1.0666666666666667,0.8877047473333334,1.187814586666667,-0.134975941,0.0
851,2017-2018,2018-03-17 17:30:00,Wolfsburg,Schalke 04,0,1,1.57629,1.29568,2,1506.6246831058043,1698.3032504720413,-191.67856736623708,7.0,7.0,0.0,1.0,1.7333333333333334,0.8857555533333333,1.3265544666666667,-0.3285695,0.0
852,2017-2018,2018-03-18 12:30:00,Borussia Dortmund,Hannover 96,1,0,2.43612,0.659875,0,1731.4759826689406,1467.8499791658924,263.6260035030482,6.0,7.0,-1.0,1.6666666666666667,1.2,1.799016133333333,1.3400974666666667,-0.21270699999999998,0.0
853,2017-2018,2018-03-18 14:30:00,FC Cologne,Bayer Leverkusen,2,0,1.50233,0.407088,0,1465.8774717656477,1672.6177485847725,-206.7402768191248,5.0,7.0,-2.0,1.4,1.6,1.1883198,1.6643998666666666,0.21833760000000005,0.0
854,2017-2018,2018-03-18 17:00:00,RasenBallsport Leipzig,Bayern Munich,2,1,2.78372,1.40277,0,1647.8563171384724,1974.9454611280225,-327.08914398955017,7.0,8.0,-1.0,1.3333333333333333,2.533333333333333,1.3537852000000001,2.1772636666666667,-0.8868382000000001,0.0
855,2017-2018,2018-03-31 14:30:00,Bayer Leverkusen,Augsburg,0,0,0.884077,0.301791,1,1641.467936260349,1550.7283551797834,90.73958108056559,13.0,14.0,-1.0,1.4666666666666666,1.4,1.5836610666666668,1.4862540666666668,0.06422660000000002,0.0
856,2017-2018,2018-03-31 14:30:00,Bayern Munich,Borussia Dortmund,6,0,4.59926,0.485044,0,1949.7598835899958,1734.988288246846,214.77159534314978,12.0,13.0,-1.0,2.4,1.6666666666666667,2.143113,1.8418454666666666,0.8588381999999999,0.0
857,2017-2018,2018-03-31 14:30:00,Hannover 96,RasenBallsport Leipzig,2,3,1.33572,3.09004,2,1464.337673587987,1673.0418946764992,-208.7042210885122,13.0,12.0,1.0,1.2,1.3333333333333333,1.3086531333333333,1.4041178666666665,0.01305950000000003,0.0
858,2017-2018,2018-03-31 14:30:00,Hertha Berlin,Wolfsburg,0,0,0.365312,1.17225,1,1579.9658538437177,1494.751302052942,85.21455179077566,14.0,13.0,1.0,1.0666666666666667,0.8,1.2111365866666666,0.8640988866666668,-0.32199118,0.0
859,2017-2018,2018-03-31 14:30:00,Hoffenheim,FC Cologne,6,0,3.02461,0.786962,0,1655.2798104415094,1497.0272840900711,158.2525263514383,14.0,13.0,1.0,1.6666666666666667,1.5333333333333334,1.4010538,1.250003,-0.05151140000000004,0.0
860,2017-2018,2018-03-31 14:30:00,Schalke 04,Freiburg,2,0,2.05172,0.223581,0,1710.1766315249035,1546.3540982221116,163.82253330279195,13.0,14.0,-1.0,1.6666666666666667,1.2666666666666666,1.2740798000000002,1.135406733333333,0.110564,0.0
861,2017-2018,2018-03-31 14:30:00,VfB Stuttgart,Hamburger SV,1,1,1.08797,0.900691,1,1552.0103753676176,1421.081041853322,130.92933351429565,14.0,14.0,0.0,0.8666666666666667,0.6,1.0303952666666667,0.887645814,0.512259321,0.0
862,2017-2018,2018-04-01 14:30:00,Werder Bremen,Eintracht Frankfurt,2,1,1.06787,0.822039,0,1623.9463042271736,1620.0634815766407,3.882822650532944,14.0,14.0,0.0,1.4666666666666666,1.6,1.2664034000000002,1.291441066666667,-0.06494190000000005,0.0
863,2017-2018,2018-04-01 17:00:00,Mainz 05,Borussia M.Gladbach,0,0,0.633771,0.658951,1,1479.1517675445907,1564.2140582949348,-85.06229075034412,14.0,14.0,0.0,1.0666666666666667,1.0,0.8715398000000001,1.5554844666666667,0.7329681,0.0
864,2017-2018,2018-04-06 18:30:00,Hannover 96,Werder Bremen,2,1,1.60318,1.81065,0,1453.1864918991275,1635.2999664830122,-182.11347458388468,6.0,5.0,1.0,1.2666666666666666,1.6,1.2725631333333332,1.2661540666666666,-0.724536,0.0
865,2017-2018,2018-04-07 13:30:00,Augsburg,Bayern Munich,1,4,0.886211,2.32217,2,1558.7245925987154,1959.3070894606215,-400.58249686190607,6.0,6.0,0.0,1.2666666666666666,2.7333333333333334,1.3664468,2.3897269333333333,-0.8647492,0.0
866,2017-2018,2018-04-07 13:30:00,Borussia M.Gladbach,Hertha Berlin,2,1,1.4326,2.30928,0,1564.9015416756658,1572.1620168641055,-7.260475188439614,5.0,6.0,-1.0,0.8666666666666667,0.9333333333333333,1.4575538666666668,1.0888440533333332,-0.27032482,0.0
867,2017-2018,2018-04-07 13:30:00,FC Cologne,Mainz 05,1,1,1.31169,1.09441,1,1484.4860827111106,1478.4642841638597,6.02179854725091,6.0,5.0,1.0,1.5333333333333334,1.0,1.2533511333333334,0.8662164,0.5076483,0.0
868,2017-2018,2018-04-07 13:30:00,Freiburg,Wolfsburg,0,2,1.20901,0.679271,2,1537.7306436671709,1502.5551390325543,35.17550463461657,6.0,6.0,0.0,1.1333333333333333,0.7333333333333333,1.0282488,0.9282120200000001,0.1691089,0.0
869,2017-2018,2018-04-07 16:30:00,Hamburger SV,Schalke 04,3,2,2.29435,1.35788,0,1430.384427360658,1718.8000860798443,-288.41565871918624,7.0,7.0,0.0,0.4666666666666667,1.5333333333333334,0.8269518806666667,1.327234466666667,-0.546015021,0.0
870,2017-2018,2018-04-08 13:30:00,Borussia Dortmund,VfB Stuttgart,3,0,1.60177,0.613194,0,1725.4410823762203,1542.7069898602815,182.73409251593876,7.0,7.0,0.0,1.4,0.8666666666666667,1.7147890666666663,0.9966032666666668,-0.031284999999999896,0.0
871,2017-2018,2018-04-08 16:00:00,Eintracht Frankfurt,Hoffenheim,1,1,1.82811,0.621143,1,1608.7098193208021,1667.82101182047,-59.11119249966782,7.0,8.0,-1.0,1.6666666666666667,2.066666666666667,1.2966832,1.5622300666666666,-0.39145620000000003,0.0
872,2017-2018,2018-04-09 18:30:00,RasenBallsport Leipzig,Bayer Leverkusen,1,4,1.57617,2.20677,2,1684.1930763653586,1633.471698841417,50.721377523941555,9.0,9.0,0.0,1.4,1.4,1.5422758666666667,1.5796954666666667,0.002702800000000005,0.0
873,2017-2018,2018-04-13 18:30:00,Wolfsburg,Augsburg,0,0,0.789397,0.213724,1,1535.4484609708668,1550.2937790986443,-14.845318127777546,6.0,6.0,0.0,0.6666666666666666,1.1333333333333333,0.8683560866666667,1.2796242,0.05893240000000003,0.0
874,2017-2018,2018-04-14 13:30:00,Bayer Leverkusen,Eintracht Frankfurt,4,1,2.50515,0.856191,0,1672.9097348685905,1606.8354656444228,66.07426922416767,4.0,5.0,-1.0,1.6,1.6,1.5804734666666669,1.3905928666666667,-0.44213930000000007,0.0
875,2017-2018,2018-04-14 13:30:00,Hertha Berlin,FC Cologne,2,1,1.65421,1.41628,0,1560.3342086052562,1479.7497103779372,80.58449822731905,7.0,7.0,0.0,0.9333333333333333,1.4666666666666666,1.1664453866666666,1.2140404666666667,-0.76187438,0.0
876,2017-2018,2018-04-14 13:30:00,Hoffenheim,Hamburger SV,2,0,3.47924,0.338639,0,1669.6953654968493,1454.3001060917936,215.39525940505564,5.0,6.0,-1.0,1.8666666666666667,0.6666666666666666,1.4905962666666668,0.9492280139999999,0.9441518210000002,0.0
877,2017-2018,2018-04-14 13:30:00,VfB Stuttgart,Hannover 96,1,1,0.852341,0.382079,1,1533.51366580585,1472.8990879492226,60.61457785662742,6.0,7.0,-1.0,0.8666666666666667,1.3333333333333333,0.9630962,1.307229133333333,0.10305579999999995,0.0
878,2017-2018,2018-04-14 16:30:00,Bayern Munich,Borussia M.Gladbach,5,1,3.36215,0.196571,0,1967.7379029606925,1576.729349934515,391.0085530261774,7.0,7.0,0.0,2.8,1.0,2.2868276,1.4590391999999996,1.1892352000000002,0.0
879,2017-2018,2018-04-15 13:30:00,Schalke 04,Borussia Dortmund,2,0,0.858968,0.925683,0,1694.8844073487087,1734.6344064306518,-39.74999908194309,7.0,7.0,0.0,1.5333333333333334,1.5333333333333334,1.2614031333333335,1.744995733333333,0.014737199999999895,0.0
880,2017-2018,2018-04-15 16:00:00,Werder Bremen,RasenBallsport Leipzig,1,1,0.9886,1.0854,1,1615.5873704329172,1644.7550403381852,-29.167669905267985,8.0,5.0,3.0,1.6,1.4666666666666666,1.3393300666666663,1.6284065999999997,0.6074504000000001,0.0
881,2017-2018,2018-04-16 18:30:00,Mainz 05,Freiburg,2,0,2.06006,0.3674,0,1483.2006564970332,1504.8373217288583,-21.63666523182519,9.0,9.0,0.0,1.0,1.1333333333333333,0.9006414666666667,1.0434397333333334,0.012863599999999947,0.0
882,2017-2018,2018-04-20 18:30:00,Borussia M.Gladbach,Wolfsburg,3,0,1.89902,0.18377,0,1573.3747315379974,1531.6036247401532,41.77110679784414,6.0,7.0,-1.0,1.0,0.6666666666666666,1.3621446,0.9151425333333333,-0.1932347,0.0
883,2017-2018,2018-04-21 13:30:00,Eintracht Frankfurt,Hertha Berlin,0,3,1.16277,1.53898,2,1591.2854020339869,1568.6939234730091,22.591478560977748,7.0,7.0,0.0,1.6666666666666667,1.0,1.4152198666666667,1.23356692,0.47482348000000013,0.0
884,2017-2018,2018-04-21 13:30:00,Hamburger SV,Freiburg,1,0,1.72754,0.896138,0,1447.5816726229784,1486.1605070848013,-38.57883446182291,7.0,4.0,3.0,0.6666666666666666,0.8666666666666667,0.9098154806666668,0.8408724,0.15729967899999991,0.0
885,2017-2018,2018-04-21 13:30:00,Hannover 96,Bayern Munich,0,3,0.243137,2.00929,2,1479.8102153532163,1971.0925213572102,-491.2823060039939,7.0,6.0,1.0,1.2666666666666666,3.066666666666667,1.2336623999999998,2.486664666666667,-0.6662916,0.0
886,2017-2018,2018-04-21 13:30:00,RasenBallsport Leipzig,Hoffenheim,2,5,1.59229,3.43682,2,1647.972535687585,1676.4137989656645,-28.441263278079532,5.0,7.0,-2.0,1.4,2.0,1.6171259333333332,1.6725285333333335,-0.8713002,0.0
887,2017-2018,2018-04-21 13:30:00,VfB Stuttgart,Werder Bremen,2,0,2.08957,0.392824,0,1526.6025384018562,1612.3698750835174,-85.76733668166116,7.0,5.0,2.0,0.9333333333333333,1.5333333333333334,0.9929185999999999,1.3422998666666668,-0.48952860000000004,0.0
888,2017-2018,2018-04-21 16:30:00,Borussia Dortmund,Bayer Leverkusen,4,0,3.53524,0.409487,0,1714.7551054326952,1688.4597984790264,26.29530695366884,6.0,7.0,-1.0,1.4666666666666666,1.7333333333333334,1.6822005999999996,1.6204214666666668,0.1692008000000001,0.0
889,2017-2018,2018-04-22 13:30:00,Augsburg,Mainz 05,2,0,1.66389,0.293261,0,1554.138615329358,1501.8774711410902,52.261144188267735,8.0,5.0,3.0,1.0666666666666667,1.0,1.1850758,0.9524347999999999,0.06995309999999999,0.0
890,2017-2018,2018-04-22 16:00:00,FC Cologne,Schalke 04,2,2,0.751725,2.56921,1,1471.3899955101842,1714.7637083466652,-243.373712836481,8.0,7.0,1.0,1.3333333333333333,1.6,1.2112131333333336,1.2672282000000001,-0.17234209999999994,0.0
891,2017-2018,2018-04-27 18:30:00,Hoffenheim,Hannover 96,3,1,1.88985,1.26677,0,1710.1005662615564,1474.4822368351076,235.61832942644878,6.0,6.0,0.0,2.2666666666666666,1.2,1.7615538666666668,1.123974866666667,0.8986709,0.0
892,2017-2018,2018-04-28 13:30:00,Bayern Munich,Eintracht Frankfurt,4,1,1.89862,1.25053,0,1976.420499875319,1553.7962673191992,422.62423255611975,7.0,7.0,0.0,3.2,1.5333333333333334,2.397686666666667,1.4244345333333333,0.5861937999999999,0.0
893,2017-2018,2018-04-28 13:30:00,Freiburg,FC Cologne,3,2,3.3782,1.34976,0,1472.9599534531553,1477.6416950723278,-4.681741619172499,7.0,5.0,2.0,0.8,1.4666666666666666,0.7916196000000001,1.2410672,-0.7581884999999999,0.0
894,2017-2018,2018-04-28 13:30:00,Hertha Berlin,Augsburg,2,2,1.46846,0.668665,1,1606.1830581877969,1568.2461310480144,37.93692713978248,7.0,6.0,1.0,1.0,1.0666666666666667,1.1657609199999999,1.2016757999999998,-0.13972528000000006,0.0
895,2017-2018,2018-04-28 13:30:00,Schalke 04,Borussia M.Gladbach,1,1,1.21432,1.8312,1,1708.5120087845216,1590.54389073165,117.96811805287166,5.0,7.0,-2.0,1.5333333333333334,1.2,1.2646268666666667,1.473925533333333,0.426994,0.0
896,2017-2018,2018-04-28 13:30:00,Wolfsburg,Hamburger SV,1,3,0.910012,2.91172,2,1514.4344655465006,1460.7822262546244,53.652239291876185,7.0,7.0,0.0,0.6,0.6666666666666666,0.7681745333333332,0.905440814,0.039984021000000064,0.0
897,2017-2018,2018-04-28 16:30:00,Bayer Leverkusen,VfB Stuttgart,0,1,2.48527,0.632526,2,1668.908781904324,1549.6199304342956,119.28885147002848,7.0,7.0,0.0,1.6666666666666667,1.0666666666666667,1.4961979333333335,1.0911121333333331,-0.13784659999999996,0.0
898,2017-2018,2018-04-29 13:30:00,Mainz 05,RasenBallsport Leipzig,3,0,2.16729,1.04843,0,1487.7699554224337,1614.285768391693,-126.51581296925929,7.0,8.0,-1.0,1.0,1.4666666666666666,0.9383934666666665,1.6843774666666664,0.15759340000000005,0.0
899,2017-2018,2018-04-29 16:00:00,Werder Bremen,Borussia Dortmund,1,1,1.2344,2.47525,1,1589.352483051078,1734.3061220073976,-144.95363895631954,8.0,7.0,1.0,1.5333333333333334,1.6,1.3517127333333332,1.7831039333333332,0.3806645999999999,0.0
900,2017-2018,2018-05-05 14:30:00,VfB Stuttgart,Hoffenheim,2,0,0.980831,1.18053,0,1574.56158218065,1716.1741120673255,-141.61252988667547,6.0,7.0,-1.0,1.1333333333333333,2.4,1.0602272,1.7996231999999999,-0.7896041000000001,0.0
901,2017-2018,2018-05-05 14:30:00,RasenBallsport Leipzig,Wolfsburg,4,1,1.88692,0.680762,0,1584.1529855593012,1480.4623457556324,103.69063980366877,6.0,7.0,-1.0,1.3333333333333333,0.6666666666666666,1.5760001333333333,0.7518786666666667,-0.2426374,0.0
902,2017-2018,2018-05-05 14:30:00,Hannover 96,Hertha Berlin,3,1,1.53367,1.07207,0,1468.4086910293386,1600.1447947448187,-131.7361037154801,7.0,7.0,0.0,1.0,0.9333333333333333,1.0631975333333332,1.1399755866666665,-0.005456020000000006,0.0
903,2017-2018,2018-05-05 14:30:00,FC Cologne,Bayern Munich,1,3,1.9373,2.76039,2,1465.924351093001,1979.0550102722962,-513.1306591792952,7.0,7.0,0.0,1.5333333333333334,3.4,1.1762658666666668,2.428094,-0.38956179999999996,0.0
904,2017-2018,2018-05-05 14:30:00,Augsburg,Schalke 04,1,2,0.968124,2.01034,2,1574.2843944909926,1699.6122721552924,-125.32787766429988,7.0,7.0,0.0,1.0,1.4666666666666666,1.0495248,1.2238495333333332,-0.13192200000000004,0.0
905,2017-2018,2018-05-05 14:30:00,Borussia M.Gladbach,Freiburg,3,1,2.43316,1.45979,0,1599.4436273608792,1484.6772974324822,114.766329928397,7.0,7.0,0.0,1.0666666666666667,0.8,1.4195768666666666,0.8990409333333333,0.27235170000000003,0.0
906,2017-2018,2018-05-05 14:30:00,Borussia Dortmund,Mainz 05,1,2,0.552018,1.2057,2,1732.2474059416631,1517.9027382548254,214.34466768683774,5.0,6.0,-1.0,1.5333333333333334,1.0666666666666667,1.7227525999999995,1.0129614666666666,-0.029060999999999962,0.0
907,2017-2018,2018-05-05 14:30:00,Werder Bremen,Bayer Leverkusen,0,0,0.175221,0.890747,1,1591.4111991168124,1643.9671301579697,-52.55593104115724,5.0,6.0,-1.0,1.4666666666666666,1.4,1.3539067333333334,1.5238052666666666,0.3853328,0.0
908,2017-2018,2018-05-05 14:30:00,Eintracht Frankfurt,Hamburger SV,3,0,1.64906,0.848806,0,1551.161756922222,1494.7543460454926,56.40741087672927,7.0,7.0,0.0,1.4666666666666666,0.8,1.4056318666666667,1.061556014,0.034982221000000036,0.0
909,2017-2018,2018-05-12 14:30:00,Wolfsburg,FC Cologne,4,1,1.84524,1.59763,0,1467.224135504397,1461.8514327469954,5.372702757401612,7.0,7.0,0.0,0.7333333333333333,1.4666666666666666,0.7506706666666666,1.1892225333333333,-0.3449755,0.0
910,2017-2018,2018-05-12 14:30:00,Hoffenheim,Borussia Dortmund,3,1,1.07393,1.57779,0,1689.3132867574793,1704.7497083511848,-15.436421593705518,7.0,7.0,0.0,2.3333333333333335,1.6,1.7911112,1.5890717999999997,0.7464610999999999,0.0
911,2017-2018,2018-05-12 14:30:00,Schalke 04,Eintracht Frankfurt,1,0,1.69009,0.281816,0,1714.447942100996,1567.3445177792883,147.10342432170773,7.0,7.0,0.0,1.5333333333333334,1.6,1.3225844666666664,1.3946872000000001,0.24577349999999998,0.0
912,2017-2018,2018-05-12 14:30:00,Hertha Berlin,RasenBallsport Leipzig,2,6,1.50613,1.22103,2,1573.9586192489007,1597.3911958105366,-23.43257656163587,7.0,7.0,0.0,1.0,1.4,1.1436375866666666,1.5198228,-0.010451480000000013,0.0
913,2017-2018,2018-05-12 14:30:00,Mainz 05,Werder Bremen,1,2,0.539651,1.0587,2,1545.4004358453037,1589.2397991430607,-43.83936329775702,7.0,7.0,0.0,1.0666666666666667,1.4,1.0645858,1.200603466666667,-0.24681079999999994,0.0
914,2017-2018,2018-05-12 14:30:00,Freiburg,Augsburg,2,0,0.707853,0.237381,0,1473.87337765251,1559.448724545289,-85.57534689277895,7.0,7.0,0.0,0.8,1.0,0.9757531333333334,1.0259703999999998,-0.5735107,0.0
915,2017-2018,2018-05-12 14:30:00,Bayern Munich,VfB Stuttgart,1,4,1.92541,2.45916,2,1983.1279286183017,1601.4224074904962,381.70552112780547,7.0,7.0,0.0,3.4,1.2,2.512938,1.1067818666666664,0.7555426000000001,0.0
916,2017-2018,2018-05-12 14:30:00,Bayer Leverkusen,Hannover 96,3,2,4.42734,1.56701,0,1646.1385301317214,1494.5948665252565,151.54366360646486,7.0,7.0,0.0,1.3333333333333333,1.0,1.5421722666666666,1.0454368666666667,-0.22894990000000007,0.0
917,2017-2018,2018-05-12 14:30:00,Hamburger SV,Borussia M.Gladbach,2,1,2.35888,1.2463,0,1478.5715851884263,1610.2475471408513,-131.67596195242504,7.0,7.0,0.0,0.8,1.2,1.0939502806666668,1.4404908666666667,-0.39550922099999997,0.0
918,2018-2019,2018-08-24 21:30:00,Bayern Munich,Hoffenheim,3,1,3.08883,0.697274,0,1930.4210197104503,1707.5845222410824,222.83649746936794,14.0,14.0,0.0,3.2,2.466666666666667,2.5150099999999997,1.8201262666666667,0.20122829999999992,0.0
919,2018-2019,2018-08-25 16:30:00,Fortuna Duesseldorf,Augsburg,1,2,1.32783,0.755029,2,1500.0,1536.4445721660416,-36.44457216604155,7.0,14.0,-7.0,1.5,1.0,1.4,0.9543417999999999,-0.08929230000000002,0.0
920,2018-2019,2018-08-25 16:30:00,Freiburg,Eintracht Frankfurt,0,2,1.46674,0.81415,2,1496.8775300317575,1561.1275867472539,-64.25005671549638,14.0,14.0,0.0,0.8,1.4,0.9872061999999999,1.2946062666666664,-0.19441400000000003,0.0
921,2018-2019,2018-08-25 16:30:00,Hertha Berlin,Nuernberg,1,0,1.03309,1.34412,0,1537.452248188084,1500.0,37.45224818808401,14.0,7.0,7.0,1.0666666666666667,1.2,1.1906871199999998,1.1,-0.1384515000000001,0.0
922,2018-2019,2018-08-25 16:30:00,Werder Bremen,Hannover 96,1,1,1.91197,0.840127,1,1607.803799630846,1488.5049691499378,119.29883048090824,14.0,14.0,0.0,1.4,1.0666666666666667,1.2136771333333334,1.0900863333333333,0.0752517,0.0
923,2018-2019,2018-08-25 16:30:00,Wolfsburg,Schalke 04,2,1,1.31029,1.86154,0,1486.9832372196256,1720.6648731330304,-233.68163591340476,14.0,14.0,0.0,0.9333333333333333,1.5333333333333334,0.8255466666666665,1.3929181333333331,-0.0667384,0.0
924,2018-2019,2018-08-25 19:30:00,Borussia M.Gladbach,Bayer Leverkusen,2,0,3.34179,1.05775,0,1592.792843503038,1652.2284275070401,-59.43558400400207,14.0,14.0,0.0,1.1333333333333333,1.2666666666666666,1.4178595333333337,1.6905409333333334,0.5434923,0.0
925,2018-2019,2018-08-26 16:30:00,Mainz 05,VfB Stuttgart,1,0,1.28621,1.07847,0,1526.8364353575184,1654.1293163983476,-127.29288104082912,14.0,14.0,0.0,0.9333333333333333,1.3333333333333333,0.9424025333333332,1.2228332666666666,-0.4435453,0.0
926,2018-2019,2018-08-26 19:00:00,Borussia Dortmund,RasenBallsport Leipzig,4,1,1.96153,1.46268,0,1686.4784728675818,1633.8975668713533,52.580905996228466,14.0,14.0,0.0,1.6,1.7333333333333334,1.5842797999999998,1.5509324,-0.5548280999999999,0.0
927,2018-2019,2018-08-31 21:30:00,Hannover 96,Borussia Dortmund,0,0,0.462033,0.842511,1,1497.4469369162694,1702.9158577969924,-205.4689208807231,6.0,5.0,1.0,1.1333333333333333,1.7333333333333334,1.0937833333333336,1.670039333333333,0.16581909999999989,0.0
928,2018-2019,2018-09-01 13:30:00,Hoffenheim,Freiburg,3,1,3.48013,1.53718,0,1701.1097979357373,1470.4166902010263,230.69310773471102,7.0,6.0,1.0,2.4,0.6666666666666666,1.7988838666666669,1.0343865333333333,1.1259258,0.0
929,2018-2019,2018-09-01 13:30:00,Eintracht Frankfurt,Werder Bremen,1,2,1.25306,1.34271,2,1587.588426577985,1598.8618318645144,-11.273405286529396,6.0,6.0,0.0,1.4,1.4666666666666666,1.2597622666666668,1.2369784666666668,0.025133900000000015,0.0
930,2018-2019,2018-09-01 13:30:00,Nuernberg,Mainz 05,1,1,1.56238,0.367667,1,1490.019112034381,1544.0907399662856,-54.071627931904686,6.0,5.0,1.0,0.0,1.0,1.34412,1.0186742,-1.3141317,0.0
931,2018-2019,2018-09-01 13:30:00,Augsburg,Borussia M.Gladbach,1,1,1.7521,1.31189,1,1555.3391926244178,1614.0034160535956,-58.66422342917781,6.0,6.0,0.0,1.0666666666666667,1.2666666666666666,0.9587705999999999,1.5462442000000003,0.37150099999999997,0.0
932,2018-2019,2018-09-01 13:30:00,Bayer Leverkusen,Wolfsburg,1,3,0.877655,2.13508,2,1631.0178549564826,1508.8526753137462,122.16517964273635,6.0,6.0,0.0,1.1333333333333333,1.0,1.6607576,0.8959946666666666,-0.5629191000000001,0.0
933,2018-2019,2018-09-01 16:30:00,VfB Stuttgart,Bayern Munich,0,3,0.0990837,1.71434,2,1636.8750117895804,1936.8957440157953,-300.02073222621493,6.0,7.0,-1.0,1.3333333333333333,3.066666666666667,1.2611603333333332,2.5317106666666667,-0.7267111999999999,0.0
934,2018-2019,2018-09-02 13:30:00,RasenBallsport Leipzig,Fortuna Duesseldorf,1,1,2.25033,1.43691,1,1617.4601819419427,1481.1053795416237,136.35480240031893,6.0,7.0,-1.0,1.7333333333333334,1.0,1.5752803999999998,1.32783,0.6871296000000001,0.0
935,2018-2019,2018-09-02 16:00:00,Schalke 04,Hertha Berlin,0,2,1.59561,0.566284,2,1698.7954350389098,1547.4331361537031,151.36229888520666,7.0,7.0,0.0,1.4666666666666666,1.1333333333333333,1.3410848000000004,1.2070048533333335,0.03295470000000005,0.0
936,2018-2019,2018-09-14 18:30:00,Borussia Dortmund,Eintracht Frankfurt,3,1,1.95503,0.199314,0,1698.2027262115412,1567.5889837425404,130.61374246900073,13.0,13.0,0.0,1.5333333333333334,1.4666666666666666,1.5654267333333332,1.3197816,-0.236004,0.0
937,2018-2019,2018-09-15 13:30:00,Wolfsburg,Hertha Berlin,2,2,2.23932,0.590795,1,1546.4011561429206,1586.2905656099115,-39.889409466990855,14.0,12.0,2.0,1.1333333333333333,1.2,0.9843329333333333,1.1615604533333335,-0.03447059999999999,0.0
938,2018-2019,2018-09-15 13:30:00,RasenBallsport Leipzig,Hannover 96,3,2,2.35222,0.950644,0,1607.9929200540646,1502.1600685017206,105.83285155234398,13.0,14.0,-1.0,1.7333333333333334,1.0666666666666667,1.6268103999999999,1.0494688666666667,0.08965910000000002,0.0
939,2018-2019,2018-09-15 13:30:00,Mainz 05,Augsburg,2,1,2.81187,0.736371,0,1546.1935849416147,1553.4445408110128,-7.2509558693980125,14.0,14.0,0.0,1.0666666666666667,0.9333333333333333,0.9682233333333333,0.8507612666666666,-0.11808380000000002,0.0
940,2018-2019,2018-09-15 13:30:00,Bayern Munich,Bayer Leverkusen,3,1,1.40345,0.784725,0,1950.3486962519562,1593.4693741273081,356.87932212464807,13.0,14.0,-1.0,3.1333333333333333,1.2,2.5382506666666673,1.6685210666666668,1.2068104,0.0
941,2018-2019,2018-09-15 13:30:00,Fortuna Duesseldorf,Hoffenheim,2,1,1.78366,2.19977,0,1490.5726414295018,1707.3353510034663,-216.76270957396446,13.0,14.0,-1.0,1.0,2.533333333333333,1.3823699999999999,1.8938285333333333,-0.9706103,0.0
942,2018-2019,2018-09-15 16:30:00,Borussia M.Gladbach,Schalke 04,2,1,1.4002,0.729351,0,1615.8980678670007,1659.9380055827014,-44.03993771570072,14.0,13.0,1.0,1.3333333333333333,1.4,1.535826866666667,1.3983348666666668,0.2855686,0.0
943,2018-2019,2018-09-16 13:30:00,Werder Bremen,Nuernberg,1,1,0.700449,0.514375,1,1618.861274699959,1487.9162670590517,130.9450076409073,14.0,14.0,0.0,1.4666666666666666,0.5,1.1992438,1.4532500000000002,1.0279095,0.0
944,2018-2019,2018-09-16 16:00:00,Freiburg,VfB Stuttgart,3,3,1.20784,1.19724,1,1464.1911371332974,1623.4220595534196,-159.23092242012217,14.0,14.0,0.0,0.7333333333333333,1.2666666666666666,1.0913057333333331,1.1440439133333333,-0.50276153,0.0
945,2018-2019,2018-09-21 18:30:00,VfB Stuttgart,Fortuna Duesseldorf,0,0,1.39372,1.23964,1,1620.7204965239514,1511.7560723713045,108.96442415264687,5.0,6.0,-1.0,1.4,1.3333333333333333,1.1806119800000003,1.5161333333333333,0.47376142999999993,0.0
946,2018-2019,2018-09-22 13:30:00,Nuernberg,Hannover 96,2,0,1.64985,0.557368,0,1497.2201303283919,1494.6663775649197,2.5537527634721755,6.0,7.0,-1.0,0.6666666666666666,1.0666666666666667,1.140291666666667,1.0478737333333334,-0.8551880000000001,0.0
947,2018-2019,2018-09-22 13:30:00,Augsburg,Werder Bremen,2,3,2.11259,1.39048,2,1541.6171411215869,1609.557411430619,-67.94027030903203,7.0,6.0,1.0,1.0,1.3333333333333333,0.8456252000000001,1.1701490666666665,0.15001080000000003,0.0
948,2018-2019,2018-09-22 13:30:00,Hertha Berlin,Borussia M.Gladbach,4,2,3.9572,2.64706,0,1589.0314670240477,1629.3430678026418,-40.311600778594084,7.0,6.0,1.0,1.2,1.4666666666666666,1.1385620533333336,1.5979744000000002,0.36470709999999995,0.0
949,2018-2019,2018-09-22 13:30:00,Hoffenheim,Borussia Dortmund,1,1,1.92814,1.4456,1,1686.1519200616635,1708.2620852146601,-22.110165152996615,7.0,7.0,0.0,2.3333333333333335,1.6,1.8419992,1.5234427333333334,0.28285689999999997,0.0
950,2018-2019,2018-09-22 13:30:00,Wolfsburg,Freiburg,1,3,0.826665,2.26733,2,1543.6602547287844,1466.8927001627655,76.76755456601882,7.0,5.0,2.0,1.2,0.8666666666666667,1.0280022666666668,1.0892797333333333,0.550834,0.0
951,2018-2019,2018-09-22 16:30:00,Schalke 04,Bayern Munich,0,2,0.358342,2.58882,2,1646.4930056470603,1953.5758274175505,-307.0828217704902,7.0,7.0,0.0,1.4,3.2,1.3868722666666669,2.551712666666667,-1.1855119,0.0
952,2018-2019,2018-09-23 13:30:00,Bayer Leverkusen,Mainz 05,1,0,1.29357,0.76291,0,1590.2422429617138,1558.0209846310406,32.22125833067321,8.0,8.0,0.0,1.2666666666666666,1.0666666666666667,1.6169820666666668,1.0588833333333334,-0.40690810000000005,0.0
953,2018-2019,2018-09-23 16:00:00,Eintracht Frankfurt,RasenBallsport Leipzig,1,1,1.80358,1.8818,1,1557.5296247394215,1615.4866109908655,-57.95698625144405,8.0,8.0,0.0,1.2666666666666666,1.8,1.1698698666666667,1.6539264,-0.3551530000000001,0.0
954,2018-2019,2018-09-25 16:30:00,Werder Bremen,Hertha Berlin,3,1,2.51866,0.94148,0,1627.029640367855,1608.9484288844885,18.081211483366587,3.0,3.0,0.0,1.5333333333333334,1.4666666666666666,1.2392795333333333,1.37532252,-0.3309504999999999,0.0
955,2018-2019,2018-09-25 18:30:00,Bayern Munich,Augsburg,1,1,1.43314,1.32512,1,1964.7545424596935,1524.1449121843507,440.60963027534285,3.0,3.0,0.0,3.2,1.1333333333333333,2.5090980000000003,0.9650624666666668,0.5920614999999999,0.0
956,2018-2019,2018-09-25 18:30:00,Freiburg,Schalke 04,1,0,1.38048,0.928266,0,1502.1485193667527,1635.3142906049172,-133.16577123816455,3.0,3.0,0.0,1.0,1.2666666666666666,1.1203010666666666,1.3420724000000002,0.07481699999999997,0.0
957,2018-2019,2018-09-25 18:30:00,Hannover 96,Hoffenheim,1,3,2.06878,1.98958,2,1477.5517244406005,1682.623868837886,-205.07214439728546,3.0,3.0,0.0,1.0,2.3333333333333335,1.0046329333333335,1.9377752000000001,0.2580809,0.0
958,2018-2019,2018-09-26 16:30:00,Fortuna Duesseldorf,Bayer Leverkusen,1,2,1.75244,1.48071,2,1520.3653380007452,1600.43109696035,-80.06575895960486,4.0,3.0,1.0,1.0,1.2,1.4470100000000001,1.5615233999999998,-0.15316360000000007,0.0
959,2018-2019,2018-09-26 18:30:00,Borussia Dortmund,Nuernberg,7,0,2.18746,0.154216,0,1711.7901364384377,1514.334783452711,197.45535298572668,4.0,4.0,0.0,1.6,1.0,1.5956304,1.26768125,0.38043905000000006,0.0
960,2018-2019,2018-09-26 18:30:00,Borussia M.Gladbach,Eintracht Frankfurt,3,1,1.5541,1.11709,0,1609.426105942201,1555.6028679320302,53.823238010170826,4.0,3.0,1.0,1.6,1.2,1.6513597333333334,1.1803871999999997,0.03587900000000002,0.0
961,2018-2019,2018-09-26 18:30:00,Mainz 05,Wolfsburg,0,0,0.362483,1.19657,1,1547.8321306324044,1508.4044355247972,39.42769510760718,3.0,4.0,-1.0,0.9333333333333333,1.2,1.0280866666666666,1.0518414666666667,-0.3989222,0.0
962,2018-2019,2018-09-26 18:30:00,RasenBallsport Leipzig,VfB Stuttgart,2,0,3.13273,0.640951,0,1617.4133677982568,1612.1112308945108,5.302136903746032,3.0,5.0,-2.0,1.8,1.3333333333333333,1.7359922666666665,1.1799146466666666,0.20388657000000004,0.0
963,2018-2019,2018-09-28 18:30:00,Hertha Berlin,Bayern Munich,2,0,1.48921,2.40599,0,1592.8049946940462,1950.118222611043,-357.31322791699677,3.0,3.0,0.0,1.5333333333333334,3.2666666666666666,1.4315576,2.494178666666667,-0.014425899999999992,0.0
964,2018-2019,2018-09-29 13:30:00,VfB Stuttgart,Werder Bremen,2,1,2.43649,0.656694,0,1595.170405458233,1643.1730745582975,-48.002669100064395,2.0,3.0,-1.0,1.2666666666666666,1.6666666666666667,1.0929100466666668,1.347964266666667,-0.07098787000000001,0.0
965,2018-2019,2018-09-29 13:30:00,Schalke 04,Mainz 05,1,0,1.59406,0.642848,0,1617.7915727807451,1541.7350881007753,76.0564846799698,3.0,2.0,1.0,1.1333333333333333,0.8666666666666667,1.2711294666666668,1.0007186,-0.39589350000000006,0.0
966,2018-2019,2018-09-29 13:30:00,Wolfsburg,Borussia M.Gladbach,2,2,0.802752,0.849348,1,1514.5014780564263,1623.4442152827737,-108.94273722634739,2.0,2.0,0.0,1.1333333333333333,1.7333333333333334,1.0646094666666668,1.6541424000000002,0.0744185,0.0
967,2018-2019,2018-09-29 13:30:00,Hoffenheim,RasenBallsport Leipzig,1,2,1.77221,1.47287,2,1699.579209945564,1634.3541932345345,65.22501671102941,3.0,2.0,1.0,2.466666666666667,1.8666666666666667,2.0327518,1.804088933333333,-0.2441434,0.0
968,2018-2019,2018-09-29 13:30:00,Nuernberg,Fortuna Duesseldorf,3,0,2.42225,1.17182,0,1503.3283707274054,1503.4483382882586,-0.11996756085318339,2.0,2.0,0.0,0.8,1.0,1.0449882000000001,1.508096,0.2631078,0.0
969,2018-2019,2018-09-29 16:30:00,Bayer Leverkusen,Borussia Dortmund,2,4,1.34044,2.98145,2,1617.3480966728366,1722.7965491637433,-105.44845249090667,3.0,2.0,1.0,1.3333333333333333,2.0,1.6324286,1.6614657333333336,-0.8754292,0.0
970,2018-2019,2018-09-30 13:30:00,Eintracht Frankfurt,Hannover 96,4,1,2.76495,0.613099,0,1541.5847585914576,1460.5963833329226,80.98837525853492,3.0,4.0,-1.0,1.2666666666666666,1.0666666666666667,1.2373013333333334,0.9991109333333336,-0.05159430000000003,0.0
971,2018-2019,2018-09-30 16:00:00,Augsburg,Freiburg,4,1,4.37565,1.61825,0,1538.7812320330013,1519.6712371909248,19.109994842076503,4.0,4.0,0.0,1.1333333333333333,1.0,0.9858857999999999,1.1450690666666667,0.2235957,0.0
972,2018-2019,2018-10-05 18:30:00,Werder Bremen,Wolfsburg,2,0,1.10209,0.351604,0,1629.549920871298,1514.913215402318,114.63670546897993,6.0,6.0,0.0,1.6,1.2,1.2582332,1.1049216666666668,-0.12516470000000002,0.0
973,2018-2019,2018-10-06 13:30:00,Hannover 96,VfB Stuttgart,3,1,2.0396,0.69495,0,1445.991995158217,1608.7935591452326,-162.8015639870157,6.0,7.0,-1.0,1.1333333333333333,1.2,0.9883165333333335,1.2212857799999999,-0.009459629999999927,0.0
974,2018-2019,2018-10-06 13:30:00,Fortuna Duesseldorf,Schalke 04,0,2,0.557607,1.75802,2,1483.2830678668586,1626.3132611887017,-143.03019332184317,7.0,7.0,0.0,0.8333333333333334,1.1333333333333333,1.45205,1.3552276,-0.06360376666666678,0.0
975,2018-2019,2018-10-06 13:30:00,Mainz 05,Hertha Berlin,0,0,1.56562,1.00145,1,1533.2133996928187,1631.9132768995044,-98.69987720668564,7.0,7.0,0.0,0.8666666666666667,1.6666666666666667,1.0165107333333334,1.4664867333333331,-0.6276190999999999,0.0
976,2018-2019,2018-10-06 13:30:00,Borussia Dortmund,Augsburg,4,3,2.09977,3.18937,0,1746.4202142483778,1557.5412852088807,188.87892903949705,6.0,5.0,1.0,2.2,1.4,1.7495377333333335,1.2423498,0.5081041000000001,0.0
977,2018-2019,2018-10-06 16:30:00,Bayern Munich,Borussia M.Gladbach,0,3,0.595523,0.559058,2,1911.0099404055848,1623.032477936882,287.9774624687027,7.0,7.0,0.0,3.0,1.7333333333333334,2.522028666666667,1.5874015999999997,0.028578799999999932,0.0
978,2018-2019,2018-10-07 11:30:00,Freiburg,Bayer Leverkusen,0,0,0.501569,0.551906,1,1500.9111840150454,1593.7244315882022,-92.81324757315679,6.0,7.0,-1.0,1.0666666666666667,1.3333333333333333,1.2214976666666666,1.5853152666666666,0.4127893,0.0
979,2018-2019,2018-10-07 13:30:00,Hoffenheim,Eintracht Frankfurt,1,2,2.24067,1.02517,2,1676.4963720226306,1556.1891467661633,120.30722525646729,8.0,7.0,1.0,2.4,1.4666666666666666,2.0281304666666666,1.2767439999999999,-0.03519140000000004,0.0
980,2018-2019,2018-10-07 16:00:00,RasenBallsport Leipzig,Nuernberg,6,0,3.17935,0.394254,0,1657.4370311574678,1523.4936411488054,133.9433900086624,8.0,8.0,0.0,1.9333333333333333,1.1666666666666667,1.8331302666666665,1.2745318333333333,0.4777351666666667,0.0
981,2018-2019,2018-10-19 18:30:00,Eintracht Frankfurt,Fortuna Duesseldorf,7,1,3.51257,0.666096,0,1581.1629965322809,1462.2403829723728,118.92261355990809,12.0,13.0,-1.0,1.4666666666666666,0.7142857142857143,1.2628679999999999,1.3242724285714285,0.9941147142857143,0.0
982,2018-2019,2018-10-20 13:30:00,VfB Stuttgart,Borussia Dortmund,0,4,1.03693,0.952768,2,1580.5020188224241,1751.5200640170951,-171.018045194671,14.0,14.0,0.0,1.2666666666666666,2.2666666666666666,1.1920291133333332,1.8041510666666665,-0.6535012700000001,0.0
983,2018-2019,2018-10-20 13:30:00,Augsburg,RasenBallsport Leipzig,0,0,0.267706,1.098,1,1552.4414354401633,1671.4730901237115,-119.03165468354814,14.0,12.0,2.0,1.4,2.3333333333333335,1.3155631333333335,2.0010653333333335,-0.5232040000000001,0.0
984,2018-2019,2018-10-20 13:30:00,Bayer Leverkusen,Hannover 96,2,2,2.38988,1.0744,1,1594.0553465729156,1474.2835354810254,119.77181109189019,13.0,14.0,-1.0,1.2,1.2666666666666666,1.440179,1.0748728,-0.7291012000000001,0.0
985,2018-2019,2018-10-20 13:30:00,Nuernberg,Hoffenheim,1,3,1.11043,2.46148,2,1509.4575821825617,1651.522522256513,-142.06494007395122,12.0,13.0,-1.0,1.0,2.2666666666666666,1.148777857142857,2.0831978,-0.003569457142857113,0.0
986,2018-2019,2018-10-20 13:30:00,Wolfsburg,Bayern Munich,1,3,0.815476,2.75811,2,1504.103047219463,1860.4303448887895,-356.3272976693265,14.0,13.0,1.0,1.2,2.6,1.113284866666667,2.2340102000000006,0.3516218000000002,0.0
987,2018-2019,2018-10-20 16:30:00,Schalke 04,Werder Bremen,0,2,0.966026,0.399747,2,1647.3559460831875,1640.360089054153,6.995857029034596,14.0,14.0,0.0,1.2,1.5333333333333334,1.4582264666666664,1.2414518666666667,-0.8648565000000001,0.0
988,2018-2019,2018-10-21 13:30:00,Hertha Berlin,Freiburg,1,1,0.877118,0.427269,1,1631.973149487299,1500.580269030332,131.39288045696708,14.0,14.0,0.0,1.6666666666666667,1.0666666666666667,1.4611860666666663,1.2346779999999997,0.3899063,0.0
989,2018-2019,2018-10-21 16:00:00,Borussia M.Gladbach,Mainz 05,4,0,3.00692,0.472964,0,1673.6120734536773,1533.153527105024,140.45854634865327,14.0,14.0,0.0,1.9333333333333333,0.8666666666666667,1.5772958666666668,1.088061,0.45381429999999995,0.0
990,2018-2019,2018-10-26 18:30:00,Freiburg,Borussia M.Gladbach,3,1,1.41352,1.14643,0,1509.897773290175,1685.6322817232885,-175.73450843311343,5.0,5.0,0.0,1.0666666666666667,2.0,1.2432419999999997,1.6245445333333337,-0.4224474999999999,0.0
991,2018-2019,2018-10-27 13:30:00,Borussia Dortmund,Hertha Berlin,2,2,3.57277,2.04279,1,1775.4718744317518,1622.6556452274558,152.81622920429595,7.0,6.0,1.0,2.466666666666667,1.6,1.705260933333333,1.3580712666666663,0.9478899999999999,0.0
992,2018-2019,2018-10-27 13:30:00,Fortuna Duesseldorf,Wolfsburg,0,3,0.245269,1.74956,2,1447.2167318586112,1495.1701395563728,-47.95340769776158,7.0,7.0,0.0,0.75,1.2666666666666666,1.242000375,1.0625639333333334,-0.8716244750000001,0.0
993,2018-2019,2018-10-27 13:30:00,Hannover 96,Augsburg,1,2,0.616434,1.45577,2,1483.2404701814246,1553.3169999703032,-70.07652978887859,7.0,7.0,0.0,1.4,1.3333333333333333,1.1025078000000001,1.2969148,0.40127100000000004,0.0
994,2018-2019,2018-10-27 13:30:00,Mainz 05,Bayern Munich,1,2,0.592384,2.15695,2,1521.1333188354129,1869.3632525518797,-348.2299337164668,5.0,7.0,-2.0,0.8666666666666667,2.7333333333333334,1.0844476666666667,2.3243662,-0.13439199999999993,0.0
995,2018-2019,2018-10-27 16:30:00,Hoffenheim,VfB Stuttgart,4,0,2.93243,0.253449,0,1672.630894404135,1556.5502084077675,116.08068599636749,7.0,7.0,0.0,2.2666666666666666,1.1333333333333333,2.098358466666667,1.1528951133333332,-0.20058883,0.0
996,2018-2019,2018-10-28 11:30:00,Nuernberg,Eintracht Frankfurt,1,1,0.949097,0.998569,1,1488.3492100349397,1596.1866476460425,-107.83743761110281,7.0,8.0,-1.0,1.0,1.7333333333333334,1.143984375,1.3560266666666665,-0.901908375,0.0
997,2018-2019,2018-10-28 13:30:00,RasenBallsport Leipzig,Schalke 04,0,0,0.760107,0.754245,1,1670.5975255935716,1616.190049293881,54.40747629969064,8.0,7.0,1.0,2.2,1.1333333333333333,1.8886839999999998,1.436249533333333,1.1553715000000002,0.0
998,2018-2019,2018-10-28 16:00:00,Werder Bremen,Bayer Leverkusen,2,6,1.49927,4.07211,2,1671.5259858434595,1585.0984118725164,86.42757397094306,7.0,8.0,-1.0,1.4666666666666666,1.3333333333333333,1.1167376666666669,1.572365133333333,0.8838001999999999,0.0
999,2018-2019,2018-11-02 19:30:00,VfB Stuttgart,Eintracht Frankfurt,0,3,1.02365,3.33128,2,1543.124324048292,1595.8257815140482,-52.70145746575622,6.0,5.0,1.0,1.0666666666666667,1.7333333333333334,1.09726038,1.3677953333333333,-0.7520174700000001,0.0
1000,2018-2019,2018-11-03 14:30:00,Augsburg,Nuernberg,2,2,2.61879,1.37885,1,1570.691629468277,1488.710076166934,81.98155330134296,7.0,6.0,1.0,1.4666666666666666,1.0,1.3738467333333335,1.1223302222222222,0.10162152222222222,0.0
1001,2018-2019,2018-11-03 14:30:00,Bayer Leverkusen,Hoffenheim,1,4,2.21447,1.93557,2,1629.8102941504994,1686.0567787636105,-56.24648461311108,5.0,6.0,-1.0,1.7333333333333334,2.1333333333333333,1.7849006666666667,2.092213133333334,-0.05004720000000005,0.0
1002,2018-2019,2018-11-03 14:30:00,Bayern Munich,Freiburg,1,1,1.8539,0.592458,1,1875.547765336187,1539.0480122717804,336.4997530644066,7.0,7.0,0.0,2.466666666666667,1.2666666666666666,2.1615455333333333,1.3225712666666667,-0.4542532,0.0
1003,2018-2019,2018-11-03 14:30:00,Schalke 04,Hannover 96,3,1,2.95181,1.18456,0,1622.8668785287446,1465.8658406834509,157.0010378452937,6.0,7.0,-1.0,1.0,1.3333333333333333,1.3497511999999998,1.0545554000000001,-0.8446055000000001,0.0
1004,2018-2019,2018-11-03 14:30:00,Wolfsburg,Borussia Dortmund,0,1,0.44332,1.19435,2,1527.3335029124864,1765.5257322928358,-238.19222938034932,7.0,7.0,0.0,1.4666666666666666,2.6,1.1010512666666665,1.911109333333333,-0.5695877999999999,0.0
1005,2018-2019,2018-11-03 17:30:00,Hertha Berlin,RasenBallsport Leipzig,0,3,1.79233,3.76073,2,1632.6017873663718,1663.920696358708,-31.31890899233622,7.0,6.0,1.0,1.7333333333333334,2.0,1.469903133333333,1.733355133333333,-0.0194430000000001,0.0
1006,2018-2019,2018-11-04 14:30:00,Borussia M.Gladbach,Fortuna Duesseldorf,3,0,3.16198,0.719516,0,1656.4820427416832,1415.0533685024975,241.42867423918574,8.0,8.0,0.0,2.066666666666667,0.6666666666666666,1.6570431333333333,1.1312524444444445,0.8582761777777776,0.0
1007,2018-2019,2018-11-04 17:00:00,Mainz 05,Werder Bremen,2,1,1.54801,1.25758,0,1514.9488060511055,1626.8141035654764,-111.86529751437092,8.0,7.0,1.0,0.9333333333333333,1.4666666666666666,1.0816885333333333,1.145497666666667,-0.9823837,0.0
1008,2018-2019,2018-11-09 19:30:00,Hannover 96,Wolfsburg,2,1,2.08751,2.99196,0,1456.9610962141485,1517.3818461637122,-60.42074994956374,6.0,6.0,0.0,1.2666666666666666,1.3333333333333333,1.0266474,1.0853212,-0.053640800000000044,0.0
1009,2018-2019,2018-11-10 14:30:00,Fortuna Duesseldorf,Hertha Berlin,4,1,2.89841,0.960102,0,1408.172003370459,1599.1377343440104,-190.96573097355144,6.0,6.0,0.0,0.6,1.6666666666666667,1.0900788000000001,1.4354398,-0.5609041,0.0
1010,2018-2019,2018-11-10 14:30:00,Freiburg,Mainz 05,1,3,1.86463,0.770571,2,1552.6488755698251,1531.4950108657856,21.153864704039506,7.0,5.0,2.0,1.3333333333333333,1.0,1.2814678000000002,1.1119285333333333,0.5000330000000001,0.0
1011,2018-2019,2018-11-10 14:30:00,Hoffenheim,Augsburg,2,1,1.82862,1.14191,0,1717.564372693577,1563.0017733010766,154.5625993925005,7.0,7.0,0.0,2.3333333333333335,1.5333333333333334,2.1798416000000005,1.489352,0.09512419999999998,0.0
1012,2018-2019,2018-11-10 14:30:00,Nuernberg,VfB Stuttgart,0,2,0.434841,1.54977,2,1496.3999323341343,1511.3358867864063,-14.935954452271972,7.0,7.0,0.0,1.1,1.0666666666666667,1.1479822,1.1246241133333332,0.33751117,0.0
1013,2018-2019,2018-11-10 14:30:00,Werder Bremen,Borussia M.Gladbach,1,3,1.50955,2.73709,2,1610.2678987507963,1663.3634078737218,-53.09550912292548,5.0,6.0,-1.0,1.4666666666666666,2.1333333333333333,1.1086263333333335,1.7723351333333333,0.11991260000000004,0.0
1014,2018-2019,2018-11-10 17:30:00,Borussia Dortmund,Bayern Munich,3,2,2.56191,1.84247,0,1775.47738904161,1861.9469020381423,-86.46951299653233,7.0,7.0,0.0,2.466666666666667,2.2666666666666666,1.8839479999999997,2.1303275333333334,1.2805814,0.0
1015,2018-2019,2018-11-11 14:30:00,RasenBallsport Leipzig,Bayer Leverkusen,3,0,2.55127,0.443215,0,1697.3847493810695,1598.3027002205329,99.0820491605366,7.0,8.0,-1.0,2.1333333333333333,1.5333333333333334,1.8789924666666666,1.785414,-0.22876009999999997,0.0
1016,2018-2019,2018-11-11 17:00:00,Eintracht Frankfurt,Schalke 04,3,0,2.51248,0.609591,0,1627.614218775934,1631.771622998047,-4.157404222112973,8.0,8.0,0.0,1.8666666666666667,1.0666666666666667,1.4680066666666667,1.4560132000000001,1.1677537,0.0
1017,2018-2019,2018-11-23 19:30:00,Bayer Leverkusen,VfB Stuttgart,2,0,2.62916,0.393762,0,1584.7944406591264,1541.097241366111,43.6971992930155,12.0,13.0,-1.0,1.2666666666666666,1.1333333333333333,1.6479516666666667,1.17111938,0.28775527,0.0
1018,2018-2019,2018-11-24 14:30:00,Augsburg,Eintracht Frankfurt,1,3,2.01274,3.21577,2,1556.9971067634242,1648.0803574861525,-91.08325072272828,14.0,12.0,2.0,1.6,2.0,1.5512310666666667,1.5784259333333333,-0.7457314,0.0
1019,2018-2019,2018-11-24 14:30:00,Bayern Munich,Fortuna Duesseldorf,3,3,2.81107,1.36755,1,1846.5696891785888,1443.339931784135,403.2297573944538,13.0,14.0,-1.0,2.066666666666667,0.9090909090909091,2.0290155333333333,1.2544725454545456,0.17186749999999995,0.0
1020,2018-2019,2018-11-24 14:30:00,Hertha Berlin,Hoffenheim,3,3,2.69304,1.68148,1,1563.9698059303344,1723.5690392312295,-159.5992333008951,14.0,14.0,0.0,1.6,2.3333333333333335,1.3891659333333333,2.0698002666666664,0.05498410000000005,0.0
1021,2018-2019,2018-11-24 14:30:00,Mainz 05,Borussia Dortmund,1,2,1.05805,1.08217,2,1563.5405306804005,1790.8546019011635,-227.31407122076303,14.0,13.0,1.0,1.0666666666666667,2.6666666666666665,1.0259626000000002,1.9930297999999997,-1.0103708,0.0
1022,2018-2019,2018-11-24 14:30:00,Wolfsburg,RasenBallsport Leipzig,1,0,1.54495,0.647326,0,1503.1966941223116,1710.893008942476,-207.6963148201644,14.0,13.0,1.0,1.4,2.2666666666666666,1.2321587333333333,1.976717133333333,0.08870999999999997,0.0
1023,2018-2019,2018-11-24 17:30:00,Schalke 04,Nuernberg,5,2,2.77116,2.29783,0,1611.3054842878284,1466.6385777544297,144.6669065333988,13.0,14.0,-1.0,0.9333333333333333,1.0,1.439388066666667,1.0831511818181818,-0.5674778,0.0
1024,2018-2019,2018-11-25 14:30:00,Freiburg,Werder Bremen,1,1,2.98264,2.13569,1,1520.6033557552103,1583.0473927221062,-62.444036966895965,14.0,14.0,0.0,1.4,1.4666666666666666,1.381283133333333,1.1433563333333334,-0.3433296,0.0
1025,2018-2019,2018-11-25 17:00:00,Borussia M.Gladbach,Hannover 96,4,1,1.70943,0.459166,0,1690.583913902412,1471.1462482555492,219.4376656468628,14.0,14.0,0.0,2.2666666666666666,1.3333333333333333,1.9417030666666661,1.1403428,0.4280352,0.0
1026,2018-2019,2018-11-30 19:30:00,Fortuna Duesseldorf,Mainz 05,0,1,1.10941,1.02576,2,1457.6659855410599,1553.1545040149194,-95.48851847385959,6.0,6.0,0.0,1.0833333333333333,1.1333333333333333,1.2638956666666668,1.0769485333333333,0.018570199999999898,0.0
1027,2018-2019,2018-12-01 14:30:00,Borussia Dortmund,Freiburg,2,0,2.69109,0.143781,0,1801.2406285666445,1518.8805445696273,282.3600839970172,7.0,6.0,1.0,2.533333333333333,1.4666666666666666,1.8294918,1.5203832666666668,1.0222708,0.0
1028,2018-2019,2018-12-01 14:30:00,Hannover 96,Hertha Berlin,0,2,0.54136,2.10742,2,1463.4636303910456,1566.6878437875096,-103.22421339646394,5.0,7.0,-2.0,1.4,1.6,1.1547447333333334,1.4661032666666667,0.26939539999999995,0.0
1029,2018-2019,2018-12-01 14:30:00,VfB Stuttgart,Augsburg,1,0,0.710341,1.64707,0,1526.493717940292,1532.3812947431588,-5.887576802866761,7.0,7.0,0.0,1.0,1.5333333333333334,1.0580655133333334,1.5744877333333336,-0.03848950000000004,0.0
1030,2018-2019,2018-12-01 14:30:00,Werder Bremen,Bayern Munich,1,2,0.637321,3.29433,2,1584.7702039076892,1832.2436354216638,-247.47343151397467,6.0,7.0,-1.0,1.5333333333333334,2.066666666666667,1.2595474,2.082467533333333,0.6679213000000002,0.0
1031,2018-2019,2018-12-01 17:30:00,Hoffenheim,Schalke 04,1,1,2.35914,2.15866,1,1720.8510013740542,1622.308589750784,98.54241162327025,7.0,7.0,0.0,2.2,1.1333333333333333,1.9527776000000001,1.4528514000000001,0.34509209999999996,0.0
1032,2018-2019,2018-12-02 14:30:00,RasenBallsport Leipzig,Borussia M.Gladbach,2,0,2.39576,0.628352,0,1690.0863805763436,1698.2665317669155,-8.180151190571905,8.0,6.0,2.0,2.1333333333333333,2.3333333333333335,1.913719533333333,1.9290637333333334,-0.9064786999999999,0.0
1033,2018-2019,2018-12-02 17:00:00,Eintracht Frankfurt,Wolfsburg,1,2,1.53625,1.72581,2,1672.6961695064178,1524.003322488444,148.69284701797392,8.0,8.0,0.0,2.2,1.4666666666666666,1.7152926,1.3229040666666667,0.7481404,0.0
1034,2018-2019,2018-12-03 19:30:00,Nuernberg,Bayer Leverkusen,1,1,0.675448,1.39302,1,1455.6354722914741,1599.3979640849452,-143.7624917934711,9.0,10.0,-1.0,1.0833333333333333,1.4,1.1843744166666668,1.7959298666666668,0.08941930000000006,0.0
1035,2018-2019,2018-12-07 19:30:00,Werder Bremen,Fortuna Duesseldorf,3,1,2.83748,1.37827,0,1575.1811368251956,1441.4582358151406,133.722901010055,6.0,7.0,-1.0,1.5333333333333334,1.0,1.2197421333333336,1.2520121538461537,0.6620676000000001,0.0
1036,2018-2019,2018-12-08 14:30:00,Bayer Leverkusen,Augsburg,1,0,1.53502,0.768373,0,1597.3932178060127,1520.612350779606,76.78086702640667,4.0,7.0,-3.0,1.4666666666666666,1.4,1.7231131999999998,1.6397147333333335,0.3338235,0.0
1037,2018-2019,2018-12-08 14:30:00,Bayern Munich,Nuernberg,3,0,2.8246,0.191129,0,1841.8327025041574,1457.6402185704067,384.19248393375074,7.0,4.0,3.0,1.9333333333333333,1.0769230769230769,2.1755148666666666,1.1452262307692307,-0.6273237000000002,0.0
1038,2018-2019,2018-12-08 14:30:00,Freiburg,RasenBallsport Leipzig,3,0,2.0335,1.23018,0,1514.0970088372528,1707.8873429236762,-193.7903340864234,7.0,6.0,1.0,1.2666666666666666,2.2666666666666666,1.3047553333333335,2.003541533333333,0.0688016,0.0
1039,2018-2019,2018-12-08 14:30:00,Schalke 04,Borussia Dortmund,1,2,1.44761,0.898668,2,1630.571375349797,1806.024164299019,-175.45278894922194,6.0,7.0,-1.0,1.1333333333333333,2.6,1.5158074000000001,1.8438811333333334,-1.2080842000000003,0.0
1040,2018-2019,2018-12-08 14:30:00,Wolfsburg,Hoffenheim,2,2,0.515385,2.10256,1,1549.8320939255887,1712.5882157750411,-162.75612184945248,5.0,6.0,-1.0,1.5333333333333334,2.066666666666667,1.3772905999999998,1.9840635999999998,-0.3319347,0.0
1041,2018-2019,2018-12-08 17:30:00,Hertha Berlin,Eintracht Frankfurt,1,0,0.243455,1.12526,0,1590.465129409686,1646.8673980692731,-56.40226865958721,7.0,6.0,1.0,1.6,2.2,1.5087006,1.7343406,-0.6044431,0.0
1042,2018-2019,2018-12-09 14:30:00,Mainz 05,Hannover 96,1,1,3.27966,2.23642,1,1569.3622537408387,1439.6863447688693,129.67590897196942,8.0,8.0,0.0,1.0,1.3333333333333333,1.0008465333333332,1.1063840666666669,-0.15593229999999997,0.0
1043,2018-2019,2018-12-09 17:00:00,Borussia M.Gladbach,VfB Stuttgart,3,0,2.61136,0.678537,0,1680.4655694195828,1538.262661903845,142.20290751573793,7.0,8.0,-1.0,2.2666666666666666,1.0,1.8488738666666664,1.06325318,1.1134244999999998,0.0
1044,2018-2019,2018-12-14 19:30:00,Nuernberg,Wolfsburg,0,2,0.601572,0.70077,2,1454.3912201504768,1552.6910949849907,-98.29987483451396,6.0,6.0,0.0,1.0,1.6,1.0770764285714285,1.3662654666666667,0.012904200000000032,0.0
1045,2018-2019,2018-12-15 14:30:00,Augsburg,Schalke 04,1,1,2.00924,0.758425,1,1512.1167084565147,1617.992489632109,-105.87578117559428,7.0,7.0,0.0,1.3333333333333333,1.0666666666666667,1.6263980000000002,1.478292066666667,-0.1863051000000001,0.0
1046,2018-2019,2018-12-15 14:30:00,Fortuna Duesseldorf,Freiburg,2,0,2.59785,0.798948,0,1431.5404461271949,1549.47720884285,-117.93676271565505,7.0,7.0,0.0,1.0,1.4,1.2610305714285714,1.3430026666666668,-0.0908291,0.0
1047,2018-2019,2018-12-15 14:30:00,Hannover 96,Bayern Munich,0,4,0.628893,4.18084,2,1448.951443576212,1845.0817009240873,-396.1302573478754,6.0,7.0,-1.0,1.2,1.9333333333333333,1.1532340666666665,2.1797955333333334,0.5054754000000001,0.0
1048,2018-2019,2018-12-15 14:30:00,Hoffenheim,Borussia M.Gladbach,0,0,3.933,0.584205,1,1709.729214715639,1691.594617408522,18.13459730711702,7.0,5.0,2.0,2.2,2.2666666666666666,2.0455322666666667,1.8607538666666665,-0.5339672000000001,0.0
1049,2018-2019,2018-12-15 14:30:00,VfB Stuttgart,Hertha Berlin,2,1,1.43807,1.53719,0,1527.1336139149057,1604.4678519552015,-77.33423804029576,5.0,6.0,-1.0,0.8666666666666667,1.6,1.0431002466666668,1.4534596,-0.22704350000000004,0.0
1050,2018-2019,2018-12-15 17:30:00,Borussia Dortmund,Werder Bremen,2,1,2.89288,0.461208,0,1818.6030500167071,1585.0989265131414,233.50412350356578,7.0,7.0,0.0,2.6666666666666665,1.7333333333333334,1.8669911333333333,1.397226066666667,0.8331676000000001,0.0
1051,2018-2019,2018-12-16 14:30:00,RasenBallsport Leipzig,Mainz 05,4,1,4.47536,1.33833,0,1672.5071429180791,1560.097154933496,112.40998798458304,8.0,7.0,1.0,2.0,0.9333333333333333,1.9597588666666665,1.1391105333333333,0.009002699999999975,0.0
1052,2018-2019,2018-12-16 17:00:00,Eintracht Frankfurt,Bayer Leverkusen,2,1,3.59588,0.744745,0,1632.8646755237576,1605.888860129104,26.975815394653637,7.0,8.0,-1.0,2.0,1.5333333333333334,1.6994205999999998,1.766064733333333,0.49105419999999994,0.0
1053,2018-2019,2018-12-18 17:30:00,Borussia M.Gladbach,Nuernberg,2,0,3.61765,1.13637,0,1696.834522885862,1430.2737806019668,266.56074228389525,3.0,3.0,0.0,2.2,0.9333333333333333,1.8166142,1.0453761333333333,0.6461527999999999,0.0
1054,2018-2019,2018-12-18 19:30:00,Fortuna Duesseldorf,Borussia Dortmund,2,1,1.3731,1.29548,0,1456.7783741960086,1822.6953193921047,-365.9169451960961,3.0,3.0,0.0,1.0666666666666667,2.7333333333333334,1.3501518666666668,1.9546638,-0.6783972000000003,0.0
1055,2018-2019,2018-12-18 19:30:00,Hertha Berlin,Augsburg,2,2,1.74712,0.728652,1,1589.5101706166054,1512.387272385152,77.12289823145329,3.0,3.0,0.0,1.5333333333333334,1.4,1.4555302666666667,1.7445219333333333,0.3742514000000002,0.0
1056,2018-2019,2018-12-18 19:30:00,Wolfsburg,VfB Stuttgart,2,0,1.584,0.333514,0,1576.8085345335007,1542.0912952535018,34.71723927999892,4.0,3.0,1.0,1.4666666666666666,0.7333333333333333,1.2899674666666665,0.9750275800000001,0.45743619999999996,0.0
1057,2018-2019,2018-12-19 17:30:00,Schalke 04,Bayer Leverkusen,1,2,1.84453,0.683564,2,1617.7219257034717,1595.4891692924593,22.23275641101236,4.0,3.0,1.0,1.0666666666666667,1.4,1.416181066666667,1.5205583999999996,-0.045564099999999996,0.0
1058,2018-2019,2018-12-19 19:30:00,Bayern Munich,RasenBallsport Leipzig,1,0,1.81321,0.721767,0,1854.3131364375326,1685.2446983246084,169.06843811292424,4.0,3.0,1.0,2.1333333333333333,1.8666666666666667,2.3301575333333333,2.1767141999999997,-0.315283,0.0
1059,2018-2019,2018-12-19 19:30:00,Freiburg,Hannover 96,1,1,1.62711,2.01561,1,1524.2392807740362,1439.7200080627665,84.51927271126965,4.0,4.0,0.0,1.2666666666666666,1.0666666666666667,1.3490756666666668,1.0906929333333333,-0.18951230000000002,0.0
1060,2018-2019,2018-12-19 19:30:00,Mainz 05,Eintracht Frankfurt,2,2,1.61471,1.09488,1,1547.3595995269668,1643.2643663604022,-95.90476683343536,3.0,3.0,0.0,0.9333333333333333,2.1333333333333333,1.1923558,1.9203582,-0.46760179999999996,0.0
1061,2018-2019,2018-12-19 19:30:00,Werder Bremen,Hoffenheim,1,1,2.39195,1.90654,1,1581.0066571377438,1704.489309238299,-123.48265210055524,4.0,4.0,0.0,1.6666666666666667,2.0,1.3573932666666666,2.236136933333333,0.47505300000000006,0.0
1062,2018-2019,2018-12-21 19:30:00,Borussia Dortmund,Borussia M.Gladbach,2,1,1.79527,0.517203,0,1796.3876488868605,1702.0242672448858,94.36338164197468,3.0,3.0,0.0,2.533333333333333,2.2,1.9102604666666667,1.8350048666666667,0.052061899999999994,0.0
1063,2018-2019,2018-12-22 14:30:00,RasenBallsport Leipzig,Werder Bremen,3,2,1.93805,2.10073,0,1679.6367707191855,1582.0864295240704,97.55034119511515,2.0,2.0,0.0,1.8,1.6666666666666667,2.1273199999999997,1.3893919333333333,-0.35879640000000007,0.0
1064,2018-2019,2018-12-22 14:30:00,Nuernberg,Freiburg,0,1,1.13859,0.318199,2,1425.084036242943,1516.4598694347105,-91.37583319176747,3.0,2.0,1.0,0.9333333333333333,1.3333333333333333,1.0315261333333332,1.359767,-0.07843959999999994,0.0
1065,2018-2019,2018-12-22 14:30:00,VfB Stuttgart,Schalke 04,1,3,1.22362,2.42656,2,1526.9572947027605,1596.3141905659038,-69.35689586314334,3.0,2.0,1.0,0.7333333333333333,1.0666666666666667,0.9253638466666667,1.4150470666666666,-0.009289600000000009,0.0
1066,2018-2019,2018-12-22 14:30:00,Hannover 96,Fortuna Duesseldorf,0,1,0.6702,1.13166,2,1447.4994194020921,1483.0860447012528,-35.58662529916069,2.0,3.0,-1.0,1.0666666666666667,1.1333333333333333,1.1690584666666666,1.353169866666667,-0.09708749999999997,0.0
1067,2018-2019,2018-12-22 14:30:00,Bayer Leverkusen,Hertha Berlin,3,1,1.82482,1.26734,0,1616.8969044300272,1581.993532457003,34.90337197302415,2.0,3.0,-1.0,1.5333333333333334,1.6,1.4956126666666665,1.5031322666666667,0.13449249999999985,0.0
1068,2018-2019,2018-12-22 17:30:00,Eintracht Frankfurt,Bayern Munich,0,3,1.31242,2.04036,2,1643.45295008375,1859.9210640429555,-216.46811395920554,2.0,2.0,0.0,2.1333333333333333,2.0,1.9390735333333333,2.2451162,0.5182894,0.0
1069,2018-2019,2018-12-23 14:30:00,Augsburg,Wolfsburg,2,3,0.382344,2.66718,2,1519.9039105447544,1591.942535084242,-72.03862453948773,4.0,4.0,0.0,1.4,1.4666666666666666,1.7427634666666665,1.3082147999999998,-0.5416786,0.0
1070,2018-2019,2018-12-23 17:00:00,Hoffenheim,Mainz 05,1,1,2.21326,0.963816,1,1703.4095368519725,1547.171015803619,156.2385210483535,3.0,3.0,0.0,2.0,1.0,2.3167546666666667,1.2142557999999999,-0.1115431,0.0
1071,2018-2019,2019-01-18 19:30:00,Hoffenheim,Bayern Munich,1,3,1.1596,3.31311,2,1693.3672860232327,1878.8713155787843,-185.5040295555516,14.0,14.0,0.0,1.8666666666666667,2.0,2.232296666666667,2.2668508666666667,-0.07782400000000003,0.0
1072,2018-2019,2019-01-19 14:30:00,Hannover 96,Werder Bremen,0,1,0.516442,2.168,2,1428.5665993248224,1574.3156635244925,-145.7490641996701,14.0,14.0,0.0,1.0666666666666667,1.6666666666666667,1.1829362666666665,1.4399266,-0.22840270000000007,0.0
1073,2018-2019,2019-01-19 14:30:00,Eintracht Frankfurt,Freiburg,3,1,2.9107,1.54911,0,1624.5026985479212,1532.8569454440499,91.64575310387136,14.0,14.0,0.0,2.066666666666667,1.3333333333333333,1.9430308666666667,1.2785015999999998,-0.003330399999999966,0.0
1074,2018-2019,2019-01-19 14:30:00,VfB Stuttgart,Mainz 05,2,3,3.20149,1.17715,2,1500.8460156822973,1557.2132666323587,-56.36725095006136,14.0,14.0,0.0,0.8,1.0,1.0003329333333333,1.2539990666666665,-0.29773879999999997,0.0
1075,2018-2019,2019-01-19 14:30:00,Augsburg,Fortuna Duesseldorf,1,2,0.869957,1.0413,2,1502.6190144772877,1502.0188647785226,0.600149698765108,14.0,14.0,0.0,1.4666666666666666,1.1333333333333333,1.6514464,1.3328198666666669,-0.2545464,0.0
1076,2018-2019,2019-01-19 14:30:00,Bayer Leverkusen,Borussia M.Gladbach,0,1,1.20925,0.747044,2,1632.0198042459958,1694.1450518034003,-62.125247557404464,14.0,14.0,0.0,1.6666666666666667,2.2,1.558757,1.7820257333333336,-0.02093840000000008,0.0
1077,2018-2019,2019-01-19 17:30:00,RasenBallsport Leipzig,Borussia Dortmund,0,1,0.778946,1.02216,2,1687.4075367187634,1804.266864328346,-116.85932760958258,14.0,14.0,0.0,1.9333333333333333,2.6666666666666665,2.106501333333333,1.9737777333333335,-0.6641194000000002,0.0
1078,2018-2019,2019-01-20 14:30:00,Nuernberg,Hertha Berlin,1,3,1.1239,2.24853,2,1408.6869602336037,1566.8706326410345,-158.18367240743078,14.0,14.0,0.0,0.8666666666666667,1.5333333333333334,1.0032734666666667,1.5498693333333333,-0.16462520000000003,0.0
1079,2018-2019,2019-01-20 17:00:00,Schalke 04,Wolfsburg,2,1,3.02896,1.72547,0,1622.425469586367,1609.2274311517087,13.198038434658201,14.0,14.0,0.0,1.2666666666666666,1.4666666666666666,1.4704437333333331,1.3436881333333337,-0.39502060000000006,0.0
1080,2018-2019,2019-01-25 19:30:00,Hertha Berlin,Schalke 04,2,2,1.41796,1.03679,1,1586.8886027160859,1633.389453640928,-46.5008509248421,5.0,5.0,0.0,1.6,1.3333333333333333,1.660385,1.6237509999999997,0.11122340000000001,0.0
1081,2018-2019,2019-01-26 14:30:00,Mainz 05,Nuernberg,2,1,2.36343,0.32725,0,1575.2121315632703,1388.6689901585523,186.54314140471797,7.0,6.0,1.0,1.0666666666666667,0.8666666666666667,1.1450177333333333,1.0439084666666667,0.5559186,0.0
1082,2018-2019,2019-01-26 14:30:00,Borussia Dortmund,Hannover 96,5,1,2.89598,0.819503,0,1819.4910724180563,1414.6613289507789,404.82974346727747,6.0,7.0,-1.0,2.533333333333333,0.9333333333333333,1.9115864000000002,1.1539894666666668,0.2949847,0.0
1083,2018-2019,2019-01-26 14:30:00,Borussia M.Gladbach,Augsburg,2,0,2.08047,0.777086,0,1711.8823721363215,1482.1114777371688,229.77089439915267,7.0,7.0,0.0,2.1333333333333333,1.4666666666666666,1.738482,1.6603521333333333,0.21741020000000005,0.0
1084,2018-2019,2019-01-26 14:30:00,Freiburg,Hoffenheim,2,4,1.77454,3.27125,2,1520.8982021585136,1675.1572734403687,-154.25907128185509,7.0,7.0,0.0,1.2,1.8666666666666667,1.3012529333333334,2.1629519999999998,0.17283039999999994,0.0
1085,2018-2019,2019-01-26 14:30:00,Wolfsburg,Bayer Leverkusen,0,3,1.19108,3.00387,2,1598.2634470971477,1614.2824839130747,-16.01903681592694,5.0,7.0,-2.0,1.4,1.6,1.3094314666666667,1.5870586666666666,0.11009689999999997,0.0
1086,2018-2019,2019-01-26 17:30:00,Werder Bremen,Eintracht Frankfurt,2,2,2.6,1.64974,1,1588.220933898536,1636.4614418334575,-48.240507934921425,7.0,7.0,0.0,1.6666666666666667,2.2,1.5377633333333334,2.123789933333333,0.063471,0.0
1087,2018-2019,2019-01-27 14:30:00,Bayern Munich,VfB Stuttgart,4,1,3.41668,0.361664,0,1897.0813281616483,1482.8471507513857,414.23417741026265,8.0,8.0,0.0,2.0,0.7333333333333333,2.3941615333333335,1.1339496000000002,0.06753629999999994,0.0
1088,2018-2019,2019-01-27 17:00:00,Fortuna Duesseldorf,RasenBallsport Leipzig,0,4,0.290714,2.02739,2,1522.5264015186415,1672.183328629053,-149.65692711041152,8.0,7.0,1.0,1.1333333333333333,1.7333333333333334,1.2833292,2.0016164000000005,0.5397161,0.0
1089,2018-2019,2019-02-01 19:30:00,Hannover 96,RasenBallsport Leipzig,0,3,0.138262,2.35194,2,1411.5499626420572,1697.9245638236687,-286.3746011816115,6.0,5.0,1.0,1.0,1.9333333333333333,1.1714651333333337,2.0113224000000005,-0.2632884999999999,0.0
1090,2018-2019,2019-02-02 14:30:00,Bayer Leverkusen,Bayern Munich,3,1,1.2769,1.868,0,1648.9217468412367,1899.8397789503779,-250.91803210914122,7.0,6.0,1.0,1.7333333333333334,2.1333333333333333,1.7010786666666668,2.4493522,-0.02905640000000001,0.0
1091,2018-2019,2019-02-02 14:30:00,Eintracht Frankfurt,Borussia Dortmund,1,1,1.44338,1.8842,1,1638.827575883473,1822.602438726778,-183.77486284330507,6.0,7.0,-1.0,2.2666666666666666,2.8,2.1135339333333336,2.0082784000000005,-0.5954702000000001,0.0
1092,2018-2019,2019-02-02 14:30:00,Hertha Berlin,Wolfsburg,0,1,1.70071,1.18244,2,1584.4441651922666,1563.6241841689857,20.81998102328089,7.0,7.0,0.0,1.4666666666666666,1.3333333333333333,1.4911023333333333,1.3337258,0.10754380000000001,0.0
1093,2018-2019,2019-02-02 14:30:00,Hoffenheim,Fortuna Duesseldorf,1,1,1.63645,1.17944,1,1695.43936604405,1496.7851663240258,198.65419972002428,7.0,5.0,2.0,2.066666666666667,1.1333333333333333,2.2524926666666665,1.2200674666666669,-0.44832399999999994,0.0
1094,2018-2019,2019-02-02 14:30:00,Nuernberg,Werder Bremen,1,1,1.09967,1.10992,1,1383.5112324312797,1585.8547998485205,-202.34356741724082,7.0,6.0,1.0,0.8,1.6,0.9557351333333332,1.6183979999999998,0.1793729,0.0
1095,2018-2019,2019-02-02 17:30:00,Schalke 04,Borussia M.Gladbach,0,2,0.663579,1.87388,2,1635.8338911647472,1718.1367448118192,-82.30285364707197,7.0,7.0,0.0,1.4666666666666666,2.1333333333333333,1.6689808666666663,1.7007093333333334,-0.06393120000000006,0.0
1096,2018-2019,2019-02-03 14:30:00,Augsburg,Mainz 05,3,0,3.79911,0.20019,0,1475.857105061671,1580.369889290543,-104.51278422887185,8.0,8.0,0.0,1.3333333333333333,1.2,1.5713185333333335,1.2517190666666669,-0.4816675,0.0
1097,2018-2019,2019-02-03 17:00:00,VfB Stuttgart,Freiburg,2,2,0.850155,2.53349,1,1480.0886999626562,1500.6161095548323,-20.527409592176127,7.0,8.0,-1.0,0.8,1.1333333333333333,1.0651458666666667,1.2684002666666667,0.07704980000000003,0.0
1098,2018-2019,2019-02-08 19:30:00,Mainz 05,Bayer Leverkusen,1,5,1.88457,3.30348,2,1552.0062223024534,1682.737092645138,-130.73087034268474,5.0,6.0,-1.0,1.2,1.8,1.2408995333333335,1.6874913333333335,-0.004810299999999976,0.0
1099,2018-2019,2019-02-09 14:30:00,Borussia Dortmund,Hoffenheim,3,3,1.99653,2.47538,1,1818.8175330873187,1684.3025755801098,134.51495750720892,7.0,7.0,0.0,2.4,1.9333333333333333,1.9880610666666665,2.2289506666666665,0.8072092,0.0
1100,2018-2019,2019-02-09 14:30:00,Borussia M.Gladbach,Hertha Berlin,0,3,1.30285,2.49289,2,1743.3581642214426,1563.0941376896906,180.26402653175205,6.0,7.0,-1.0,2.066666666666667,1.4,1.7220279999999997,1.5417176666666668,0.08161830000000002,0.0
1101,2018-2019,2019-02-09 14:30:00,Freiburg,Wolfsburg,3,3,0.818616,1.91629,1,1504.2134353353429,1584.9742116715618,-80.7607763362189,5.0,7.0,-2.0,1.2,1.4,1.3452676000000001,1.3327838,-0.27969029999999995,0.0
1102,2018-2019,2019-02-09 14:30:00,Hannover 96,Nuernberg,2,0,1.4289,0.981416,0,1397.2778100925527,1388.0925794158259,9.18523067672686,7.0,7.0,0.0,0.9333333333333333,0.8666666666666667,1.0427639333333332,1.0187654,-0.10867660000000007,0.0
1103,2018-2019,2019-02-09 14:30:00,RasenBallsport Leipzig,Eintracht Frankfurt,0,0,1.59427,0.501519,1,1712.196716373173,1642.6124815229323,69.58423485024082,7.0,7.0,0.0,2.0,2.2666666666666666,1.9592697333333335,2.1352866,0.3278770999999999,0.0
1104,2018-2019,2019-02-09 17:30:00,Bayern Munich,Schalke 04,3,1,2.35845,1.39766,0,1866.0244331464764,1610.6124717551238,255.41196139135263,7.0,7.0,0.0,2.1333333333333333,1.4666666666666666,2.478342866666667,1.6513350666666669,-0.06588050000000002,0.0
1105,2018-2019,2019-02-10 14:30:00,Werder Bremen,Augsburg,4,0,1.66903,1.05801,0,1581.2734528639744,1504.2207720497606,77.05268081421377,8.0,7.0,1.0,1.4666666666666666,1.4666666666666666,1.524482,1.7362512000000003,-0.08153669999999996,0.0
1106,2018-2019,2019-02-10 17:00:00,Fortuna Duesseldorf,VfB Stuttgart,3,0,1.64721,1.1803,0,1507.921956787966,1476.4913741821456,31.43058260582052,8.0,7.0,1.0,1.1333333333333333,0.9333333333333333,1.1818674666666669,1.0790928,0.1373218999999999,0.0
1107,2018-2019,2019-02-15 19:30:00,Augsburg,Bayern Munich,2,3,0.510867,2.20232,2,1488.3097432237812,1871.518788042748,-383.20904481896673,5.0,6.0,-1.0,1.2,2.3333333333333335,1.5150751999999998,2.4751735333333333,-0.3131932000000001,0.0
1108,2018-2019,2019-02-16 14:30:00,Hoffenheim,Hannover 96,3,0,3.59387,0.41327,0,1693.714601330539,1413.9744198993599,279.74018143117905,7.0,7.0,0.0,2.066666666666667,1.0,2.2758286666666665,1.0971506666666666,-0.22839040000000016,0.0
1109,2018-2019,2019-02-16 14:30:00,Schalke 04,Freiburg,0,0,0.609421,1.09678,1,1605.1181168588523,1503.3283408380419,101.78977602081045,6.0,7.0,-1.0,1.4666666666666666,1.3333333333333333,1.6382417333333332,1.2919586666666665,0.004600000000000021,0.0
1110,2018-2019,2019-02-16 14:30:00,VfB Stuttgart,RasenBallsport Leipzig,1,3,1.36671,1.32163,2,1458.6055186294273,1704.953368471912,-246.34784984248472,5.0,7.0,-2.0,0.8,1.8666666666666667,0.9953467999999999,1.967363066666667,0.0789536000000001,0.0
1111,2018-2019,2019-02-16 14:30:00,Wolfsburg,Mainz 05,3,0,2.13855,0.719281,0,1585.8593061688628,1524.652840607537,61.206465561325786,7.0,7.0,0.0,1.4666666666666666,1.2666666666666666,1.4070196666666668,1.3236809999999999,0.41522909999999996,0.0
1112,2018-2019,2019-02-16 17:30:00,Hertha Berlin,Werder Bremen,1,1,1.09705,0.390094,1,1609.79103241933,1597.1844816899538,12.606550729376067,7.0,6.0,1.0,1.4666666666666666,1.6666666666666667,1.6086296666666666,1.5919710666666664,0.16556740000000006,0.0
1113,2018-2019,2019-02-17 14:30:00,Eintracht Frankfurt,Borussia M.Gladbach,1,1,1.16069,1.17016,1,1649.8558294241934,1696.6612694918033,-46.80544006760988,8.0,8.0,0.0,2.0,1.9333333333333333,1.9843912,1.7522614666666665,-0.37133550000000004,0.0
1114,2018-2019,2019-02-17 17:00:00,Bayer Leverkusen,Fortuna Duesseldorf,2,0,1.90354,0.209187,0,1710.0904743400542,1525.8078123406844,184.2826619993698,8.0,7.0,1.0,2.0,1.3333333333333333,1.8183606666666667,1.2135601333333337,0.15126750000000005,0.0
1115,2018-2019,2019-02-18 19:30:00,Nuernberg,Borussia Dortmund,0,0,0.498008,0.930531,1,1371.3959696090187,1809.4055073368895,-438.0095377278708,9.0,9.0,0.0,0.6666666666666666,2.3333333333333335,0.9227097999999998,1.9223997333333334,-0.6118747,0.0
1116,2018-2019,2019-02-22 19:30:00,Werder Bremen,VfB Stuttgart,1,1,1.23401,0.946008,1,1602.1959440066917,1444.15656389937,158.03938010732168,6.0,6.0,0.0,1.6,0.8,1.5445046666666669,1.0401307999999998,0.1978668,0.0
1117,2018-2019,2019-02-23 14:30:00,Mainz 05,Schalke 04,3,0,2.44926,0.749874,0,1508.7860856963748,1596.746197725111,-87.96011202873615,7.0,7.0,0.0,1.2666666666666666,1.3333333333333333,1.2672583999999998,1.5616684666666667,0.08052980000000004,0.0
1118,2018-2019,2019-02-23 14:30:00,Freiburg,Augsburg,5,1,2.01296,1.54501,0,1511.7002599717832,1483.0684091124324,28.631850859350834,7.0,7.0,0.0,1.3333333333333333,1.1333333333333333,1.3316393999999998,1.3365083333333334,0.18566349999999998,0.0
1119,2018-2019,2019-02-23 14:30:00,Bayern Munich,Hertha Berlin,1,0,0.989434,0.279649,0,1876.7601221540967,1604.779570102592,271.9805520515047,7.0,6.0,1.0,2.533333333333333,1.5333333333333334,2.5822933333333333,1.615003,-0.045223500000000014,0.0
1120,2018-2019,2019-02-23 14:30:00,Borussia M.Gladbach,Wolfsburg,0,3,1.18063,0.794633,2,1699.0920057351452,1601.726061080025,97.3659446551203,6.0,7.0,-1.0,1.8,1.6666666666666667,1.7930015999999998,1.5261494,-0.6786198999999999,0.0
1121,2018-2019,2019-02-23 17:30:00,Fortuna Duesseldorf,Nuernberg,2,1,1.55152,0.112551,0,1517.9863573487812,1383.3953716240587,134.5909857247225,6.0,4.0,2.0,1.3333333333333333,0.6666666666666666,1.1903321333333332,0.9296267333333331,0.3815212,0.0
1122,2018-2019,2019-02-24 14:30:00,Hannover 96,Eintracht Frankfurt,0,3,0.392236,2.33768,2,1408.3173910953424,1647.4250931808515,-239.10770208550912,8.0,7.0,1.0,0.8,1.9333333333333333,0.9887286666666666,1.9934258666666667,-0.007814100000000102,0.0
1123,2018-2019,2019-02-24 17:00:00,Borussia Dortmund,Bayer Leverkusen,3,2,1.05083,1.26295,0,1797.4061053218495,1717.9119293319575,79.49417598989203,5.0,7.0,-2.0,2.066666666666667,2.1333333333333333,1.8444504666666666,1.9084696,-0.34245800000000004,0.0
1124,2018-2019,2019-02-25 19:30:00,RasenBallsport Leipzig,Hoffenheim,1,1,1.91108,1.30993,1,1719.4023232019692,1699.3716301345564,20.030693067412813,9.0,9.0,0.0,1.6666666666666667,2.2,1.8435150666666666,2.366042,0.7815757,0.0
1125,2018-2019,2019-03-01 19:30:00,Augsburg,Borussia Dortmund,2,1,0.961029,2.85445,0,1463.6942538059122,1805.8046401094782,-342.110386303566,6.0,5.0,1.0,1.2,2.0,1.4216619333333333,1.8509879333333332,-0.3786120000000001,0.0
1126,2018-2019,2019-03-02 14:30:00,Nuernberg,RasenBallsport Leipzig,0,1,1.02688,0.920561,2,1376.8096867434958,1714.0846042441494,-337.2749175006536,6.0,4.0,2.0,0.6666666666666666,1.7333333333333334,0.8631014666666667,1.8977204,-0.2859843,0.0
1127,2018-2019,2019-03-02 14:30:00,Schalke 04,Fortuna Duesseldorf,0,4,0.708083,2.89494,2,1569.7161098395397,1524.572042229344,45.144067610195634,7.0,6.0,1.0,1.3333333333333333,1.4,1.547258333333333,1.2493604,-0.4563158,0.0
1128,2018-2019,2019-03-02 14:30:00,Hertha Berlin,Mainz 05,2,1,1.77228,0.83743,0,1601.414842307825,1535.816173581946,65.59866872587895,7.0,7.0,0.0,1.4666666666666666,1.4666666666666666,1.5751717333333333,1.3990114666666664,0.19585029999999998,0.0
1129,2018-2019,2019-03-02 14:30:00,Bayer Leverkusen,Freiburg,2,0,3.25987,0.26273,0,1709.5133945443288,1531.0744152783034,178.4389792660254,5.0,7.0,-2.0,2.1333333333333333,1.6,1.8333409333333335,1.4373521333333332,0.18151140000000004,0.0
1130,2018-2019,2019-03-02 14:30:00,Eintracht Frankfurt,Hoffenheim,3,2,2.30575,1.76367,0,1664.777320125146,1704.6893490923762,-39.9120289672303,6.0,4.0,2.0,1.6666666666666667,2.066666666666667,1.9150998666666663,2.289272,0.3469690999999998,0.0
1131,2018-2019,2019-03-02 17:30:00,Borussia M.Gladbach,Bayern Munich,1,5,0.58281,5.94023,2,1656.7017787115135,1880.1248499488638,-223.4230712373503,7.0,7.0,0.0,1.5333333333333334,2.4,1.6712489333333331,2.4643816000000003,-0.46784479999999995,0.0
1132,2018-2019,2019-03-03 14:30:00,VfB Stuttgart,Hannover 96,5,1,2.6743,0.613856,0,1454.248914036136,1390.965164151048,63.28374988508813,8.0,7.0,1.0,0.8666666666666667,0.6666666666666666,1.0340693333333333,0.9432510666666667,0.26796679999999995,0.0
1133,2018-2019,2019-03-03 17:00:00,Wolfsburg,Werder Bremen,1,1,1.16809,1.83543,1,1644.1162881036566,1592.1035938699256,52.012694233731054,8.0,8.0,0.0,1.8,1.5333333333333334,1.5247598666666666,1.6001222000000002,0.5546623999999999,0.0
1134,2018-2019,2019-03-08 19:30:00,Werder Bremen,Schalke 04,4,2,2.44765,1.53919,0,1598.6890829441766,1527.8649049214282,70.82417802274836,5.0,6.0,-1.0,1.4666666666666666,1.3333333333333333,1.6225328666666667,1.5441808666666665,0.22635100000000005,0.0
1135,2018-2019,2019-03-09 14:30:00,Bayern Munich,Wolfsburg,6,0,3.77617,0.159247,0,1899.8944130257,1637.5307990294057,262.36361399629436,6.0,5.0,1.0,2.6,1.6666666666666667,2.716600266666667,1.4859952,-0.4054130999999999,0.0
1136,2018-2019,2019-03-09 14:30:00,Borussia Dortmund,VfB Stuttgart,3,1,2.5589,0.897914,0,1780.1668104410785,1471.1037003131567,309.06311012792185,7.0,6.0,1.0,1.9333333333333333,1.2,1.8030999333333333,1.1954593999999998,-0.104248,0.0
1137,2018-2019,2019-03-09 14:30:00,Freiburg,Hertha Berlin,2,1,0.972717,1.0226,0,1523.030222638098,1610.3181756633142,-87.28795302521621,7.0,7.0,0.0,1.4,1.4666666666666666,1.3606328,1.5571377333333332,0.2768236,0.0
1138,2018-2019,2019-03-09 14:30:00,RasenBallsport Leipzig,Augsburg,0,0,2.35335,0.181299,1,1720.5898479494674,1489.332083474312,231.25776447515545,7.0,7.0,0.0,1.8,1.2,1.9084173333333332,1.3886792000000001,-0.039968900000000016,0.0
1139,2018-2019,2019-03-09 17:30:00,Mainz 05,Borussia M.Gladbach,0,1,0.578029,1.20097,2,1526.9128402264569,1636.9322156346775,-110.01937540822064,7.0,7.0,0.0,1.4666666666666666,1.5333333333333334,1.4153478666666666,1.6336742666666666,0.4108735,0.0
1140,2018-2019,2019-03-10 14:30:00,Hoffenheim,Nuernberg,2,1,2.64002,0.79045,0,1691.4292393973565,1370.3044430381779,321.1247963591786,8.0,8.0,0.0,1.9333333333333333,0.6,2.211354666666667,0.8682869999999999,-0.22167429999999994,0.0
1141,2018-2019,2019-03-10 17:00:00,Hannover 96,Bayer Leverkusen,2,3,0.672836,2.44206,2,1374.1103778740273,1717.5575871845342,-343.4472093105069,7.0,8.0,-1.0,0.6666666666666666,1.8666666666666667,0.9430792,1.7791916,-0.7164183,0.0
1142,2018-2019,2019-03-11 19:30:00,Fortuna Duesseldorf,Eintracht Frankfurt,0,3,0.837274,2.76254,2,1566.4232471474556,1678.0374298201657,-111.61418267271006,9.0,9.0,0.0,1.6666666666666667,1.8,1.4260051333333332,2.002245266666667,0.43957180000000007,0.0
1143,2018-2019,2019-03-15 19:30:00,Borussia M.Gladbach,Freiburg,1,1,1.17388,0.514838,1,1652.4709342110425,1538.445072330528,114.02586188051441,6.0,6.0,0.0,1.4,1.4666666666666666,1.5029402666666667,1.3859834,-0.7307414999999999,0.0
1144,2018-2019,2019-03-16 14:30:00,Wolfsburg,Fortuna Duesseldorf,5,2,3.87623,1.93907,0,1630.018728086305,1539.3588911972454,90.65983688905953,7.0,4.0,3.0,1.6666666666666667,1.6666666666666667,1.467057,1.4338556666666666,-0.03706350000000003,0.0
1145,2018-2019,2019-03-16 14:30:00,VfB Stuttgart,Hoffenheim,1,1,1.35935,2.90274,1,1466.942655266258,1694.0323321950045,-227.08967692874648,7.0,6.0,1.0,1.2666666666666666,1.8,1.1870769999999997,2.258318,0.3934295,0.0
1146,2018-2019,2019-03-16 14:30:00,Augsburg,Hannover 96,3,1,1.35782,1.4864,0,1501.1934414017712,1367.787341938716,133.40609946305517,7.0,5.0,2.0,1.0666666666666667,0.7333333333333333,1.2261798,0.9089642666666667,0.2867751,0.0
1147,2018-2019,2019-03-16 14:30:00,Schalke 04,RasenBallsport Leipzig,0,1,1.01343,1.69354,2,1514.7979148250433,1708.7284900220081,-193.9305751969648,7.0,7.0,0.0,1.2666666666666666,1.6,1.4500061999999998,1.8145919999999998,-0.20856629999999998,0.0
1148,2018-2019,2019-03-16 17:30:00,Hertha Berlin,Borussia Dortmund,2,3,2.20854,2.23731,2,1594.903325970884,1784.327855487977,-189.4245295170931,7.0,7.0,0.0,1.5333333333333334,2.066666666666667,1.5058223999999998,1.8940699333333335,-0.17617980000000005,0.0
1149,2018-2019,2019-03-17 12:30:00,Bayer Leverkusen,Werder Bremen,1,3,0.917302,1.31225,2,1723.8806231198455,1611.7560730405614,112.12455007928406,6.0,8.0,-2.0,2.0,1.6666666666666667,1.7943642666666666,1.7018708666666666,0.477651,0.0
1150,2018-2019,2019-03-17 14:30:00,Eintracht Frankfurt,Nuernberg,1,0,2.58949,0.702802,0,1705.101785770376,1367.7013502405298,337.40043552984616,5.0,7.0,-2.0,1.8,0.5333333333333333,1.9643292666666667,0.8290603333333333,0.37557859999999993,0.0
1151,2018-2019,2019-03-17 17:00:00,Bayern Munich,Mainz 05,6,0,2.66818,0.302976,0,1907.4064839688008,1511.3741216500919,396.0323623187089,8.0,7.0,1.0,2.933333333333333,1.3333333333333333,2.8447516000000004,1.3506824666666666,0.20699020000000007,0.0
1152,2018-2019,2019-03-29 19:30:00,Hoffenheim,Bayer Leverkusen,4,1,2.4473,1.71436,0,1688.4274224439273,1686.812392888937,1.6150295549903149,13.0,12.0,1.0,1.7333333333333334,2.066666666666667,2.3299260000000004,1.8259700666666665,-0.7562128,0.0
1153,2018-2019,2019-03-30 14:30:00,Werder Bremen,Mainz 05,3,1,1.22854,0.998556,0,1648.82430327147,1507.6746988759783,141.14960439549168,13.0,12.0,1.0,1.8,1.1333333333333333,1.688717533333333,1.319509466666667,0.36090180000000005,0.0
1154,2018-2019,2019-03-30 14:30:00,Nuernberg,Augsburg,3,0,1.76901,0.867874,0,1365.313694541966,1511.1255883341637,-145.81189379219768,13.0,14.0,-1.0,0.5333333333333333,1.2,0.8469244,1.2405738,-0.5358984999999998,0.0
1155,2018-2019,2019-03-30 14:30:00,Freiburg,Bayern Munich,1,1,0.719026,3.23843,1,1547.21864052304,1911.1059067429144,-363.8872662198744,14.0,12.0,2.0,1.4666666666666666,3.2,1.2959972666666668,2.8997989333333334,-0.12810460000000012,0.0
1156,2018-2019,2019-03-30 14:30:00,Fortuna Duesseldorf,Borussia M.Gladbach,3,1,1.66988,1.34223,0,1525.3474846495033,1643.6973660185306,-118.34988136902734,14.0,14.0,0.0,1.5333333333333334,1.2666666666666666,1.3698996666666667,1.3987262666666667,0.4107582,0.0
1157,2018-2019,2019-03-30 14:30:00,Borussia Dortmund,Wolfsburg,2,0,1.45093,0.171788,0,1796.2982949889297,1644.030134634047,152.26816035488264,13.0,14.0,-1.0,2.066666666666667,1.9333333333333333,1.8724299333333334,1.5260083333333332,-0.04069509999999987,0.0
1158,2018-2019,2019-03-30 17:30:00,RasenBallsport Leipzig,Hertha Berlin,5,0,5.04475,0.895578,0,1720.5052238584476,1582.9328864699314,137.5723373885162,14.0,14.0,0.0,1.4666666666666666,1.6,1.7574099999999997,1.5890516,-0.03832079999999993,0.0
1159,2018-2019,2019-03-31 13:30:00,Hannover 96,Schalke 04,0,1,0.755656,0.864608,2,1357.8551950063236,1503.0211809886039,-145.1659859822803,14.0,14.0,0.0,0.6666666666666666,1.2666666666666666,0.8688902666666667,1.4769287999999998,0.3021642,0.0
1160,2018-2019,2019-03-31 16:00:00,Eintracht Frankfurt,VfB Stuttgart,3,0,2.00509,0.569489,0,1707.4894414689397,1472.5475650173353,234.94187645160446,14.0,14.0,0.0,1.6666666666666667,1.2,1.9694632666666665,1.1743823333333332,-0.2912398,0.0
1161,2018-2019,2019-04-05 19:30:00,Mainz 05,Freiburg,5,0,2.27396,1.80652,0,1498.0890857863753,1557.4714279964076,-59.38234221003222,6.0,6.0,0.0,1.1333333333333333,1.4666666666666666,1.3155432000000002,1.1450896666666668,-0.5256065,0.0
1162,2018-2019,2019-04-06 14:30:00,Wolfsburg,Hannover 96,3,1,1.43754,1.54016,0,1634.9260957076879,1343.923527357318,291.00256835036976,7.0,6.0,1.0,1.8666666666666667,0.6,1.4344642,0.8886562666666667,0.2913543,0.0
1163,2018-2019,2019-04-06 14:30:00,VfB Stuttgart,Nuernberg,1,1,1.62221,2.37695,1,1465.4376258271852,1396.9844479475685,68.45317787961676,5.0,7.0,-2.0,1.2,0.6,1.1860974666666668,0.8116697333333334,0.10245569999999996,0.0
1164,2018-2019,2019-04-06 14:30:00,Schalke 04,Eintracht Frankfurt,1,2,1.19525,2.24621,2,1516.9528486376093,1714.5993806590898,-197.64653202148043,6.0,5.0,1.0,1.0,1.6666666666666667,1.3498253333333332,1.8887512666666666,-0.39450159999999995,0.0
1165,2018-2019,2019-04-06 14:30:00,Bayer Leverkusen,RasenBallsport Leipzig,2,4,2.1254,1.44447,2,1666.7758183307574,1733.4979734799876,-66.72215514923028,7.0,6.0,1.0,2.0,1.8,1.7649834,2.0505715999999996,0.3703875,0.0
1166,2018-2019,2019-04-06 14:30:00,Hertha Berlin,Fortuna Duesseldorf,1,2,1.90031,2.72781,2,1569.9401368483914,1550.6138722608448,19.326264587546575,6.0,7.0,-1.0,1.4,1.5333333333333334,1.4692207999999998,1.390055,-0.4875252000000001,0.0
1167,2018-2019,2019-04-06 17:30:00,Bayern Munich,Borussia Dortmund,5,0,4.30876,0.478204,0,1900.8531192695468,1805.4023339152889,95.45078535425796,7.0,7.0,0.0,3.066666666666667,2.066666666666667,2.9282896,1.8970139333333333,0.011081699999999972,0.0
1168,2018-2019,2019-04-07 14:30:00,Augsburg,Hoffenheim,0,4,0.653608,3.60653,2,1479.4548349285612,1708.463997002107,-229.00916207354567,8.0,8.0,0.0,1.1333333333333333,1.8,1.1642493999999999,2.380980666666667,0.1272148,0.0
1169,2018-2019,2019-04-07 17:00:00,Borussia M.Gladbach,Werder Bremen,1,1,1.99752,1.05039,1,1618.430978407189,1658.4099163610729,-39.978937953883815,8.0,8.0,0.0,1.0666666666666667,1.9333333333333333,1.3742462666666668,1.6282408666666663,-0.766,0.0
1170,2018-2019,2019-04-12 19:30:00,Nuernberg,Schalke 04,1,1,2.35613,0.850368,1,1404.1863227999593,1505.3348640568738,-101.14854125691454,6.0,6.0,0.0,0.6,1.0,0.9251032,1.285598,0.10928980000000008,0.0
1171,2018-2019,2019-04-13 14:30:00,VfB Stuttgart,Bayer Leverkusen,0,1,0.444283,2.53521,2,1458.2357509747944,1640.4840701789462,-182.2483192041518,7.0,7.0,0.0,1.2,2.066666666666667,1.2468887333333334,1.8138087333333333,-0.16183680000000003,0.0
1172,2018-2019,2019-04-13 14:30:00,Hannover 96,Borussia M.Gladbach,0,1,1.36963,1.76261,2,1339.3500299859527,1615.694079117613,-276.3440491316603,7.0,5.0,2.0,0.6666666666666666,1.1333333333333333,0.9552429333333335,1.4655241333333335,0.3644321,0.0
1173,2018-2019,2019-04-13 14:30:00,RasenBallsport Leipzig,Wolfsburg,2,0,2.11199,0.38877,0,1759.7897216317988,1639.4995930790533,120.2901285527455,7.0,7.0,0.0,1.9333333333333333,1.9333333333333333,1.9871522666666661,1.4152461999999997,-0.3627092999999999,0.0
1174,2018-2019,2019-04-13 14:30:00,Werder Bremen,Freiburg,2,1,1.81623,0.55263,0,1661.146815650649,1529.1955020175192,131.95131363312976,5.0,7.0,-2.0,1.9333333333333333,1.4666666666666666,1.6557787999999998,1.2559389333333333,0.2634902999999999,0.0
1175,2018-2019,2019-04-13 17:30:00,Borussia Dortmund,Mainz 05,2,1,2.13802,2.93676,0,1789.7181382821464,1526.3650117652637,263.35312651688264,7.0,7.0,0.0,1.9333333333333333,1.4,1.7494882000000003,1.3987565333333336,0.2269817000000001,0.0
1176,2018-2019,2019-04-14 12:30:00,Hoffenheim,Hertha Berlin,2,0,3.53386,0.305091,0,1727.8096708550408,1548.6512940554517,179.15837679958918,6.0,7.0,-1.0,2.0,1.3333333333333333,2.46414,1.4554134666666665,0.21404270000000003,0.0
1177,2018-2019,2019-04-14 14:30:00,Fortuna Duesseldorf,Bayern Munich,1,4,0.972295,3.34878,2,1571.9027150537845,1916.5373149026893,-344.6345998489048,8.0,7.0,1.0,1.6666666666666667,3.2666666666666666,1.4979483333333334,2.995918266666666,-0.2180391,0.0
1178,2018-2019,2019-04-14 17:00:00,Eintracht Frankfurt,Augsburg,1,3,2.09741,2.22016,2,1726.2173652398253,1460.1091610756273,266.108204164198,8.0,7.0,1.0,1.7333333333333334,1.1333333333333333,1.9360819333333337,1.0980185999999998,0.07096239999999994,0.0
1179,2018-2019,2019-04-20 14:30:00,Bayern Munich,Werder Bremen,1,0,2.60771,0.134891,0,1927.5420646706991,1667.812331697987,259.7297329727121,6.0,7.0,-1.0,3.3333333333333335,1.8666666666666667,3.0308635999999995,1.5876954666666667,-0.2605210000000001,0.0
1180,2018-2019,2019-04-20 14:30:00,Mainz 05,Fortuna Duesseldorf,3,1,3.24326,2.5269,0,1522.847791584422,1560.8979652857747,-38.050173701352605,6.0,6.0,0.0,1.4,1.6666666666666667,1.3758965333333333,1.4708833333333333,-0.3552386000000001,0.0
1181,2018-2019,2019-04-20 14:30:00,Augsburg,VfB Stuttgart,6,0,2.39187,1.38001,0,1502.9073467311325,1445.954221974836,56.953124756296575,5.0,7.0,-2.0,1.3333333333333333,1.2,1.1948044,1.2312717999999998,0.07559320000000003,0.0
1182,2018-2019,2019-04-20 14:30:00,Bayer Leverkusen,Nuernberg,2,0,1.51156,0.245739,0,1652.7655991789047,1404.2392148868266,248.5263842920781,7.0,7.0,0.0,2.066666666666667,0.6666666666666666,1.8804880666666668,1.0694366,0.4972795,0.0
1183,2018-2019,2019-04-20 17:30:00,Borussia M.Gladbach,RasenBallsport Leipzig,1,2,2.19831,2.13066,2,1624.2054216951522,1770.3297564964587,-146.12433480130653,7.0,7.0,0.0,1.0,2.066666666666667,1.4089408,2.0459395999999996,-0.38399590000000006,0.0
1184,2018-2019,2019-04-20 19:30:00,Schalke 04,Hoffenheim,2,5,2.02105,1.87167,2,1505.2819719700065,1735.8261719158393,-230.54419994583282,8.0,6.0,2.0,1.0,2.0,1.2457818666666667,2.55956,-0.0681713000000001,0.0
1185,2018-2019,2019-04-21 14:30:00,Freiburg,Borussia Dortmund,0,4,0.536271,2.91662,2,1522.529985970181,1793.235358462988,-270.7053724928069,8.0,7.0,1.0,1.3333333333333333,1.9333333333333333,1.1572142666666665,1.8321116666666668,0.3289597999999999,0.0
1186,2018-2019,2019-04-21 17:00:00,Hertha Berlin,Hannover 96,0,0,1.07608,0.527392,1,1540.6347929946533,1330.8386874084135,209.79610558623972,7.0,8.0,-1.0,1.2666666666666666,0.6,1.4595225333333335,0.8974569333333332,-0.18634920000000002,0.0
1187,2018-2019,2019-04-22 19:30:00,Wolfsburg,Eintracht Frankfurt,1,1,2.01024,1.62116,1,1628.9595582143934,1683.41917958432,-54.45962136992671,9.0,8.0,1.0,1.8,1.8,1.4068052,2.0008919333333335,0.7216181,0.0
1188,2018-2019,2019-04-26 19:30:00,Augsburg,Bayer Leverkusen,1,4,0.278207,2.9293,2,1522.5139799839194,1658.455770079847,-135.94179009592767,6.0,6.0,0.0,1.6666666666666667,2.1333333333333333,1.2203130666666666,1.9316090666666665,0.5228185000000002,0.0
1189,2018-2019,2019-04-27 14:30:00,Borussia Dortmund,Schalke 04,2,4,1.10244,1.12367,2,1809.5772270156237,1487.3339459285885,322.24328108703526,6.0,6.0,0.0,2.066666666666667,1.0666666666666667,1.8336943333333338,1.3299568666666666,0.5336609,0.0
1190,2018-2019,2019-04-27 14:30:00,Eintracht Frankfurt,Hertha Berlin,0,0,2.16123,1.17855,1,1685.5044628658895,1529.2393519022667,156.26511096362287,4.0,5.0,-1.0,1.7333333333333334,1.2,1.8692439333333335,1.4287818666666672,0.14225289999999996,0.0
1191,2018-2019,2019-04-27 14:30:00,Fortuna Duesseldorf,Werder Bremen,4,1,2.06935,2.73602,0,1541.13252604078,1664.2292797777877,-123.0967537370077,7.0,7.0,0.0,1.6,1.8,1.4661533333333334,1.565941,-0.5857571,0.0
1192,2018-2019,2019-04-27 14:30:00,Hannover 96,Mainz 05,1,0,0.877396,2.93831,0,1342.2341285008001,1542.6132308294168,-200.37910232861668,5.0,7.0,-2.0,0.6,1.5333333333333334,0.8906902000000001,1.5028918666666666,-0.09762539999999992,0.0
1193,2018-2019,2019-04-27 14:30:00,RasenBallsport Leipzig,Freiburg,2,1,2.04886,0.874413,0,1784.218043643262,1506.1881174175453,278.02992622571674,6.0,6.0,0.0,1.9333333333333333,1.3333333333333333,1.8896262666666663,1.1397024666666664,-0.5233213,0.0
1194,2018-2019,2019-04-27 17:30:00,VfB Stuttgart,Borussia M.Gladbach,1,0,1.59767,1.30221,0,1426.347588722049,1610.3171345483488,-183.96954582629974,7.0,7.0,0.0,1.0666666666666667,1.0666666666666667,1.2274011333333332,1.5165478000000001,0.3471396000000001,0.0
1195,2018-2019,2019-04-28 14:30:00,Hoffenheim,Wolfsburg,1,4,3.38957,2.05348,2,1753.7741979572572,1626.874274932824,126.89992302443329,7.0,5.0,2.0,2.3333333333333335,1.7333333333333334,2.422138,1.4941031999999999,-0.40835919999999976,0.0
1196,2018-2019,2019-04-28 17:00:00,Nuernberg,Bayern Munich,1,1,1.90716,1.68788,1,1398.5490439858843,1931.1251165908984,-532.5760726050141,8.0,8.0,0.0,0.6666666666666666,3.1333333333333333,1.0457144,2.925988266666666,-0.7421471999999999,0.0
1197,2018-2019,2019-05-03 19:30:00,Mainz 05,RasenBallsport Leipzig,3,3,1.72126,2.74717,1,1522.115067453335,1787.4793541157126,-265.3642866623775,6.0,6.0,0.0,1.4,2.066666666666667,1.591131866666667,1.978099133333333,-0.32969310000000007,0.0
1198,2018-2019,2019-05-04 14:30:00,Bayern Munich,Hannover 96,3,1,5.36034,0.871424,0,1917.574862484094,1362.7322918768818,554.8425706072121,5.0,7.0,-2.0,3.1333333333333333,0.6,2.917632933333333,0.8148092666666665,0.48809379999999997,0.0
1199,2018-2019,2019-05-04 14:30:00,Borussia M.Gladbach,Hoffenheim,2,2,1.23948,3.2364,1,1590.5237662485147,1709.7096638301002,-119.18589758158555,6.0,6.0,0.0,0.9333333333333333,2.3333333333333335,1.3621851333333332,2.5210066666666666,-0.3852170000000002,0.0
1200,2018-2019,2019-05-04 14:30:00,Hertha Berlin,VfB Stuttgart,3,1,2.28859,1.39423,0,1539.2823448311976,1446.1409570218832,93.14138780931444,7.0,6.0,1.0,1.0666666666666667,1.1333333333333333,1.3908772000000005,1.3116781999999998,-0.28777840000000005,0.0
1201,2018-2019,2019-05-04 14:30:00,Wolfsburg,Nuernberg,2,0,1.18184,0.566199,0,1670.938809059981,1412.0992980926887,258.8395109672922,6.0,5.0,1.0,1.8666666666666667,0.7333333333333333,1.5254018666666667,1.0971004,0.9587111999999999,0.0
1202,2018-2019,2019-05-04 17:30:00,Werder Bremen,Borussia Dortmund,2,2,0.642264,2.6708,1,1634.3706385049113,1765.458833357614,-131.0881948527026,7.0,7.0,0.0,1.8,2.1333333333333333,1.588879,1.8208250000000001,0.05327300000000007,0.0
1203,2018-2019,2019-05-05 12:30:00,Schalke 04,Augsburg,0,0,1.82173,0.589384,1,1531.452339586598,1497.400257396716,34.052082189882185,7.0,8.0,-1.0,1.2666666666666666,1.6,1.2818995333333334,1.1902833999999998,-0.67072,0.0
1204,2018-2019,2019-05-05 14:30:00,Freiburg,Fortuna Duesseldorf,1,1,1.2563,0.911705,1,1502.9268069450948,1570.9911673136564,-68.06436036856167,8.0,8.0,0.0,1.3333333333333333,1.7333333333333334,1.0895226666666666,1.51257,0.004934099999999941,0.0
1205,2018-2019,2019-05-05 17:00:00,Bayer Leverkusen,Eintracht Frankfurt,6,1,2.78767,0.17067,0,1683.5694926670506,1675.4614699369586,8.108022730091989,8.0,8.0,0.0,2.2666666666666666,1.6,2.0813248,1.9403339333333336,0.2685698,0.0
1206,2018-2019,2019-05-11 14:30:00,Augsburg,Hertha Berlin,3,4,1.43088,2.5836,2,1503.2844536473856,1551.163947019421,-47.87949337203531,6.0,7.0,-1.0,1.4666666666666666,1.2,1.2040860666666664,1.4589605333333335,0.8881007000000001,0.0
1207,2018-2019,2019-05-11 14:30:00,Bayer Leverkusen,Schalke 04,1,1,1.61536,1.79193,1,1705.9217507323615,1525.5681433359284,180.35360739643306,5.0,6.0,-1.0,2.466666666666667,1.0666666666666667,2.1455148,1.2415775333333332,0.34015709999999993,0.0
1208,2018-2019,2019-05-11 14:30:00,Borussia Dortmund,Fortuna Duesseldorf,3,2,2.03631,2.07768,0,1764.0309777504788,1572.4577298895588,191.57324786092,6.0,6.0,0.0,2.1333333333333333,1.7333333333333334,1.8791936666666667,1.4979063333333336,0.06422399999999995,0.0
1209,2018-2019,2019-05-11 14:30:00,Hannover 96,Freiburg,3,0,2.29894,0.674621,0,1361.6502777435683,1501.4602443691924,-139.80996662562416,7.0,6.0,1.0,0.6666666666666666,1.3333333333333333,0.8282242,1.1520627333333333,-0.45985810000000005,0.0
1210,2018-2019,2019-05-11 14:30:00,Hoffenheim,Werder Bremen,0,1,1.80986,0.931751,2,1708.8270175954804,1635.7984941120465,73.0285234834339,7.0,6.0,1.0,2.4,1.8,2.5892160000000004,1.4916479333333335,-0.6264015,0.0
1211,2018-2019,2019-05-11 14:30:00,Nuernberg,Borussia M.Gladbach,0,4,0.797591,1.75711,2,1406.7002132588534,1591.4064124831345,-184.70619922428114,7.0,7.0,0.0,0.7333333333333333,1.0,1.058941,1.4103369333333333,0.11267790000000011,0.0
1212,2018-2019,2019-05-11 14:30:00,RasenBallsport Leipzig,Bayern Munich,0,0,0.609829,1.72176,1,1780.3913603231833,1918.6568766174075,-138.2655162942242,7.0,7.0,0.0,2.066666666666667,3.1333333333333333,2.0320404666666665,3.138964933333333,-0.04805169999999993,0.0
1213,2018-2019,2019-05-11 14:30:00,VfB Stuttgart,Wolfsburg,3,0,0.680306,0.340041,0,1434.25935483366,1676.3378938938163,-242.07853906015634,7.0,7.0,0.0,1.1333333333333333,1.8,1.3230522,1.4263792,-0.7643605999999998,0.0
1214,2018-2019,2019-05-12 17:00:00,Eintracht Frankfurt,Mainz 05,0,2,1.71254,1.2497,2,1653.1092118716474,1529.2030612458643,123.90615062578308,7.0,8.0,-1.0,1.6666666666666667,1.5333333333333334,1.864217266666667,1.6416281333333336,-0.1017429,0.0
1215,2018-2019,2019-05-18 13:30:00,Bayern Munich,Eintracht Frankfurt,5,1,4.62869,0.954021,0,1916.9017752910831,1615.47902627878,301.42274901230303,6.0,5.0,1.0,2.933333333333333,1.4666666666666666,3.0328749333333334,1.7843399333333336,0.2013850000000001,0.0
1216,2018-2019,2019-05-18 13:30:00,Borussia M.Gladbach,Borussia Dortmund,0,2,0.629959,2.35948,2,1614.233844768972,1769.0646866711143,-154.8308419021423,6.0,6.0,0.0,1.2,2.2666666666666666,1.4776746666666667,1.9468036666666668,-0.3113146000000001,0.0
1217,2018-2019,2019-05-18 13:30:00,Fortuna Duesseldorf,Hannover 96,2,1,2.17162,1.04029,0,1567.4240209689233,1392.8446146220954,174.5794063468279,6.0,6.0,0.0,1.7333333333333334,0.8666666666666667,1.5669983333333337,0.9470573999999999,0.23867860000000002,0.0
1218,2018-2019,2019-05-18 13:30:00,Freiburg,Nuernberg,5,1,1.08819,0.734435,0,1470.2659074906653,1383.872780973016,86.3931265176493,6.0,6.0,0.0,1.2666666666666666,0.6666666666666666,1.0937634666666665,1.0371870666666667,0.43688449999999995,0.0
1219,2018-2019,2019-05-18 13:30:00,Hertha Berlin,Bayer Leverkusen,1,5,1.20477,2.37483,2,1569.5463403124984,1695.235525361549,-125.6891850490506,6.0,6.0,0.0,1.2666666666666666,2.533333333333333,1.4812985333333335,2.1725887999999998,-0.3393127,0.0
1220,2018-2019,2019-05-18 13:30:00,Mainz 05,Hoffenheim,4,2,2.87626,1.64469,0,1566.8332468387316,1685.4581293958317,-118.62488255710014,5.0,6.0,-1.0,1.4666666666666666,2.3333333333333335,1.6464648000000004,2.632566666666667,0.3121379,0.0
1221,2018-2019,2019-05-18 13:30:00,Schalke 04,VfB Stuttgart,0,0,0.688908,0.668898,1,1536.254368706741,1473.1112573775117,63.143111329229214,6.0,6.0,0.0,1.0,1.2,1.1591088666666667,1.154973266666667,-0.1309547,0.0
1222,2018-2019,2019-05-18 13:30:00,Werder Bremen,RasenBallsport Leipzig,2,1,1.20038,1.84544,0,1659.167382311695,1782.1464616495077,-122.97907933781266,6.0,6.0,0.0,1.8,2.066666666666667,1.4092313333333335,2.020766,0.4969764000000001,0.0
1223,2018-2019,2019-05-18 13:30:00,Wolfsburg,Augsburg,8,1,4.15452,0.672581,0,1637.4859913499645,1484.902060354308,152.58393099565637,6.0,6.0,0.0,1.7333333333333334,1.6,1.3340172666666668,1.241480933333333,-0.3855135,0.0
