competition,season,date,home_team,away_team,home_goals,away_goals,home_xg,away_xg,home_ppda,away_ppda,home_xpts,away_xpts,status
Bundesliga,2021-2022,2021-08-13 18:30:00,Borussia M.Gladbach,Bayern Munich,1,1,1.98777,2.91794,11.06060606060606,8.555555555555555,0.8086,1.9867,STATUS_FULL_TIME
Bundesliga,2021-2022,2021-08-14 13:30:00,Arminia Bielefeld,Freiburg,0,0,0.575032,1.63663,9.416666666666666,8.45,0.5164,2.2525,STATUS_FULL_TIME
Bundesliga,2021-2022,2021-08-14 13:30:00,Augsburg,Hoffenheim,0,4,0.734658,3.44423,19.846153846153847,10.3,0.0863,2.8663999999999996,STATUS_FULL_TIME
Bundesliga,2021-2022,2021-08-14 16:30:00,Borussia Dortmund,Eintracht Frankfurt,5,2,2.83799,1.36709,15.642857142857142,13.258064516129032,2.3218,0.5086,STATUS_FULL_TIME
Bundesliga,2021-2022,2021-08-14 13:30:00,Union Berlin,Bayer Leverkusen,1,1,0.443841,0.7943,18.208333333333332,7.166666666666667,0.9779,1.6247,STATUS_FULL_TIME
Bundesliga,2021-2022,2021-08-14 13:30:00,VfB Stuttgart,Greuther Fuerth,5,1,4.25968,1.31466,10.736842105263158,25.3125,2.7746999999999997,0.15510000000000002,STATUS_FULL_TIME
Bundesliga,2021-2022,2021-08-14 13:30:00,Wolfsburg,Bochum,1,0,2.78774,0.297792,9.764705882352942,27.181818181818183,2.8513,0.0916,STATUS_FULL_TIME
Bundesliga,2021-2022,2021-08-15 15:30:00,FC Cologne,Hertha Berlin,3,1,1.62567,2.1078,5.151515151515151,14.235294117647058,0.9514,1.7875,STATUS_FULL_TIME
Bundesliga,2021-2022,2021-08-15 13:30:00,Mainz 05,RasenBallsport Leipzig,1,0,1.27109,0.841814,16.72222222222222,4.608695652173913,1.8362,0.8453,STATUS_FULL_TIME
Bundesliga,2021-2022,2021-08-20 18:30:00,RasenBallsport Leipzig,VfB Stuttgart,4,0,2.86627,0.958579,9.321428571428571,9.863636363636363,2.5962,0.2781,STATUS_FULL_TIME
Bundesliga,2021-2022,2021-08-21 16:30:00,Bayer Leverkusen,Borussia M.Gladbach,4,0,1.94592,1.66054,13.333333333333334,9.689655172413794,1.5598999999999998,1.1657,STATUS_FULL_TIME
Bundesliga,2021-2022,2021-08-21 13:30:00,Bochum,Mainz 05,2,0,1.05301,0.817413,15.3125,7.909090909090909,1.5544,1.1056,STATUS_FULL_TIME
Bundesliga,2021-2022,2021-08-21 13:30:00,Eintracht Frankfurt,Augsburg,0,0,1.3297,0.16593,4.76,13.555555555555555,2.344,0.39490000000000003,STATUS_FULL_TIME
Bundesliga,2021-2022,2021-08-21 13:30:00,Freiburg,Borussia Dortmund,2,1,1.58418,1.49634,20.238095238095237,6.3125,1.4434,1.2763,STATUS_FULL_TIME
Bundesliga,2021-2022,2021-08-21 13:30:00,Greuther Fuerth,Arminia Bielefeld,1,1,2.57735,0.763691,7.352941176470588,15.523809523809524,2.5850999999999997,0.2832,STATUS_FULL_TIME
Bundesliga,2021-2022,2021-08-21 13:30:00,Hertha Berlin,Wolfsburg,1,2,1.17401,0.558009,15.142857142857142,7.142857142857143,2.0049,0.7029,STATUS_FULL_TIME
Bundesliga,2021-2022,2021-08-22 15:30:00,Bayern Munich,FC Cologne,3,2,3.08002,0.957893,9.0,9.61111111111111,2.6723,0.2234,STATUS_FULL_TIME
Bundesliga,2021-2022,2021-08-22 13:30:00,Hoffenheim,Union Berlin,2,2,0.967015,2.35122,8.7,19.736842105263158,0.4249,2.4052000000000002,STATUS_FULL_TIME
Bundesliga,2021-2022,2021-08-27 18:30:00,Borussia Dortmund,Hoffenheim,3,2,3.40779,2.42487,7.681818181818182,11.88,1.9797000000000002,0.8178,STATUS_FULL_TIME
Bundesliga,2021-2022,2021-08-28 13:30:00,Arminia Bielefeld,Eintracht Frankfurt,1,1,0.626534,1.78556,19.318181818181817,6.36,0.4941,2.2974,STATUS_FULL_TIME
Bundesliga,2021-2022,2021-08-28 13:30:00,Augsburg,Bayer Leverkusen,1,4,1.6937,2.1207,10.875,8.708333333333334,1.0878,1.6644,STATUS_FULL_TIME
Bundesliga,2021-2022,2021-08-28 16:30:00,Bayern Munich,Hertha Berlin,5,0,4.25513,0.575566,8.807692307692308,22.4375,2.9501,0.030799999999999998,STATUS_FULL_TIME
Bundesliga,2021-2022,2021-08-28 13:30:00,FC Cologne,Bochum,2,1,2.91135,0.721445,3.652173913043478,16.058823529411764,2.714,0.19519999999999998,STATUS_FULL_TIME
Bundesliga,2021-2022,2021-08-28 13:30:00,Mainz 05,Greuther Fuerth,3,0,2.79493,0.304223,6.147058823529412,10.0,2.8449,0.099,STATUS_FULL_TIME
Bundesliga,2021-2022,2021-08-28 13:30:00,VfB Stuttgart,Freiburg,2,3,2.28063,1.36171,7.15,14.08695652173913,2.0557,0.7234,STATUS_FULL_TIME
Bundesliga,2021-2022,2021-08-29 13:30:00,Union Berlin,Borussia M.Gladbach,2,1,1.56256,1.52841,15.548387096774194,5.260869565217392,1.4012000000000002,1.3136,STATUS_FULL_TIME
Bundesliga,2021-2022,2021-08-29 15:30:00,Wolfsburg,RasenBallsport Leipzig,1,0,1.11229,1.43914,11.55,6.228571428571429,1.0192999999999999,1.6676,STATUS_FULL_TIME
Bundesliga,2021-2022,2021-09-11 13:30:00,Bayer Leverkusen,Borussia Dortmund,3,4,0.471066,2.2922,19.875,9.12,0.2213,2.6633000000000004,STATUS_FULL_TIME
Bundesliga,2021-2022,2021-09-11 13:30:00,Freiburg,FC Cologne,1,1,0.871642,1.50213,8.083333333333334,11.73913043478261,0.8229,1.8935999999999997,STATUS_FULL_TIME
Bundesliga,2021-2022,2021-09-11 13:30:00,Greuther Fuerth,Wolfsburg,0,2,0.392561,1.44282,9.64864864864865,5.882352941176471,0.40790000000000004,2.3735,STATUS_FULL_TIME
Bundesliga,2021-2022,2021-09-11 13:30:00,Hoffenheim,Mainz 05,0,2,0.509713,0.933476,6.631578947368421,17.666666666666668,0.9293,1.7099,STATUS_FULL_TIME
Bundesliga,2021-2022,2021-09-11 16:30:00,RasenBallsport Leipzig,Bayern Munich,1,4,0.347898,4.30091,9.68,11.947368421052632,0.0078000000000000005,2.9867999999999997,STATUS_FULL_TIME
Bundesliga,2021-2022,2021-09-11 13:30:00,Union Berlin,Augsburg,0,0,1.71533,0.831722,9.263157894736842,17.941176470588236,2.1239,0.6398,STATUS_FULL_TIME
Bundesliga,2021-2022,2021-09-12 15:30:00,Bochum,Hertha Berlin,1,3,1.02687,0.605231,4.09375,18.53846153846154,1.7330999999999999,0.9038999999999999,STATUS_FULL_TIME
Bundesliga,2021-2022,2021-09-12 17:30:00,Borussia M.Gladbach,Arminia Bielefeld,3,1,2.12932,1.53189,8.380952380952381,12.342857142857143,1.7839999999999998,0.9776,STATUS_FULL_TIME
Bundesliga,2021-2022,2021-09-12 13:30:00,Eintracht Frankfurt,VfB Stuttgart,1,1,1.46763,1.2361,4.871794871794871,16.058823529411764,1.5425999999999997,1.17,STATUS_FULL_TIME
Bundesliga,2021-2022,2021-09-17 18:30:00,Hertha Berlin,Greuther Fuerth,2,1,1.59085,1.55279,6.173913043478261,8.266666666666667,1.3422,1.3686000000000003,STATUS_FULL_TIME
Bundesliga,2021-2022,2021-09-18 13:30:00,Arminia Bielefeld,Hoffenheim,0,0,1.00534,1.54136,13.076923076923077,21.09090909090909,0.9417,1.7904,STATUS_FULL_TIME
Bundesliga,2021-2022,2021-09-18 13:30:00,Augsburg,Borussia M.Gladbach,1,0,0.494801,0.74574,22.6875,4.8,1.0473,1.5447,STATUS_FULL_TIME
Bundesliga,2021-2022,2021-09-18 13:30:00,Bayern Munich,Bochum,7,0,6.88189,1.23312,7.947368421052632,16.954545454545453,2.9983999999999997,0.0008,STATUS_FULL_TIME
Bundesliga,2021-2022,2021-09-18 16:30:00,FC Cologne,RasenBallsport Leipzig,1,1,1.68932,2.03702,5.605263157894737,11.055555555555555,1.1116,1.6119999999999999,STATUS_FULL_TIME
Bundesliga,2021-2022,2021-09-18 13:30:00,Mainz 05,Freiburg,0,0,1.26167,0.364252,8.0,7.545454545454546,2.1521999999999997,0.5655,STATUS_FULL_TIME
Bundesliga,2021-2022,2021-09-19 15:30:00,Borussia Dortmund,Union Berlin,4,2,1.09855,1.7321,8.458333333333334,18.68421052631579,0.8379000000000001,1.8987,STATUS_FULL_TIME
Bundesliga,2021-2022,2021-09-19 13:30:00,VfB Stuttgart,Bayer Leverkusen,1,3,1.41677,1.59332,4.628571428571429,13.954545454545455,1.1638000000000002,1.5208,STATUS_FULL_TIME
Bundesliga,2021-2022,2021-09-19 17:30:00,Wolfsburg,Eintracht Frankfurt,1,1,1.84989,0.280625,6.9,9.181818181818182,2.6303,0.2291,STATUS_FULL_TIME
Bundesliga,2021-2022,2021-09-24 18:30:00,Greuther Fuerth,Bayern Munich,1,3,0.655908,0.677915,11.18918918918919,9.0,1.3116,1.2939,STATUS_FULL_TIME
Bundesliga,2021-2022,2021-09-25 13:30:00,Bayer Leverkusen,Mainz 05,1,0,1.45034,0.930118,6.090909090909091,12.035714285714286,1.7642000000000002,0.9548,STATUS_FULL_TIME
Bundesliga,2021-2022,2021-09-25 16:30:00,Borussia M.Gladbach,Borussia Dortmund,1,0,1.65529,0.568652,8.235294117647058,17.142857142857142,2.2379000000000002,0.5354000000000001,STATUS_FULL_TIME
Bundesliga,2021-2022,2021-09-25 13:30:00,Eintracht Frankfurt,FC Cologne,1,1,0.950916,1.10981,6.75,4.518518518518518,1.177,1.5064,STATUS_FULL_TIME
Bundesliga,2021-2022,2021-09-25 13:30:00,Hoffenheim,Wolfsburg,3,1,1.78602,0.504541,12.363636363636363,19.76923076923077,2.4284,0.386,STATUS_FULL_TIME
Bundesliga,2021-2022,2021-09-25 13:30:00,RasenBallsport Leipzig,Hertha Berlin,6,0,4.25065,0.341267,6.633333333333334,15.181818181818182,2.9733,0.015600000000000001,STATUS_FULL_TIME
Bundesliga,2021-2022,2021-09-25 13:30:00,Union Berlin,Arminia Bielefeld,1,0,1.25321,0.435528,12.368421052631579,22.071428571428573,2.0905,0.6229,STATUS_FULL_TIME
Bundesliga,2021-2022,2021-09-26 13:30:00,Bochum,VfB Stuttgart,0,0,0.925854,0.29441,8.852941176470589,10.176470588235293,1.93,0.7009,STATUS_FULL_TIME
Bundesliga,2021-2022,2021-09-26 15:30:00,Freiburg,Augsburg,3,0,3.97075,0.191653,7.6521739130434785,18.3125,2.9904,0.0050999999999999995,STATUS_FULL_TIME
Bundesliga,2021-2022,2021-10-01 18:30:00,FC Cologne,Greuther Fuerth,3,1,2.8694,0.984368,3.8076923076923075,12.35,2.6532,0.2319,STATUS_FULL_TIME
Bundesliga,2021-2022,2021-10-02 13:30:00,Borussia Dortmund,Augsburg,2,1,2.72281,0.746485,4.739130434782608,10.125,2.6565,0.22710000000000002,STATUS_FULL_TIME
Bundesliga,2021-2022,2021-10-02 13:30:00,Hertha Berlin,Freiburg,1,2,0.913547,0.861008,14.473684210526315,8.241379310344827,1.4017000000000002,1.2562000000000002,STATUS_FULL_TIME
Bundesliga,2021-2022,2021-10-02 16:30:00,RasenBallsport Leipzig,Bochum,3,0,2.46461,1.51583,8.736842105263158,11.758620689655173,2.017,0.7618,STATUS_FULL_TIME
Bundesliga,2021-2022,2021-10-02 13:30:00,VfB Stuttgart,Hoffenheim,3,1,0.76705,0.978235,10.928571428571429,10.631578947368421,1.1223,1.5414,STATUS_FULL_TIME
Bundesliga,2021-2022,2021-10-02 13:30:00,Wolfsburg,Borussia M.Gladbach,1,3,1.22196,3.51831,8.695652173913043,11.590909090909092,0.2173,2.6893,STATUS_FULL_TIME
Bundesliga,2021-2022,2021-10-03 17:30:00,Arminia Bielefeld,Bayer Leverkusen,0,4,0.447571,2.96917,14.241379310344827,11.928571428571429,0.11460000000000001,2.8188000000000004,STATUS_FULL_TIME
Bundesliga,2021-2022,2021-10-03 15:30:00,Bayern Munich,Eintracht Frankfurt,1,2,2.18047,0.389616,6.0,33.416666666666664,2.6546,0.2228,STATUS_FULL_TIME
Bundesliga,2021-2022,2021-10-03 13:30:00,Mainz 05,Union Berlin,1,2,1.25545,1.1103,8.321428571428571,14.647058823529411,1.4790999999999999,1.2249999999999999,STATUS_FULL_TIME
Bundesliga,2021-2022,2021-10-15 18:30:00,Hoffenheim,FC Cologne,5,0,4.18974,0.484187,10.73913043478261,13.555555555555555,2.9718,0.0165,STATUS_FULL_TIME
Bundesliga,2021-2022,2021-10-16 13:30:00,Borussia Dortmund,Mainz 05,3,1,2.3618,0.610876,7.166666666666667,16.16,2.6264000000000003,0.24409999999999998,STATUS_FULL_TIME
Bundesliga,2021-2022,2021-10-16 16:30:00,Borussia M.Gladbach,VfB Stuttgart,1,1,2.28296,0.292328,9.538461538461538,12.21875,2.7111,0.18030000000000002,STATUS_FULL_TIME
Bundesliga,2021-2022,2021-10-16 13:30:00,Eintracht Frankfurt,Hertha Berlin,1,2,1.70283,2.56404,5.052631578947368,10.346153846153847,0.7616,2.0243,STATUS_FULL_TIME
Bundesliga,2021-2022,2021-10-16 13:30:00,Freiburg,RasenBallsport Leipzig,1,1,1.63966,1.65528,9.136363636363637,8.777777777777779,1.3523,1.3622,STATUS_FULL_TIME
Bundesliga,2021-2022,2021-10-16 13:30:00,Greuther Fuerth,Bochum,0,1,0.69855,1.72207,5.3,9.041666666666666,0.5402,2.2327999999999997,STATUS_FULL_TIME
Bundesliga,2021-2022,2021-10-16 13:30:00,Union Berlin,Wolfsburg,2,0,1.32884,1.28381,24.0,9.25,1.3754,1.3061,STATUS_FULL_TIME
Bundesliga,2021-2022,2021-10-17 15:30:00,Augsburg,Arminia Bielefeld,1,1,0.913256,0.285865,9.777777777777779,7.321428571428571,1.9454000000000002,0.6848000000000001,STATUS_FULL_TIME
Bundesliga,2021-2022,2021-10-17 13:30:00,Bayer Leverkusen,Bayern Munich,1,5,0.729378,3.44913,26.384615384615383,9.303030303030303,0.1395,2.7936,STATUS_FULL_TIME
Bundesliga,2021-2022,2021-10-22 18:30:00,Mainz 05,Augsburg,4,1,4.13366,0.664542,8.035714285714286,9.833333333333334,2.9448000000000003,0.033299999999999996,STATUS_FULL_TIME
Bundesliga,2021-2022,2021-10-23 13:30:00,Arminia Bielefeld,Borussia Dortmund,1,3,1.40239,2.58993,22.423076923076923,6.827586206896552,0.5451,2.2560000000000002,STATUS_FULL_TIME
Bundesliga,2021-2022,2021-10-23 13:30:00,Bayern Munich,Hoffenheim,4,0,3.31148,0.446465,18.384615384615383,15.296296296296296,2.8672999999999997,0.0833,STATUS_FULL_TIME
Bundesliga,2021-2022,2021-10-23 16:30:00,Hertha Berlin,Borussia M.Gladbach,1,0,1.47383,0.47063,12.461538461538462,7.344827586206897,2.3108,0.4682,STATUS_FULL_TIME
Bundesliga,2021-2022,2021-10-23 13:30:00,RasenBallsport Leipzig,Greuther Fuerth,4,1,2.30304,1.94277,6.833333333333333,9.857142857142858,1.6608999999999998,1.0575999999999999,STATUS_FULL_TIME
Bundesliga,2021-2022,2021-10-23 13:30:00,Wolfsburg,Freiburg,0,2,1.72591,2.17659,6.344827586206897,12.0,1.0208,1.7426,STATUS_FULL_TIME
Bundesliga,2021-2022,2021-10-24 17:30:00,Bochum,Eintracht Frankfurt,2,0,2.78664,1.51826,11.28,7.8,2.2275,0.5922000000000001,STATUS_FULL_TIME
Bundesliga,2021-2022,2021-10-24 13:30:00,FC Cologne,Bayer Leverkusen,2,2,1.71198,1.79735,3.475,12.68421052631579,1.2748000000000002,1.4698,STATUS_FULL_TIME
Bundesliga,2021-2022,2021-10-24 15:30:00,VfB Stuttgart,Union Berlin,1,1,0.426401,1.01643,10.592592592592593,13.413793103448276,0.7936000000000001,1.8582999999999998,STATUS_FULL_TIME
Bundesliga,2021-2022,2021-10-29 18:30:00,Hoffenheim,Hertha Berlin,2,0,0.860088,0.471538,7.921052631578948,19.9375,1.6877,0.9335,STATUS_FULL_TIME
Bundesliga,2021-2022,2021-10-30 13:30:00,Arminia Bielefeld,Mainz 05,1,2,0.497896,2.97383,12.454545454545455,13.8125,0.12029999999999999,2.8152,STATUS_FULL_TIME
Bundesliga,2021-2022,2021-10-30 13:30:00,Bayer Leverkusen,Wolfsburg,0,2,1.30903,1.8693,4.096774193548387,8.40625,0.8616000000000001,1.8579,STATUS_FULL_TIME
Bundesliga,2021-2022,2021-10-30 13:30:00,Borussia Dortmund,FC Cologne,2,0,1.75772,1.20191,13.826086956521738,6.257142857142857,1.8245,0.9209,STATUS_FULL_TIME
Bundesliga,2021-2022,2021-10-30 16:30:00,Eintracht Frankfurt,RasenBallsport Leipzig,1,1,0.594345,3.99211,12.0,11.26086956521739,0.029900000000000003,2.9507,STATUS_FULL_TIME
Bundesliga,2021-2022,2021-10-30 13:30:00,Freiburg,Greuther Fuerth,3,1,1.2181,0.48039,10.0,9.461538461538462,2.1399,0.5711999999999999,STATUS_FULL_TIME
Bundesliga,2021-2022,2021-10-30 13:30:00,Union Berlin,Bayern Munich,2,5,0.744794,3.14739,27.428571428571427,13.9375,0.0938,2.8477999999999994,STATUS_FULL_TIME
Bundesliga,2021-2022,2021-10-31 14:30:00,Augsburg,VfB Stuttgart,4,1,2.59567,0.90948,13.142857142857142,7.666666666666667,2.5343999999999998,0.3306,STATUS_FULL_TIME
Bundesliga,2021-2022,2021-10-31 16:30:00,Borussia M.Gladbach,Bochum,2,1,1.81742,1.07958,15.416666666666666,12.84375,1.917,0.8349,STATUS_FULL_TIME
Bundesliga,2021-2022,2021-11-05 19:30:00,Mainz 05,Borussia M.Gladbach,1,1,0.94947,1.50835,7.119047619047619,15.5625,0.8828,1.8533000000000002,STATUS_FULL_TIME
Bundesliga,2021-2022,2021-11-06 14:30:00,Bayern Munich,Freiburg,2,1,3.16849,0.910798,15.8,13.451612903225806,2.689,0.2158,STATUS_FULL_TIME
Bundesliga,2021-2022,2021-11-06 14:30:00,Bochum,Hoffenheim,2,0,2.12433,0.641687,18.666666666666668,6.555555555555555,2.4942,0.3429,STATUS_FULL_TIME
Bundesliga,2021-2022,2021-11-06 17:30:00,RasenBallsport Leipzig,Borussia Dortmund,2,1,2.48845,0.734721,10.608695652173912,8.818181818181818,2.6069,0.26839999999999997,STATUS_FULL_TIME
Bundesliga,2021-2022,2021-11-06 14:30:00,VfB Stuttgart,Arminia Bielefeld,0,1,1.11192,1.55125,8.2,15.962962962962964,1.0184,1.7102,STATUS_FULL_TIME
Bundesliga,2021-2022,2021-11-06 14:30:00,Wolfsburg,Augsburg,1,0,0.910085,0.867311,8.727272727272727,28.285714285714285,1.3579,1.2847,STATUS_FULL_TIME
Bundesliga,2021-2022,2021-11-07 16:30:00,FC Cologne,Union Berlin,2,2,1.93335,1.1297,6.1875,15.666666666666666,2.0248,0.7222000000000001,STATUS_FULL_TIME
Bundesliga,2021-2022,2021-11-07 18:30:00,Greuther Fuerth,Eintracht Frankfurt,1,2,2.4344,1.26639,10.0,11.130434782608695,2.2305,0.5652,STATUS_FULL_TIME
Bundesliga,2021-2022,2021-11-07 14:30:00,Hertha Berlin,Bayer Leverkusen,1,1,0.903476,0.774023,11.083333333333334,9.478260869565217,1.3965,1.2456,STATUS_FULL_TIME
Bundesliga,2021-2022,2021-11-19 19:30:00,Augsburg,Bayern Munich,2,1,0.614461,1.24258,26.6875,4.625,0.8388,1.8495,STATUS_FULL_TIME
Bundesliga,2021-2022,2021-11-20 14:30:00,Arminia Bielefeld,Wolfsburg,2,2,1.40579,1.35662,13.76923076923077,6.2,1.3881,1.2807,STATUS_FULL_TIME
Bundesliga,2021-2022,2021-11-20 14:30:00,Bayer Leverkusen,Bochum,1,0,1.62637,0.708697,12.222222222222221,9.275862068965518,2.1066000000000003,0.6615,STATUS_FULL_TIME
Bundesliga,2021-2022,2021-11-20 14:30:00,Borussia Dortmund,VfB Stuttgart,2,1,1.99186,1.54108,7.1875,16.565217391304348,1.702,1.0285,STATUS_FULL_TIME
Bundesliga,2021-2022,2021-11-20 14:30:00,Borussia M.Gladbach,Greuther Fuerth,4,0,2.47443,0.307559,12.3125,13.363636363636363,2.7563999999999997,0.1542,STATUS_FULL_TIME
Bundesliga,2021-2022,2021-11-20 14:30:00,Hoffenheim,RasenBallsport Leipzig,2,0,2.88876,0.211083,10.448275862068966,6.482758620689655,2.9194999999999998,0.0467,STATUS_FULL_TIME
Bundesliga,2021-2022,2021-11-20 17:30:00,Union Berlin,Hertha Berlin,2,0,1.89108,0.211495,7.9411764705882355,8.73913043478261,2.6619,0.2076,STATUS_FULL_TIME
Bundesliga,2021-2022,2021-11-21 14:30:00,Freiburg,Eintracht Frankfurt,0,2,1.5667,1.24268,13.133333333333333,15.95,1.5830000000000002,1.1414000000000002,STATUS_FULL_TIME
Bundesliga,2021-2022,2021-11-21 16:30:00,Mainz 05,FC Cologne,1,1,0.941346,1.75564,8.870967741935484,9.944444444444445,0.7484,2.0165,STATUS_FULL_TIME
Bundesliga,2021-2022,2021-11-26 19:30:00,VfB Stuttgart,Mainz 05,2,1,0.276918,1.17743,16.846153846153847,6.225,0.48860000000000003,2.2313,STATUS_FULL_TIME
Bundesliga,2021-2022,2021-11-27 17:30:00,Bayern Munich,Arminia Bielefeld,1,0,2.67728,0.385377,6.142857142857143,30.0,2.7346999999999997,0.1721,STATUS_FULL_TIME
Bundesliga,2021-2022,2021-11-27 14:30:00,Bochum,Freiburg,2,1,0.955994,2.12135,18.166666666666668,8.444444444444445,0.5804,2.2154000000000003,STATUS_FULL_TIME
Bundesliga,2021-2022,2021-11-27 14:30:00,FC Cologne,Borussia M.Gladbach,4,1,1.48695,1.30291,7.057142857142857,10.375,1.5246,1.2108,STATUS_FULL_TIME
Bundesliga,2021-2022,2021-11-27 14:30:00,Greuther Fuerth,Hoffenheim,3,6,1.36493,3.01705,10.772727272727273,13.5,0.4466,2.4074,STATUS_FULL_TIME
Bundesliga,2021-2022,2021-11-27 14:30:00,Hertha Berlin,Augsburg,1,1,1.92656,1.61295,11.944444444444445,12.88888888888889,1.6018999999999999,1.1417,STATUS_FULL_TIME
Bundesliga,2021-2022,2021-11-27 14:30:00,Wolfsburg,Borussia Dortmund,1,3,2.17146,2.35127,18.6,9.8,1.2075,1.5288000000000002,STATUS_FULL_TIME
Bundesliga,2021-2022,2021-11-28 14:30:00,Eintracht Frankfurt,Union Berlin,2,1,1.69692,1.07386,14.842105263157896,18.6875,1.8495,0.8675999999999999,STATUS_FULL_TIME
Bundesliga,2021-2022,2021-11-28 16:30:00,RasenBallsport Leipzig,Bayer Leverkusen,1,3,1.43225,1.23553,9.555555555555555,30.444444444444443,1.5554999999999999,1.1442,STATUS_FULL_TIME
Bundesliga,2021-2022,2021-12-03 19:30:00,Union Berlin,RasenBallsport Leipzig,2,1,3.76492,1.14392,8.275862068965518,13.090909090909092,2.7664999999999997,0.16099999999999998,STATUS_FULL_TIME
Bundesliga,2021-2022,2021-12-04 14:30:00,Arminia Bielefeld,FC Cologne,1,1,1.01727,1.18693,14.173913043478262,11.846153846153847,1.1918,1.5083,STATUS_FULL_TIME
Bundesliga,2021-2022,2021-12-04 14:30:00,Augsburg,Bochum,2,3,2.86606,2.04524,8.347826086956522,13.411764705882353,1.9454,0.8468,STATUS_FULL_TIME
Bundesliga,2021-2022,2021-12-04 14:30:00,Bayer Leverkusen,Greuther Fuerth,7,1,2.4319,0.279746,7.038461538461538,11.161290322580646,2.7841000000000005,0.13119999999999998,STATUS_FULL_TIME
Bundesliga,2021-2022,2021-12-04 17:30:00,Borussia Dortmund,Bayern Munich,2,3,1.43058,2.42143,10.961538461538462,10.32,0.7015,2.0827,STATUS_FULL_TIME
Bundesliga,2021-2022,2021-12-04 14:30:00,Hoffenheim,Eintracht Frankfurt,3,2,0.924975,1.57864,15.863636363636363,11.92,0.8455,1.8814000000000002,STATUS_FULL_TIME
Bundesliga,2021-2022,2021-12-04 14:30:00,Mainz 05,Wolfsburg,3,0,1.41164,0.760457,6.027777777777778,6.055555555555555,1.9054,0.8221,STATUS_FULL_TIME
Bundesliga,2021-2022,2021-12-05 16:30:00,Borussia M.Gladbach,Freiburg,0,6,1.07562,2.70796,6.0,16.142857142857142,0.32980000000000004,2.5342000000000002,STATUS_FULL_TIME
Bundesliga,2021-2022,2021-12-05 14:30:00,VfB Stuttgart,Hertha Berlin,2,2,0.921944,1.25849,13.263157894736842,14.125,0.9859,1.7017,STATUS_FULL_TIME
Bundesliga,2021-2022,2021-12-10 19:30:00,FC Cologne,Augsburg,0,2,1.15891,1.17632,7.3125,12.272727272727273,1.357,1.3432000000000002,STATUS_FULL_TIME
Bundesliga,2021-2022,2021-12-11 14:30:00,Bayern Munich,Mainz 05,2,1,1.78613,0.872668,6.615384615384615,16.24,2.0588,0.6929,STATUS_FULL_TIME
Bundesliga,2021-2022,2021-12-11 14:30:00,Bochum,Borussia Dortmund,1,1,0.966453,2.68284,19.764705882352942,7.5,0.3271,2.5222,STATUS_FULL_TIME
Bundesliga,2021-2022,2021-12-11 14:30:00,Freiburg,Hoffenheim,1,2,2.25197,1.5054,11.6,18.9,1.9742,0.7976,STATUS_FULL_TIME
Bundesliga,2021-2022,2021-12-11 14:30:00,Hertha Berlin,Arminia Bielefeld,2,0,2.23797,0.454841,7.45,7.27906976744186,2.5991999999999997,0.27,STATUS_FULL_TIME
Bundesliga,2021-2022,2021-12-11 14:30:00,RasenBallsport Leipzig,Borussia M.Gladbach,4,1,4.80258,0.84748,8.866666666666667,8.75,2.9399,0.0413,STATUS_FULL_TIME
Bundesliga,2021-2022,2021-12-11 17:30:00,Wolfsburg,VfB Stuttgart,0,2,1.46986,1.53296,7.0606060606060606,13.210526315789474,1.2433,1.4653,STATUS_FULL_TIME
Bundesliga,2021-2022,2021-12-12 16:30:00,Eintracht Frankfurt,Bayer Leverkusen,5,2,1.44415,1.60141,11.346153846153847,15.666666666666666,1.2035,1.4918,STATUS_FULL_TIME
Bundesliga,2021-2022,2021-12-12 14:30:00,Greuther Fuerth,Union Berlin,1,0,0.680225,1.83652,22.470588235294116,15.846153846153847,0.4909,2.2876,STATUS_FULL_TIME
Bundesliga,2021-2022,2021-12-14 19:30:00,Arminia Bielefeld,Bochum,2,0,0.642785,0.748012,8.478260869565217,7.458333333333333,1.1701000000000001,1.4485,STATUS_FULL_TIME
Bundesliga,2021-2022,2021-12-14 19:30:00,Mainz 05,Hertha Berlin,4,0,3.10591,0.393369,4.588235294117647,17.1875,2.8819000000000004,0.0751,STATUS_FULL_TIME
Bundesliga,2021-2022,2021-12-14 17:30:00,VfB Stuttgart,Bayern Munich,0,5,1.04709,4.98146,13.7,11.727272727272727,0.0433,2.9335,STATUS_FULL_TIME
Bundesliga,2021-2022,2021-12-14 19:30:00,Wolfsburg,FC Cologne,2,3,2.42693,3.14693,8.533333333333333,6.083333333333333,0.9003000000000001,1.8783,STATUS_FULL_TIME
Bundesliga,2021-2022,2021-12-15 19:30:00,Augsburg,RasenBallsport Leipzig,1,1,1.56744,3.08255,12.696969696969697,11.5,0.4205,2.4151999999999996,STATUS_FULL_TIME
Bundesliga,2021-2022,2021-12-15 19:30:00,Bayer Leverkusen,Hoffenheim,2,2,2.42553,1.68115,18.933333333333334,11.208333333333334,1.8974,0.8873,STATUS_FULL_TIME
Bundesliga,2021-2022,2021-12-15 19:30:00,Borussia Dortmund,Greuther Fuerth,3,0,1.91572,0.379024,7.875,22.3,2.6101,0.24760000000000001,STATUS_FULL_TIME
Bundesliga,2021-2022,2021-12-15 17:30:00,Borussia M.Gladbach,Eintracht Frankfurt,2,3,2.22983,2.50286,7.185185185185185,9.090909090909092,1.184,1.5815,STATUS_FULL_TIME
Bundesliga,2021-2022,2021-12-15 19:30:00,Union Berlin,Freiburg,0,0,2.25007,1.22466,11.68421052631579,14.761904761904763,2.1545,0.6401,STATUS_FULL_TIME
Bundesliga,2021-2022,2021-12-17 19:30:00,Bayern Munich,Wolfsburg,4,0,4.31291,1.41635,5.777777777777778,20.615384615384617,2.7822999999999998,0.15460000000000002,STATUS_FULL_TIME
Bundesliga,2021-2022,2021-12-18 14:30:00,Bochum,Union Berlin,0,1,1.04215,0.999651,11.35,22.571428571428573,1.3643,1.3085,STATUS_FULL_TIME
Bundesliga,2021-2022,2021-12-18 14:30:00,Eintracht Frankfurt,Mainz 05,1,0,1.52805,0.832437,8.433333333333334,13.6,2.0119,0.6981999999999999,STATUS_FULL_TIME
Bundesliga,2021-2022,2021-12-18 14:30:00,Greuther Fuerth,Augsburg,0,0,0.0901985,1.48497,9.416666666666666,8.823529411764707,0.2412,2.5737,STATUS_FULL_TIME
Bundesliga,2021-2022,2021-12-18 17:30:00,Hertha Berlin,Borussia Dortmund,3,2,1.61634,1.57262,20.705882352941178,9.73913043478261,1.3873,1.3369000000000002,STATUS_FULL_TIME
Bundesliga,2021-2022,2021-12-18 14:30:00,Hoffenheim,Borussia M.Gladbach,1,1,2.24422,1.62486,17.6,23.857142857142858,1.7956,0.9718000000000001,STATUS_FULL_TIME
Bundesliga,2021-2022,2021-12-18 14:30:00,RasenBallsport Leipzig,Arminia Bielefeld,0,2,1.64503,1.33454,5.045454545454546,20.695652173913043,1.5575,1.1288,STATUS_FULL_TIME
Bundesliga,2021-2022,2021-12-19 16:30:00,FC Cologne,VfB Stuttgart,1,0,1.35819,0.333564,7.9375,8.71875,2.3183,0.4355,STATUS_FULL_TIME
Bundesliga,2021-2022,2021-12-19 14:30:00,Freiburg,Bayer Leverkusen,2,1,2.07857,0.818605,15.55,12.785714285714286,2.3913,0.3969,STATUS_FULL_TIME
Bundesliga,2021-2022,2022-01-07 19:30:00,Bayern Munich,Borussia M.Gladbach,1,2,1.35599,1.51069,5.78125,13.862068965517242,1.261,1.4686,STATUS_FULL_TIME
Bundesliga,2021-2022,2022-01-08 14:30:00,Bayer Leverkusen,Union Berlin,2,2,2.20526,3.04208,7.3478260869565215,20.58823529411765,0.8362,1.9578999999999998,STATUS_FULL_TIME
Bundesliga,2021-2022,2022-01-08 17:30:00,Eintracht Frankfurt,Borussia Dortmund,2,3,1.77844,2.38227,21.444444444444443,14.785714285714286,1.0095,1.7594999999999998,STATUS_FULL_TIME
Bundesliga,2021-2022,2022-01-08 14:30:00,Freiburg,Arminia Bielefeld,2,2,2.20416,1.1145,18.0,8.0,2.1553,0.637,STATUS_FULL_TIME
Bundesliga,2021-2022,2022-01-08 14:30:00,Greuther Fuerth,VfB Stuttgart,0,0,1.12386,1.62697,21.3125,8.8,0.98,1.7378,STATUS_FULL_TIME
Bundesliga,2021-2022,2022-01-08 14:30:00,Hoffenheim,Augsburg,3,1,2.76228,0.749744,7.387096774193548,17.944444444444443,2.668,0.22210000000000002,STATUS_FULL_TIME
Bundesliga,2021-2022,2022-01-08 14:30:00,RasenBallsport Leipzig,Mainz 05,4,1,3.55391,0.319779,15.8,22.0,2.9487,0.0306,STATUS_FULL_TIME
Bundesliga,2021-2022,2022-01-09 16:30:00,Bochum,Wolfsburg,1,0,1.57295,0.400404,5.947368421052632,7.833333333333333,2.3533,0.4279,STATUS_FULL_TIME
Bundesliga,2021-2022,2022-01-09 14:30:00,Hertha Berlin,FC Cologne,1,3,0.791753,2.46989,12.789473684210526,5.035714285714286,0.3458,2.5100000000000002,STATUS_FULL_TIME
Bundesliga,2021-2022,2022-01-14 19:30:00,Borussia Dortmund,Freiburg,5,1,2.42754,1.04847,7.92,23.05263157894737,2.295,0.5064,STATUS_FULL_TIME
Bundesliga,2021-2022,2022-01-15 17:30:00,Borussia M.Gladbach,Bayer Leverkusen,1,2,1.44472,6.49734,10.05,12.4,0.0196,2.9734000000000003,STATUS_FULL_TIME
Bundesliga,2021-2022,2022-01-15 14:30:00,FC Cologne,Bayern Munich,0,4,1.0312,3.87329,9.807692307692308,13.363636363636363,0.1439,2.7950000000000004,STATUS_FULL_TIME
Bundesliga,2021-2022,2022-01-15 14:30:00,Mainz 05,Bochum,1,0,1.60302,1.32639,7.107142857142857,10.38888888888889,1.5518999999999998,1.1547,STATUS_FULL_TIME
Bundesliga,2021-2022,2022-01-15 14:30:00,Union Berlin,Hoffenheim,2,1,1.76684,0.61487,22.923076923076923,10.947368421052632,2.4247,0.3952,STATUS_FULL_TIME
Bundesliga,2021-2022,2022-01-15 14:30:00,VfB Stuttgart,RasenBallsport Leipzig,0,2,1.18793,1.601,9.909090909090908,13.818181818181818,0.9711,1.7475,STATUS_FULL_TIME
Bundesliga,2021-2022,2022-01-15 14:30:00,Wolfsburg,Hertha Berlin,0,0,1.80168,0.313936,7.722222222222222,8.0,2.5731,0.2667,STATUS_FULL_TIME
Bundesliga,2021-2022,2022-01-16 16:30:00,Arminia Bielefeld,Greuther Fuerth,2,2,0.534681,0.55128,7.108108108108108,9.133333333333333,1.2417,1.3221,STATUS_FULL_TIME
Bundesliga,2021-2022,2022-01-16 14:30:00,Augsburg,Eintracht Frankfurt,1,1,0.834967,2.14731,14.38888888888889,6.545454545454546,0.4506,2.3678999999999997,STATUS_FULL_TIME
Bundesliga,2021-2022,2022-01-21 19:30:00,Eintracht Frankfurt,Arminia Bielefeld,0,2,1.44952,1.56136,4.0625,14.142857142857142,1.2506,1.4891,STATUS_FULL_TIME
Bundesliga,2021-2022,2022-01-22 14:30:00,Bayer Leverkusen,Augsburg,5,1,3.51884,1.21255,11.4,18.26086956521739,2.6635000000000004,0.24219999999999997,STATUS_FULL_TIME
Bundesliga,2021-2022,2022-01-22 17:30:00,Bochum,FC Cologne,2,2,1.77931,1.5434,12.0625,17.125,1.5384999999999998,1.1907999999999999,STATUS_FULL_TIME
Bundesliga,2021-2022,2022-01-22 14:30:00,Borussia M.Gladbach,Union Berlin,1,2,1.29912,1.30514,11.375,14.107142857142858,1.2932,1.3271,STATUS_FULL_TIME
Bundesliga,2021-2022,2022-01-22 14:30:00,Freiburg,VfB Stuttgart,2,0,1.58203,0.221777,13.0,19.428571428571427,2.4837,0.3162,STATUS_FULL_TIME
Bundesliga,2021-2022,2022-01-22 14:30:00,Greuther Fuerth,Mainz 05,2,1,1.29371,1.40771,8.933333333333334,6.24,1.2616,1.4467,STATUS_FULL_TIME
Bundesliga,2021-2022,2022-01-22 14:30:00,Hoffenheim,Borussia Dortmund,2,3,1.16246,1.3361,11.26923076923077,18.666666666666668,1.0993,1.5844,STATUS_FULL_TIME
Bundesliga,2021-2022,2022-01-23 16:30:00,Hertha Berlin,Bayern Munich,1,4,0.847937,5.18503,28.0,4.717391304347826,0.032,2.9498,STATUS_FULL_TIME
Bundesliga,2021-2022,2022-01-23 14:30:00,RasenBallsport Leipzig,Wolfsburg,2,0,1.69425,0.871043,7.275862068965517,13.944444444444445,2.1698,0.5789,STATUS_FULL_TIME
Bundesliga,2021-2022,2022-02-04 19:30:00,Hertha Berlin,Bochum,1,1,0.444153,0.993261,7.117647058823529,6.59375,0.7373,1.9325,STATUS_FULL_TIME
Bundesliga,2021-2022,2022-02-05 14:30:00,Arminia Bielefeld,Borussia M.Gladbach,1,1,0.5965,1.4844,9.866666666666667,5.193548387096774,0.6709999999999999,2.0686999999999998,STATUS_FULL_TIME
Bundesliga,2021-2022,2022-02-05 14:30:00,Augsburg,Union Berlin,2,0,1.83212,2.09718,14.875,9.608695652173912,1.1564,1.5773,STATUS_FULL_TIME
Bundesliga,2021-2022,2022-02-05 17:30:00,Bayern Munich,RasenBallsport Leipzig,3,2,3.0334,2.65667,8.5625,22.470588235294116,1.6159999999999999,1.1576,STATUS_FULL_TIME
Bundesliga,2021-2022,2022-02-05 14:30:00,FC Cologne,Freiburg,1,0,1.09604,0.683704,11.55,4.27027027027027,1.6847,0.9953000000000001,STATUS_FULL_TIME
Bundesliga,2021-2022,2022-02-05 14:30:00,Mainz 05,Hoffenheim,2,0,1.77868,1.31773,17.666666666666668,11.105263157894736,1.7607999999999997,0.9799,STATUS_FULL_TIME
Bundesliga,2021-2022,2022-02-05 14:30:00,VfB Stuttgart,Eintracht Frankfurt,2,3,2.12047,0.842047,8.19047619047619,9.625,2.3143,0.5014,STATUS_FULL_TIME
Bundesliga,2021-2022,2022-02-06 14:30:00,Borussia Dortmund,Bayer Leverkusen,2,5,1.60338,1.81345,8.583333333333334,14.36,1.1836,1.5354999999999999,STATUS_FULL_TIME
Bundesliga,2021-2022,2022-02-06 16:30:00,Wolfsburg,Greuther Fuerth,4,1,2.0638,1.10423,14.571428571428571,20.0,2.1430000000000002,0.6109,STATUS_FULL_TIME
Bundesliga,2021-2022,2022-02-11 19:30:00,RasenBallsport Leipzig,FC Cologne,3,1,0.850488,0.794743,13.73913043478261,10.857142857142858,1.4186,1.2266000000000001,STATUS_FULL_TIME
Bundesliga,2021-2022,2022-02-12 17:30:00,Bayer Leverkusen,VfB Stuttgart,4,2,2.41919,1.17227,7.869565217391305,40.4,2.2441999999999998,0.5627,STATUS_FULL_TIME
Bundesliga,2021-2022,2022-02-12 14:30:00,Bochum,Bayern Munich,4,2,1.34846,1.87083,12.826086956521738,8.066666666666666,0.9798,1.7502,STATUS_FULL_TIME
Bundesliga,2021-2022,2022-02-12 14:30:00,Borussia M.Gladbach,Augsburg,3,2,3.03062,1.62757,9.652173913043478,9.647058823529411,2.27,0.5675,STATUS_FULL_TIME
Bundesliga,2021-2022,2022-02-12 14:30:00,Eintracht Frankfurt,Wolfsburg,0,2,0.879318,1.61974,4.470588235294118,14.35,0.7395,2.0115000000000003,STATUS_FULL_TIME
Bundesliga,2021-2022,2022-02-12 14:30:00,Freiburg,Mainz 05,1,1,1.69097,3.15753,4.954545454545454,9.357142857142858,0.489,2.3421,STATUS_FULL_TIME
Bundesliga,2021-2022,2022-02-12 14:30:00,Greuther Fuerth,Hertha Berlin,2,1,2.69634,1.84512,11.142857142857142,7.9,1.9934000000000003,0.806,STATUS_FULL_TIME
Bundesliga,2021-2022,2022-02-13 16:30:00,Hoffenheim,Arminia Bielefeld,2,0,4.16571,0.652006,17.733333333333334,13.130434782608695,2.9159,0.0548,STATUS_FULL_TIME
Bundesliga,2021-2022,2022-02-13 14:30:00,Union Berlin,Borussia Dortmund,0,3,1.47085,2.59623,13.285714285714286,18.363636363636363,0.5493,2.2572,STATUS_FULL_TIME
Bundesliga,2021-2022,2022-02-18 19:30:00,Mainz 05,Bayer Leverkusen,3,2,1.00622,0.827749,10.0625,8.105263157894736,1.4786,1.1912,STATUS_FULL_TIME
Bundesliga,2021-2022,2022-02-19 14:30:00,Arminia Bielefeld,Union Berlin,1,0,1.41442,0.771488,20.75,10.421052631578947,1.9526000000000001,0.7691,STATUS_FULL_TIME
Bundesliga,2021-2022,2022-02-19 14:30:00,Augsburg,Freiburg,1,2,0.951389,2.56075,10.473684210526315,12.0,0.30810000000000004,2.5548,STATUS_FULL_TIME
Bundesliga,2021-2022,2022-02-19 17:30:00,FC Cologne,Eintracht Frankfurt,1,0,1.43278,0.678832,7.583333333333333,9.030303030303031,2.0016,0.7206,STATUS_FULL_TIME
Bundesliga,2021-2022,2022-02-19 14:30:00,VfB Stuttgart,Bochum,1,1,1.37485,1.93431,13.142857142857142,9.4,0.8845000000000001,1.8556000000000001,STATUS_FULL_TIME
Bundesliga,2021-2022,2022-02-19 14:30:00,Wolfsburg,Hoffenheim,1,2,1.50299,1.07132,13.619047619047619,14.541666666666666,1.6967,1.0136,STATUS_FULL_TIME
Bundesliga,2021-2022,2022-02-20 14:30:00,Bayern Munich,Greuther Fuerth,4,1,2.52333,0.66071,4.85,14.620689655172415,2.6076,0.2646,STATUS_FULL_TIME
Bundesliga,2021-2022,2022-02-20 16:30:00,Borussia Dortmund,Borussia M.Gladbach,6,0,3.59589,0.769068,8.771428571428572,11.615384615384615,2.8882,0.0712,STATUS_FULL_TIME
Bundesliga,2021-2022,2022-02-20 18:30:00,Hertha Berlin,RasenBallsport Leipzig,1,6,1.0916,3.42076,42.22222222222222,15.733333333333333,0.177,2.7381,STATUS_FULL_TIME
Bundesliga,2021-2022,2022-02-25 19:30:00,Hoffenheim,VfB Stuttgart,2,1,2.65346,1.83937,7.884615384615385,9.208333333333334,1.9800999999999997,0.7735000000000001,STATUS_FULL_TIME
Bundesliga,2021-2022,2022-02-26 14:30:00,Bayer Leverkusen,Arminia Bielefeld,3,0,3.05247,0.307307,6.142857142857143,29.4375,2.8739,0.0767,STATUS_FULL_TIME
Bundesliga,2021-2022,2022-02-26 14:30:00,Borussia M.Gladbach,Wolfsburg,2,2,2.7626,1.26995,6.7727272727272725,20.0,2.3994000000000004,0.43200000000000005,STATUS_FULL_TIME
Bundesliga,2021-2022,2022-02-26 17:30:00,Eintracht Frankfurt,Bayern Munich,0,1,1.1892,2.60814,18.954545454545453,8.352941176470589,0.5165,2.3080999999999996,STATUS_FULL_TIME
Bundesliga,2021-2022,2022-02-26 14:30:00,Freiburg,Hertha Berlin,3,0,3.66711,1.54627,6.0285714285714285,20.133333333333333,2.6056999999999997,0.2864,STATUS_FULL_TIME
Bundesliga,2021-2022,2022-02-26 14:30:00,Greuther Fuerth,FC Cologne,1,1,0.640559,0.569519,9.8,5.904761904761905,1.3528,1.2235,STATUS_FULL_TIME
Bundesliga,2021-2022,2022-02-26 14:30:00,Union Berlin,Mainz 05,3,1,0.883998,0.75947,13.421052631578947,13.25,1.492,1.1566,STATUS_FULL_TIME
Bundesliga,2021-2022,2022-02-27 16:30:00,Augsburg,Borussia Dortmund,1,1,0.856029,0.640799,10.45,10.823529411764707,1.5836999999999999,1.0551,STATUS_FULL_TIME
Bundesliga,2021-2022,2022-02-27 14:30:00,Bochum,RasenBallsport Leipzig,0,1,0.998771,0.61309,9.347826086956522,10.523809523809524,1.7118000000000002,0.9405,STATUS_FULL_TIME
Bundesliga,2021-2022,2022-03-04 19:30:00,Arminia Bielefeld,Augsburg,0,1,0.14375,0.308406,7.208333333333333,11.8125,0.95,1.3949,STATUS_FULL_TIME
Bundesliga,2021-2022,2022-03-05 14:30:00,Bayern Munich,Bayer Leverkusen,1,1,1.6659,2.26407,6.923076923076923,15.16,0.9727,1.8124,STATUS_FULL_TIME
Bundesliga,2021-2022,2022-03-05 14:30:00,Bochum,Greuther Fuerth,2,1,1.6566,0.579266,6.53125,5.206896551724138,2.3463000000000003,0.4377,STATUS_FULL_TIME
Bundesliga,2021-2022,2022-03-05 14:30:00,Hertha Berlin,Eintracht Frankfurt,1,4,0.483243,1.37042,10.8,11.0,0.5901000000000001,2.1483,STATUS_FULL_TIME
Bundesliga,2021-2022,2022-03-05 14:30:00,RasenBallsport Leipzig,Freiburg,1,1,0.753651,0.484924,7.041666666666667,35.5,1.5344,1.052,STATUS_FULL_TIME
Bundesliga,2021-2022,2022-03-05 17:30:00,VfB Stuttgart,Borussia M.Gladbach,3,2,2.36751,1.20797,16.1875,20.58823529411765,2.1818,0.6149,STATUS_FULL_TIME
Bundesliga,2021-2022,2022-03-05 14:30:00,Wolfsburg,Union Berlin,1,0,0.411697,1.55639,11.823529411764707,9.8,0.4278,2.3586,STATUS_FULL_TIME
Bundesliga,2021-2022,2022-03-06 16:30:00,FC Cologne,Hoffenheim,0,1,1.22016,2.87337,12.166666666666666,16.6,0.37270000000000003,2.4850000000000003,STATUS_FULL_TIME
Bundesliga,2021-2022,2022-03-12 17:30:00,Borussia M.Gladbach,Hertha Berlin,2,0,1.75587,0.443109,9.571428571428571,9.419354838709678,2.4720000000000004,0.35309999999999997,STATUS_FULL_TIME
Bundesliga,2021-2022,2022-03-12 14:30:00,Freiburg,Wolfsburg,3,2,1.54229,0.908576,11.916666666666666,10.571428571428571,1.8778999999999997,0.8573,STATUS_FULL_TIME
Bundesliga,2021-2022,2022-03-12 14:30:00,Hoffenheim,Bayern Munich,1,1,2.02668,3.98532,21.38888888888889,7.5,0.3328,2.5477,STATUS_FULL_TIME
Bundesliga,2021-2022,2022-03-12 14:30:00,Union Berlin,VfB Stuttgart,1,1,1.89937,1.73181,10.419354838709678,8.73913043478261,1.4981,1.2254,STATUS_FULL_TIME
Bundesliga,2021-2022,2022-03-13 14:30:00,Bayer Leverkusen,FC Cologne,0,1,2.40118,0.59749,8.782608695652174,6.823529411764706,2.6042,0.2657,STATUS_FULL_TIME
Bundesliga,2021-2022,2022-03-13 16:30:00,Borussia Dortmund,Arminia Bielefeld,1,0,2.06968,0.691049,17.0,17.61111111111111,2.3632,0.4504,STATUS_FULL_TIME
Bundesliga,2021-2022,2022-03-13 16:30:00,Eintracht Frankfurt,Bochum,2,1,1.55276,1.20928,9.476190476190476,7.533333333333333,1.6486999999999998,1.0442,STATUS_FULL_TIME
Bundesliga,2021-2022,2022-03-13 18:30:00,Greuther Fuerth,RasenBallsport Leipzig,1,6,0.377793,2.14171,29.615384615384617,16.727272727272727,0.2512,2.6191,STATUS_FULL_TIME
Bundesliga,2021-2022,2022-03-16 17:30:00,Mainz 05,Borussia Dortmund,0,1,0.782406,1.39041,9.071428571428571,7.9523809523809526,0.8219,1.9001,STATUS_FULL_TIME
Bundesliga,2021-2022,2022-03-18 17:30:00,Bochum,Borussia M.Gladbach,0,2,1.65633,0.616407,3.8823529411764706,12.6,2.2017,0.5760000000000001,STATUS_FULL_TIME
Bundesliga,2021-2022,2022-03-19 17:30:00,Bayern Munich,Union Berlin,4,0,2.82028,1.38973,6.266666666666667,26.736842105263158,2.3844000000000003,0.4539,STATUS_FULL_TIME
Bundesliga,2021-2022,2022-03-19 14:30:00,Greuther Fuerth,Freiburg,0,0,0.781339,1.05712,10.451612903225806,10.588235294117647,1.0737999999999999,1.5882999999999998,STATUS_FULL_TIME
Bundesliga,2021-2022,2022-03-19 14:30:00,Hertha Berlin,Hoffenheim,3,0,1.76348,0.576415,23.133333333333333,4.4,2.3373000000000004,0.45899999999999996,STATUS_FULL_TIME
Bundesliga,2021-2022,2022-03-19 14:30:00,Mainz 05,Arminia Bielefeld,4,0,4.32637,0.236164,6.962962962962963,9.166666666666666,2.9873,0.0071,STATUS_FULL_TIME
Bundesliga,2021-2022,2022-03-19 14:30:00,VfB Stuttgart,Augsburg,3,2,2.18312,0.770891,7.545454545454546,14.523809523809524,2.3463000000000003,0.47009999999999996,STATUS_FULL_TIME
Bundesliga,2021-2022,2022-03-20 18:30:00,FC Cologne,Borussia Dortmund,1,1,1.265,1.0401,6.088235294117647,11.16,1.5758,1.0718,STATUS_FULL_TIME
Bundesliga,2021-2022,2022-03-20 14:30:00,RasenBallsport Leipzig,Eintracht Frankfurt,0,0,1.05989,0.258751,14.304347826086957,9.297297297297296,2.1018,0.5667,STATUS_FULL_TIME
Bundesliga,2021-2022,2022-03-20 16:30:00,Wolfsburg,Bayer Leverkusen,0,2,1.31797,1.43941,12.61111111111111,16.785714285714285,1.2789,1.4523,STATUS_FULL_TIME
Bundesliga,2021-2022,2022-04-01 18:30:00,Union Berlin,FC Cologne,1,0,1.0725,0.220646,10.371428571428572,6.238095238095238,2.1719,0.5132000000000001,STATUS_FULL_TIME
Bundesliga,2021-2022,2022-04-02 13:30:00,Arminia Bielefeld,VfB Stuttgart,1,1,1.01032,2.73417,18.416666666666668,10.88,0.2766,2.5968,STATUS_FULL_TIME
Bundesliga,2021-2022,2022-04-02 13:30:00,Bayer Leverkusen,Hertha Berlin,2,1,1.78741,0.872251,6.380952380952381,20.833333333333332,2.0342,0.7121,STATUS_FULL_TIME
Bundesliga,2021-2022,2022-04-02 16:30:00,Borussia Dortmund,RasenBallsport Leipzig,1,4,0.969967,1.23272,8.074074074074074,23.941176470588236,1.1208,1.5747,STATUS_FULL_TIME
Bundesliga,2021-2022,2022-04-02 13:30:00,Eintracht Frankfurt,Greuther Fuerth,0,0,1.31928,0.466385,7.12,29.0,2.1012999999999997,0.6214,STATUS_FULL_TIME
Bundesliga,2021-2022,2022-04-02 13:30:00,Freiburg,Bayern Munich,1,4,0.754263,3.15613,18.894736842105264,11.444444444444445,0.16620000000000001,2.7549,STATUS_FULL_TIME
Bundesliga,2021-2022,2022-04-02 13:30:00,Hoffenheim,Bochum,1,2,1.9687,1.70208,11.15,20.785714285714285,1.5506000000000002,1.2062000000000002,STATUS_FULL_TIME
Bundesliga,2021-2022,2022-04-03 13:30:00,Augsburg,Wolfsburg,3,0,2.52845,1.18916,10.448275862068966,7.095238095238095,2.3884,0.4456,STATUS_FULL_TIME
Bundesliga,2021-2022,2022-04-03 15:30:00,Borussia M.Gladbach,Mainz 05,1,1,1.55193,1.78,12.454545454545455,10.0,1.2247,1.5232,STATUS_FULL_TIME
Bundesliga,2021-2022,2022-04-06 16:30:00,Augsburg,Mainz 05,2,1,1.92513,1.84563,11.681818181818182,5.0,1.449,1.2774,STATUS_FULL_TIME
Bundesliga,2021-2022,2022-04-08 18:30:00,VfB Stuttgart,Borussia Dortmund,0,2,2.03163,1.49649,14.653846153846153,16.176470588235293,1.7767,0.9589000000000001,STATUS_FULL_TIME
Bundesliga,2021-2022,2022-04-09 13:30:00,Bayern Munich,Augsburg,1,0,1.43145,0.277271,7.8,15.26923076923077,2.4594000000000005,0.33599999999999997,STATUS_FULL_TIME
Bundesliga,2021-2022,2022-04-09 13:30:00,FC Cologne,Mainz 05,3,2,1.90576,0.926438,6.782608695652174,6.5588235294117645,2.211,0.5718000000000001,STATUS_FULL_TIME
Bundesliga,2021-2022,2022-04-09 13:30:00,Greuther Fuerth,Borussia M.Gladbach,0,2,0.651835,3.48459,10.482758620689655,15.65,0.09989999999999999,2.8491,STATUS_FULL_TIME
Bundesliga,2021-2022,2022-04-09 16:30:00,Hertha Berlin,Union Berlin,1,4,0.85457,1.85412,16.142857142857142,14.947368421052632,0.6264,2.1549,STATUS_FULL_TIME
Bundesliga,2021-2022,2022-04-09 13:30:00,Wolfsburg,Arminia Bielefeld,4,0,1.99101,0.476945,13.043478260869565,15.0,2.5645,0.27849999999999997,STATUS_FULL_TIME
Bundesliga,2021-2022,2022-04-10 13:30:00,Bochum,Bayer Leverkusen,0,0,1.05181,1.21928,15.947368421052632,13.533333333333333,1.1467,1.5289000000000001,STATUS_FULL_TIME
Bundesliga,2021-2022,2022-04-10 15:30:00,Eintracht Frankfurt,Freiburg,1,2,1.09915,1.46109,8.478260869565217,11.68421052631579,1.0633,1.6513,STATUS_FULL_TIME
Bundesliga,2021-2022,2022-04-10 17:30:00,RasenBallsport Leipzig,Hoffenheim,3,0,1.61141,0.171037,19.133333333333333,8.675675675675675,2.6006,0.239,STATUS_FULL_TIME
Bundesliga,2021-2022,2022-04-16 13:30:00,Augsburg,Hertha Berlin,0,1,0.777494,1.6343,4.428571428571429,10.75,0.666,2.085,STATUS_FULL_TIME
Bundesliga,2021-2022,2022-04-16 13:30:00,Borussia Dortmund,Wolfsburg,6,1,3.31511,1.96018,9.0,26.928571428571427,2.2613000000000003,0.5654,STATUS_FULL_TIME
Bundesliga,2021-2022,2022-04-16 16:30:00,Borussia M.Gladbach,FC Cologne,1,3,1.19803,3.01287,7.074074074074074,7.6923076923076925,0.3607,2.5078,STATUS_FULL_TIME
Bundesliga,2021-2022,2022-04-16 13:30:00,Freiburg,Bochum,3,0,2.45736,0.427462,7.5,16.157894736842106,2.7015,0.1944,STATUS_FULL_TIME
Bundesliga,2021-2022,2022-04-16 13:30:00,Mainz 05,VfB Stuttgart,0,0,0.723024,0.633775,5.861111111111111,7.857142857142857,1.3779000000000001,1.2234,STATUS_FULL_TIME
Bundesliga,2021-2022,2022-04-17 13:30:00,Arminia Bielefeld,Bayern Munich,0,3,0.463135,3.49911,22.58823529411765,3.8260869565217392,0.06670000000000001,2.8954,STATUS_FULL_TIME
Bundesliga,2021-2022,2022-04-17 17:30:00,Bayer Leverkusen,RasenBallsport Leipzig,0,1,0.728724,0.507455,19.904761904761905,22.5,1.5025,1.0917999999999999,STATUS_FULL_TIME
Bundesliga,2021-2022,2022-04-17 15:30:00,Hoffenheim,Greuther Fuerth,0,0,0.973602,0.284206,6.533333333333333,12.478260869565217,1.9462,0.6886000000000001,STATUS_FULL_TIME
Bundesliga,2021-2022,2022-04-17 15:30:00,Union Berlin,Eintracht Frankfurt,2,0,1.3196,0.513925,11.172413793103448,10.95,2.0588,0.6656,STATUS_FULL_TIME
Bundesliga,2021-2022,2022-04-22 18:30:00,Wolfsburg,Mainz 05,5,0,3.6526,0.613976,9.545454545454545,46.0,2.9292,0.0432,STATUS_FULL_TIME
Bundesliga,2021-2022,2022-04-23 16:30:00,Bayern Munich,Borussia Dortmund,3,1,2.0232,1.17213,8.666666666666666,19.31578947368421,2.0696999999999997,0.6789000000000001,STATUS_FULL_TIME
Bundesliga,2021-2022,2022-04-23 13:30:00,Eintracht Frankfurt,Hoffenheim,2,2,1.06541,0.757228,10.666666666666666,17.235294117647058,1.5877999999999999,1.0934,STATUS_FULL_TIME
Bundesliga,2021-2022,2022-04-23 13:30:00,FC Cologne,Arminia Bielefeld,3,1,1.91505,0.740533,8.0,6.357142857142857,2.2529999999999997,0.5415,STATUS_FULL_TIME
Bundesliga,2021-2022,2022-04-23 13:30:00,Freiburg,Borussia M.Gladbach,3,3,2.49907,1.52115,8.75,27.727272727272727,2.1321,0.6359999999999999,STATUS_FULL_TIME
Bundesliga,2021-2022,2022-04-23 13:30:00,Greuther Fuerth,Bayer Leverkusen,1,4,1.18317,2.11362,15.68421052631579,15.38888888888889,0.6559,2.125,STATUS_FULL_TIME
Bundesliga,2021-2022,2022-04-23 13:30:00,RasenBallsport Leipzig,Union Berlin,1,2,0.573656,1.93634,11.904761904761905,18.6875,0.3966,2.421,STATUS_FULL_TIME
Bundesliga,2021-2022,2022-04-24 13:30:00,Bochum,Augsburg,0,2,1.18661,1.99486,7.181818181818182,9.48,0.7752,1.9911,STATUS_FULL_TIME
Bundesliga,2021-2022,2022-04-24 15:30:00,Hertha Berlin,VfB Stuttgart,2,0,0.947404,0.451742,12.76,13.538461538461538,1.8274000000000001,0.8161,STATUS_FULL_TIME
Bundesliga,2021-2022,2022-04-29 18:30:00,Union Berlin,Greuther Fuerth,1,1,0.857798,0.237425,6.54054054054054,21.363636363636363,1.9875999999999998,0.6409,STATUS_FULL_TIME
Bundesliga,2021-2022,2022-04-30 13:30:00,Arminia Bielefeld,Hertha Berlin,1,1,0.403104,1.66247,6.387096774193548,15.238095238095237,0.3559,2.4547,STATUS_FULL_TIME
Bundesliga,2021-2022,2022-04-30 13:30:00,Augsburg,FC Cologne,1,4,1.73625,3.04059,8.703703703703704,4.888888888888889,0.6065,2.2144999999999997,STATUS_FULL_TIME
Bundesliga,2021-2022,2022-04-30 13:30:00,Borussia Dortmund,Bochum,3,4,3.34247,1.90488,6.0,13.88888888888889,2.3121,0.5189999999999999,STATUS_FULL_TIME
Bundesliga,2021-2022,2022-04-30 16:30:00,Hoffenheim,Freiburg,3,4,2.60025,2.694,9.842105263157896,16.375,1.3075999999999999,1.448,STATUS_FULL_TIME
Bundesliga,2021-2022,2022-04-30 13:30:00,Mainz 05,Bayern Munich,3,1,3.17227,1.23601,11.5,4.285714285714286,2.552,0.3185,STATUS_FULL_TIME
Bundesliga,2021-2022,2022-04-30 13:30:00,VfB Stuttgart,Wolfsburg,1,1,0.826738,1.16064,13.3125,11.461538461538462,1.0306,1.6657000000000002,STATUS_FULL_TIME
Bundesliga,2021-2022,2022-05-02 18:30:00,Bayer Leverkusen,Eintracht Frankfurt,2,0,2.17544,0.349041,21.466666666666665,15.392857142857142,2.6969000000000003,0.19340000000000002,STATUS_FULL_TIME
Bundesliga,2021-2022,2022-05-02 18:30:00,Borussia M.Gladbach,RasenBallsport Leipzig,3,1,1.57029,1.22604,16.105263157894736,9.868421052631579,1.6324,1.0878999999999999,STATUS_FULL_TIME
Bundesliga,2021-2022,2022-05-06 18:30:00,Bochum,Arminia Bielefeld,2,1,2.68894,0.845303,9.473684210526315,33.0,2.5693,0.3049,STATUS_FULL_TIME
Bundesliga,2021-2022,2022-05-07 13:30:00,FC Cologne,Wolfsburg,0,1,0.975489,1.14328,9.2,16.666666666666668,1.1343,1.563,STATUS_FULL_TIME
Bundesliga,2021-2022,2022-05-07 13:30:00,Freiburg,Union Berlin,1,4,1.64859,2.40109,7.416666666666667,19.125,0.8167,1.9471,STATUS_FULL_TIME
Bundesliga,2021-2022,2022-05-07 13:30:00,Greuther Fuerth,Borussia Dortmund,1,3,1.22647,1.12743,15.708333333333334,15.470588235294118,1.4774,1.1987,STATUS_FULL_TIME
Bundesliga,2021-2022,2022-05-07 16:30:00,Hertha Berlin,Mainz 05,1,2,1.11131,0.756414,12.266666666666667,7.894736842105263,1.7564,0.9212,STATUS_FULL_TIME
Bundesliga,2021-2022,2022-05-07 13:30:00,Hoffenheim,Bayer Leverkusen,2,4,2.09206,3.9336,9.724137931034482,10.7,0.3114,2.5581,STATUS_FULL_TIME
Bundesliga,2021-2022,2022-05-08 15:30:00,Bayern Munich,VfB Stuttgart,2,2,2.77465,1.95837,5.333333333333333,27.176470588235293,1.9457,0.8426,STATUS_FULL_TIME
Bundesliga,2021-2022,2022-05-08 13:30:00,Eintracht Frankfurt,Borussia M.Gladbach,1,1,0.808226,2.02639,21.157894736842106,18.105263157894736,0.5007,2.3091,STATUS_FULL_TIME
Bundesliga,2021-2022,2022-05-08 17:30:00,RasenBallsport Leipzig,Augsburg,4,0,3.4379,0.173579,15.588235294117647,23.55,2.961,0.021599999999999998,STATUS_FULL_TIME
Bundesliga,2021-2022,2022-05-14 13:30:00,Arminia Bielefeld,RasenBallsport Leipzig,1,1,1.66972,3.45794,22.235294117647058,19.4,0.3383,2.5238,STATUS_FULL_TIME
Bundesliga,2021-2022,2022-05-14 13:30:00,Augsburg,Greuther Fuerth,2,1,1.17202,0.337532,6.212121212121212,6.515151515151516,2.2541,0.48109999999999997,STATUS_FULL_TIME
Bundesliga,2021-2022,2022-05-14 13:30:00,Bayer Leverkusen,Freiburg,2,1,1.82142,1.1463,14.571428571428571,11.423076923076923,1.8864,0.8598000000000001,STATUS_FULL_TIME
Bundesliga,2021-2022,2022-05-14 13:30:00,Borussia Dortmund,Hertha Berlin,2,1,1.32689,0.876533,4.857142857142857,26.9375,1.7635,0.8341,STATUS_FULL_TIME
Bundesliga,2021-2022,2022-05-14 13:30:00,Borussia M.Gladbach,Hoffenheim,5,1,3.82831,1.92751,28.272727272727273,18.545454545454547,2.4897,0.38250000000000006,STATUS_FULL_TIME
Bundesliga,2021-2022,2022-05-14 13:30:00,Mainz 05,Eintracht Frankfurt,2,2,0.850382,1.70213,10.807692307692308,10.958333333333334,0.6520999999999999,2.1095,STATUS_FULL_TIME
Bundesliga,2021-2022,2022-05-14 13:30:00,Union Berlin,Bochum,3,2,3.37468,0.391265,18.72222222222222,7.392857142857143,2.9158,0.0514,STATUS_FULL_TIME
Bundesliga,2021-2022,2022-05-14 13:30:00,VfB Stuttgart,FC Cologne,2,1,3.83676,1.11893,10.607142857142858,8.571428571428571,2.8193,0.12140000000000001,STATUS_FULL_TIME
Bundesliga,2021-2022,2022-05-14 13:30:00,Wolfsburg,Bayern Munich,2,2,1.14112,2.07091,21.842105263157894,6.40625,0.75,2.0162999999999998,STATUS_FULL_TIME
DFB-Pokal,2021-2022,2021-08-06T18:45Z,Dynamo Dresden,SC Paderborn 07,2,1,,,,,,,STATUS_FULL_TIME
DFB-Pokal,2021-2022,2021-08-06T18:45Z,TSV 1860 Munich,SV Darmstadt 98,1,1,,,,,,,STATUS_FINAL_PEN
DFB-Pokal,2021-2022,2021-08-07T13:30Z,1. FC Lokomotive Leipzig,Bayer Leverkusen,0,3,,,,,,,STATUS_FULL_TIME
DFB-Pokal,2021-2022,2021-08-07T13:30Z,BFC Dynamo Berlin,VfB Stuttgart,0,6,,,,,,,STATUS_FULL_TIME
DFB-Pokal,2021-2022,2021-08-07T13:30Z,FC Eintracht Norderstedt,Hannover 96,0,4,,,,,,,STATUS_FULL_TIME
DFB-Pokal,2021-2022,2021-08-07T13:30Z,Greifswalder SC,FC Augsburg,2,4,,,,,,,STATUS_FULL_TIME
DFB-Pokal,2021-2022,2021-08-07T13:30Z,SC Weiche Flensburg 08,Holstein Kiel,2,4,,,,,,,STATUS_FINAL_AET
DFB-Pokal,2021-2022,2021-08-07T13:30Z,SpVgg Bayreuth,Arminia Bielefeld,3,6,,,,,,,STATUS_FULL_TIME
DFB-Pokal,2021-2022,2021-08-07T13:30Z,SV Sandhausen,RB Leipzig,0,4,,,,,,,STATUS_FULL_TIME
DFB-Pokal,2021-2022,2021-08-07T13:30Z,VfL Osnabruck,Werder Bremen,2,0,,,,,,,STATUS_FULL_TIME
DFB-Pokal,2021-2022,2021-08-07T13:30Z,Wuppertaler SV,VfL Bochum,1,2,,,,,,,STATUS_FINAL_AET
DFB-Pokal,2021-2022,2021-08-07T16:30Z,1. FC Magdeburg,St. Pauli,2,3,,,,,,,STATUS_FULL_TIME
DFB-Pokal,2021-2022,2021-08-07T16:30Z,Babelsberg,SpVgg Greuther Fürth,2,2,,,,,,,STATUS_FINAL_PEN
DFB-Pokal,2021-2022,2021-08-07T16:30Z,SSV Ulm 1846,1. FC Nürnberg,0,1,,,,,,,STATUS_FULL_TIME
DFB-Pokal,2021-2022,2021-08-07T18:45Z,SV Wehen Wiesbaden,Borussia Dortmund,0,3,,,,,,,STATUS_FULL_TIME
DFB-Pokal,2021-2022,2021-08-08T13:30Z,FC 08 Villingen,Schalke 04,1,4,,,,,,,STATUS_FULL_TIME
DFB-Pokal,2021-2022,2021-08-08T13:30Z,FC Carl Zeiss Jena,FC Cologne,1,1,,,,,,,STATUS_FINAL_PEN
DFB-Pokal,2021-2022,2021-08-08T13:30Z,Preußen Münster,VfL Wolfsburg,2,0,,,,,,,STATUS_FINAL_AET
DFB-Pokal,2021-2022,2021-08-08T13:30Z,SV Elversberg,Mainz,2,2,,,,,,,STATUS_FINAL_PEN
DFB-Pokal,2021-2022,2021-08-08T13:30Z,SV Meppen,Hertha Berlin,0,1,,,,,,,STATUS_FULL_TIME
DFB-Pokal,2021-2022,2021-08-08T13:30Z,SV Waldhof Mannheim,Eintracht Frankfurt,2,0,,,,,,,STATUS_FULL_TIME
DFB-Pokal,2021-2022,2021-08-08T13:30Z,Türkgücü München,1. FC Union Berlin,0,1,,,,,,,STATUS_FULL_TIME
DFB-Pokal,2021-2022,2021-08-08T13:30Z,TuS Rot-Weiß Koblenz,SSV Jahn Regensburg,0,3,,,,,,,STATUS_FULL_TIME
DFB-Pokal,2021-2022,2021-08-08T13:30Z,VfB Oldenburg,Fortuna Düsseldorf,0,5,,,,,,,STATUS_FULL_TIME
DFB-Pokal,2021-2022,2021-08-08T16:30Z,Hansa Rostock,1. FC Heidenheim 1846,3,2,,,,,,,STATUS_FINAL_AET
DFB-Pokal,2021-2022,2021-08-08T16:30Z,TSV Eintracht Braunschweig,Hamburg SV,1,2,,,,,,,STATUS_FULL_TIME
DFB-Pokal,2021-2022,2021-08-08T16:30Z,Würzburger Kickers,SC Freiburg,0,1,,,,,,,STATUS_FULL_TIME
DFB-Pokal,2021-2022,2021-08-09T16:30Z,FC Ingolstadt 04,FC Erzgebirge Aue,2,1,,,,,,,STATUS_FULL_TIME
DFB-Pokal,2021-2022,2021-08-09T16:30Z,Sportfreunde Lotte,Karlsruher SC,1,4,,,,,,,STATUS_FULL_TIME
DFB-Pokal,2021-2022,2021-08-09T16:30Z,Viktoria Köln,TSG Hoffenheim,2,3,,,,,,,STATUS_FINAL_AET
DFB-Pokal,2021-2022,2021-08-09T18:45Z,Kaiserslautern,Borussia Mönchengladbach,0,1,,,,,,,STATUS_FULL_TIME
DFB-Pokal,2021-2022,2021-08-25T18:15Z,Bremer SV,Bayern Munich,0,12,,,,,,,STATUS_FULL_TIME
DFB-Pokal,2021-2022,2021-10-26T16:30Z,Babelsberg,RB Leipzig,0,1,,,,,,,STATUS_FULL_TIME
DFB-Pokal,2021-2022,2021-10-26T16:30Z,Preußen Münster,Hertha Berlin,1,3,,,,,,,STATUS_FULL_TIME
DFB-Pokal,2021-2022,2021-10-26T16:30Z,TSG Hoffenheim,Holstein Kiel,5,1,,,,,,,STATUS_FULL_TIME
DFB-Pokal,2021-2022,2021-10-26T16:30Z,TSV 1860 Munich,Schalke 04,1,0,,,,,,,STATUS_FULL_TIME
DFB-Pokal,2021-2022,2021-10-26T18:00Z,Borussia Dortmund,FC Ingolstadt 04,2,0,,,,,,,STATUS_FULL_TIME
DFB-Pokal,2021-2022,2021-10-26T18:45Z,1. FC Nürnberg,Hamburg SV,1,1,,,,,,,STATUS_FINAL_PEN
DFB-Pokal,2021-2022,2021-10-26T18:45Z,Mainz,Arminia Bielefeld,3,2,,,,,,,STATUS_FINAL_AET
DFB-Pokal,2021-2022,2021-10-26T18:45Z,VfL Osnabruck,SC Freiburg,2,2,,,,,,,STATUS_FINAL_PEN
DFB-Pokal,2021-2022,2021-10-27T16:30Z,Bayer Leverkusen,Karlsruher SC,1,2,,,,,,,STATUS_FULL_TIME
DFB-Pokal,2021-2022,2021-10-27T16:30Z,Dynamo Dresden,St. Pauli,2,3,,,,,,,STATUS_FINAL_AET
DFB-Pokal,2021-2022,2021-10-27T16:30Z,SV Waldhof Mannheim,1. FC Union Berlin,1,3,,,,,,,STATUS_FINAL_AET
DFB-Pokal,2021-2022,2021-10-27T16:30Z,VfL Bochum,FC Augsburg,2,2,,,,,,,STATUS_FINAL_PEN
DFB-Pokal,2021-2022,2021-10-27T18:45Z,Borussia Mönchengladbach,Bayern Munich,5,0,,,,,,,STATUS_FULL_TIME
DFB-Pokal,2021-2022,2021-10-27T18:45Z,Hannover 96,Fortuna Düsseldorf,3,0,,,,,,,STATUS_FULL_TIME
DFB-Pokal,2021-2022,2021-10-27T18:45Z,SSV Jahn Regensburg,Hansa Rostock,3,3,,,,,,,STATUS_FINAL_PEN
DFB-Pokal,2021-2022,2021-10-27T18:45Z,VfB Stuttgart,FC Cologne,0,2,,,,,,,STATUS_FULL_TIME
DFB-Pokal,2021-2022,2022-01-18T17:30Z,FC Cologne,Hamburg SV,1,1,,,,,,,STATUS_FINAL_PEN
DFB-Pokal,2021-2022,2022-01-18T17:30Z,TSV 1860 Munich,Karlsruher SC,0,1,,,,,,,STATUS_FULL_TIME
DFB-Pokal,2021-2022,2022-01-18T19:45Z,St. Pauli,Borussia Dortmund,2,1,,,,,,,STATUS_FULL_TIME
DFB-Pokal,2021-2022,2022-01-18T19:45Z,VfL Bochum,Mainz,3,1,,,,,,,STATUS_FULL_TIME
DFB-Pokal,2021-2022,2022-01-19T17:30Z,Hannover 96,Borussia Mönchengladbach,3,0,,,,,,,STATUS_FULL_TIME
DFB-Pokal,2021-2022,2022-01-19T17:30Z,RB Leipzig,Hansa Rostock,2,0,,,,,,,STATUS_FULL_TIME
DFB-Pokal,2021-2022,2022-01-19T19:45Z,Hertha Berlin,1. FC Union Berlin,2,3,,,,,,,STATUS_FULL_TIME
DFB-Pokal,2021-2022,2022-01-19T19:45Z,TSG Hoffenheim,SC Freiburg,1,4,,,,,,,STATUS_FULL_TIME
DFB-Pokal,2021-2022,2022-03-01T19:45Z,1. FC Union Berlin,St. Pauli,2,1,,,,,,,STATUS_FULL_TIME
DFB-Pokal,2021-2022,2022-03-02T17:30Z,Hamburg SV,Karlsruher SC,2,2,,,,,,,STATUS_FINAL_PEN
DFB-Pokal,2021-2022,2022-03-02T17:30Z,Hannover 96,RB Leipzig,0,4,,,,,,,STATUS_FULL_TIME
DFB-Pokal,2021-2022,2022-03-02T19:45Z,VfL Bochum,SC Freiburg,1,2,,,,,,,STATUS_FINAL_AET
DFB-Pokal,2021-2022,2022-04-19T18:45Z,Hamburg SV,SC Freiburg,1,3,,,,,,,STATUS_FULL_TIME
DFB-Pokal,2021-2022,2022-04-20T18:45Z,RB Leipzig,1. FC Union Berlin,2,1,,,,,,,STATUS_FULL_TIME
DFB-Pokal,2021-2022,2022-05-21T18:00Z,SC Freiburg,RB Leipzig,1,1,,,,,,,STATUS_FINAL_PEN
Champions League,2021-2022,2021-09-14T16:45Z,Sevilla,RB Salzburg,1,1,,,,,,,STATUS_FULL_TIME
Champions League,2021-2022,2021-09-14T16:45Z,Young Boys,Manchester United,2,1,,,,,,,STATUS_FULL_TIME
Champions League,2021-2022,2021-09-14T19:00Z,Barcelona,Bayern Munich,0,3,,,,,,,STATUS_FULL_TIME
Champions League,2021-2022,2021-09-14T19:00Z,Chelsea,Zenit St Petersburg,1,0,,,,,,,STATUS_FULL_TIME
Champions League,2021-2022,2021-09-14T19:00Z,Dynamo Kyiv,Benfica,0,0,,,,,,,STATUS_FULL_TIME
Champions League,2021-2022,2021-09-14T19:00Z,Lille,VfL Wolfsburg,0,0,,,,,,,STATUS_FULL_TIME
Champions League,2021-2022,2021-09-14T19:00Z,Malmö FF,Juventus,0,3,,,,,,,STATUS_FULL_TIME
Champions League,2021-2022,2021-09-14T19:00Z,Villarreal,Atalanta,2,2,,,,,,,STATUS_FULL_TIME
Champions League,2021-2022,2021-09-15T16:45Z,Besiktas,Borussia Dortmund,1,2,,,,,,,STATUS_FULL_TIME
Champions League,2021-2022,2021-09-15T16:45Z,Sheriff Tiraspol,Shakhtar Donetsk,2,0,,,,,,,STATUS_FULL_TIME
Champions League,2021-2022,2021-09-15T19:00Z,Atlético Madrid,FC Porto,0,0,,,,,,,STATUS_FULL_TIME
Champions League,2021-2022,2021-09-15T19:00Z,Club Brugge,Paris Saint-Germain,1,1,,,,,,,STATUS_FULL_TIME
Champions League,2021-2022,2021-09-15T19:00Z,Internazionale,Real Madrid,0,1,,,,,,,STATUS_FULL_TIME
Champions League,2021-2022,2021-09-15T19:00Z,Liverpool,AC Milan,3,2,,,,,,,STATUS_FULL_TIME
Champions League,2021-2022,2021-09-15T19:00Z,Manchester City,RB Leipzig,6,3,,,,,,,STATUS_FULL_TIME
Champions League,2021-2022,2021-09-15T19:00Z,Sporting CP,Ajax Amsterdam,1,5,,,,,,,STATUS_FULL_TIME
Champions League,2021-2022,2021-09-28T16:45Z,Ajax Amsterdam,Besiktas,2,0,,,,,,,STATUS_FULL_TIME
Champions League,2021-2022,2021-09-28T16:45Z,Shakhtar Donetsk,Internazionale,0,0,,,,,,,STATUS_FULL_TIME
Champions League,2021-2022,2021-09-28T19:00Z,AC Milan,Atlético Madrid,1,2,,,,,,,STATUS_FULL_TIME
Champions League,2021-2022,2021-09-28T19:00Z,Borussia Dortmund,Sporting CP,1,0,,,,,,,STATUS_FULL_TIME
Champions League,2021-2022,2021-09-28T19:00Z,FC Porto,Liverpool,1,5,,,,,,,STATUS_FULL_TIME
Champions League,2021-2022,2021-09-28T19:00Z,Paris Saint-Germain,Manchester City,2,0,,,,,,,STATUS_FULL_TIME
Champions League,2021-2022,2021-09-28T19:00Z,RB Leipzig,Club Brugge,1,2,,,,,,,STATUS_FULL_TIME
Champions League,2021-2022,2021-09-28T19:00Z,Real Madrid,Sheriff Tiraspol,1,2,,,,,,,STATUS_FULL_TIME
Champions League,2021-2022,2021-09-29T16:45Z,Atalanta,Young Boys,1,0,,,,,,,STATUS_FULL_TIME
Champions League,2021-2022,2021-09-29T16:45Z,Zenit St Petersburg,Malmö FF,4,0,,,,,,,STATUS_FULL_TIME
Champions League,2021-2022,2021-09-29T19:00Z,Bayern Munich,Dynamo Kyiv,5,0,,,,,,,STATUS_FULL_TIME
Champions League,2021-2022,2021-09-29T19:00Z,Benfica,Barcelona,3,0,,,,,,,STATUS_FULL_TIME
Champions League,2021-2022,2021-09-29T19:00Z,Juventus,Chelsea,1,0,,,,,,,STATUS_FULL_TIME
Champions League,2021-2022,2021-09-29T19:00Z,Manchester United,Villarreal,2,1,,,,,,,STATUS_FULL_TIME
Champions League,2021-2022,2021-09-29T19:00Z,RB Salzburg,Lille,2,1,,,,,,,STATUS_FULL_TIME
Champions League,2021-2022,2021-09-29T19:00Z,VfL Wolfsburg,Sevilla,1,1,,,,,,,STATUS_FULL_TIME
Champions League,2021-2022,2021-10-19T16:45Z,Besiktas,Sporting CP,1,4,,,,,,,STATUS_FULL_TIME
Champions League,2021-2022,2021-10-19T16:45Z,Club Brugge,Manchester City,1,5,,,,,,,STATUS_FULL_TIME
Champions League,2021-2022,2021-10-19T19:00Z,Ajax Amsterdam,Borussia Dortmund,4,0,,,,,,,STATUS_FULL_TIME
Champions League,2021-2022,2021-10-19T19:00Z,Atlético Madrid,Liverpool,2,3,,,,,,,STATUS_FULL_TIME
Champions League,2021-2022,2021-10-19T19:00Z,FC Porto,AC Milan,1,0,,,,,,,STATUS_FULL_TIME
Champions League,2021-2022,2021-10-19T19:00Z,Internazionale,Sheriff Tiraspol,3,1,,,,,,,STATUS_FULL_TIME
Champions League,2021-2022,2021-10-19T19:00Z,Paris Saint-Germain,RB Leipzig,3,2,,,,,,,STATUS_FULL_TIME
Champions League,2021-2022,2021-10-19T19:00Z,Shakhtar Donetsk,Real Madrid,0,5,,,,,,,STATUS_FULL_TIME
Champions League,2021-2022,2021-10-20T16:45Z,Barcelona,Dynamo Kyiv,1,0,,,,,,,STATUS_FULL_TIME
Champions League,2021-2022,2021-10-20T16:45Z,RB Salzburg,VfL Wolfsburg,3,1,,,,,,,STATUS_FULL_TIME
Champions League,2021-2022,2021-10-20T19:00Z,Benfica,Bayern Munich,0,4,,,,,,,STATUS_FULL_TIME
Champions League,2021-2022,2021-10-20T19:00Z,Chelsea,Malmö FF,4,0,,,,,,,STATUS_FULL_TIME
Champions League,2021-2022,2021-10-20T19:00Z,Lille,Sevilla,0,0,,,,,,,STATUS_FULL_TIME
Champions League,2021-2022,2021-10-20T19:00Z,Manchester United,Atalanta,3,2,,,,,,,STATUS_FULL_TIME
Champions League,2021-2022,2021-10-20T19:00Z,Young Boys,Villarreal,1,4,,,,,,,STATUS_FULL_TIME
Champions League,2021-2022,2021-10-20T19:00Z,Zenit St Petersburg,Juventus,0,1,,,,,,,STATUS_FULL_TIME
Champions League,2021-2022,2021-11-02T17:45Z,Malmö FF,Chelsea,0,1,,,,,,,STATUS_FULL_TIME
Champions League,2021-2022,2021-11-02T17:45Z,VfL Wolfsburg,RB Salzburg,2,1,,,,,,,STATUS_FULL_TIME
Champions League,2021-2022,2021-11-02T20:00Z,Atalanta,Manchester United,2,2,,,,,,,STATUS_FULL_TIME
Champions League,2021-2022,2021-11-02T20:00Z,Bayern Munich,Benfica,5,2,,,,,,,STATUS_FULL_TIME
Champions League,2021-2022,2021-11-02T20:00Z,Dynamo Kyiv,Barcelona,0,1,,,,,,,STATUS_FULL_TIME
Champions League,2021-2022,2021-11-02T20:00Z,Juventus,Zenit St Petersburg,4,2,,,,,,,STATUS_FULL_TIME
Champions League,2021-2022,2021-11-02T20:00Z,Sevilla,Lille,1,2,,,,,,,STATUS_FULL_TIME
Champions League,2021-2022,2021-11-02T20:00Z,Villarreal,Young Boys,2,0,,,,,,,STATUS_FULL_TIME
Champions League,2021-2022,2021-11-03T17:45Z,AC Milan,FC Porto,1,1,,,,,,,STATUS_FULL_TIME
Champions League,2021-2022,2021-11-03T17:45Z,Real Madrid,Shakhtar Donetsk,2,1,,,,,,,STATUS_FULL_TIME
Champions League,2021-2022,2021-11-03T20:00Z,Borussia Dortmund,Ajax Amsterdam,1,3,,,,,,,STATUS_FULL_TIME
Champions League,2021-2022,2021-11-03T20:00Z,Liverpool,Atlético Madrid,2,0,,,,,,,STATUS_FULL_TIME
Champions League,2021-2022,2021-11-03T20:00Z,Manchester City,Club Brugge,4,1,,,,,,,STATUS_FULL_TIME
Champions League,2021-2022,2021-11-03T20:00Z,RB Leipzig,Paris Saint-Germain,2,2,,,,,,,STATUS_FULL_TIME
Champions League,2021-2022,2021-11-03T20:00Z,Sheriff Tiraspol,Internazionale,1,3,,,,,,,STATUS_FULL_TIME
Champions League,2021-2022,2021-11-03T20:00Z,Sporting CP,Besiktas,4,0,,,,,,,STATUS_FULL_TIME
Champions League,2021-2022,2021-11-23T17:45Z,Dynamo Kyiv,Bayern Munich,1,2,,,,,,,STATUS_FULL_TIME
Champions League,2021-2022,2021-11-23T17:45Z,Villarreal,Manchester United,0,2,,,,,,,STATUS_FULL_TIME
Champions League,2021-2022,2021-11-23T20:00Z,Barcelona,Benfica,0,0,,,,,,,STATUS_FULL_TIME
Champions League,2021-2022,2021-11-23T20:00Z,Chelsea,Juventus,4,0,,,,,,,STATUS_FULL_TIME
Champions League,2021-2022,2021-11-23T20:00Z,Lille,RB Salzburg,1,0,,,,,,,STATUS_FULL_TIME
Champions League,2021-2022,2021-11-23T20:00Z,Malmö FF,Zenit St Petersburg,1,1,,,,,,,STATUS_FULL_TIME
Champions League,2021-2022,2021-11-23T20:00Z,Sevilla,VfL Wolfsburg,2,0,,,,,,,STATUS_FULL_TIME
Champions League,2021-2022,2021-11-23T20:00Z,Young Boys,Atalanta,3,3,,,,,,,STATUS_FULL_TIME
Champions League,2021-2022,2021-11-24T17:45Z,Besiktas,Ajax Amsterdam,1,2,,,,,,,STATUS_FULL_TIME
Champions League,2021-2022,2021-11-24T17:45Z,Internazionale,Shakhtar Donetsk,2,0,,,,,,,STATUS_FULL_TIME
Champions League,2021-2022,2021-11-24T20:00Z,Atlético Madrid,AC Milan,0,1,,,,,,,STATUS_FULL_TIME
Champions League,2021-2022,2021-11-24T20:00Z,Club Brugge,RB Leipzig,0,5,,,,,,,STATUS_FULL_TIME
Champions League,2021-2022,2021-11-24T20:00Z,Liverpool,FC Porto,2,0,,,,,,,STATUS_FULL_TIME
Champions League,2021-2022,2021-11-24T20:00Z,Manchester City,Paris Saint-Germain,2,1,,,,,,,STATUS_FULL_TIME
Champions League,2021-2022,2021-11-24T20:00Z,Sheriff Tiraspol,Real Madrid,0,3,,,,,,,STATUS_FULL_TIME
Champions League,2021-2022,2021-11-24T20:00Z,Sporting CP,Borussia Dortmund,3,1,,,,,,,STATUS_FULL_TIME
Champions League,2021-2022,2021-12-07T17:45Z,Paris Saint-Germain,Club Brugge,4,1,,,,,,,STATUS_FULL_TIME
Champions League,2021-2022,2021-12-07T17:45Z,RB Leipzig,Manchester City,2,1,,,,,,,STATUS_FULL_TIME
Champions League,2021-2022,2021-12-07T20:00Z,AC Milan,Liverpool,1,2,,,,,,,STATUS_FULL_TIME
Champions League,2021-2022,2021-12-07T20:00Z,Ajax Amsterdam,Sporting CP,4,2,,,,,,,STATUS_FULL_TIME
Champions League,2021-2022,2021-12-07T20:00Z,Borussia Dortmund,Besiktas,5,0,,,,,,,STATUS_FULL_TIME
Champions League,2021-2022,2021-12-07T20:00Z,FC Porto,Atlético Madrid,1,3,,,,,,,STATUS_FULL_TIME
Champions League,2021-2022,2021-12-07T20:00Z,Real Madrid,Internazionale,2,0,,,,,,,STATUS_FULL_TIME
Champions League,2021-2022,2021-12-07T20:00Z,Shakhtar Donetsk,Sheriff Tiraspol,1,1,,,,,,,STATUS_FULL_TIME
Champions League,2021-2022,2021-12-08T17:45Z,Juventus,Malmö FF,1,0,,,,,,,STATUS_FULL_TIME
Champions League,2021-2022,2021-12-08T17:45Z,Zenit St Petersburg,Chelsea,3,3,,,,,,,STATUS_FULL_TIME
Champions League,2021-2022,2021-12-08T20:00Z,Bayern Munich,Barcelona,3,0,,,,,,,STATUS_FULL_TIME
Champions League,2021-2022,2021-12-08T20:00Z,Benfica,Dynamo Kyiv,2,0,,,,,,,STATUS_FULL_TIME
Champions League,2021-2022,2021-12-08T20:00Z,Manchester United,Young Boys,1,1,,,,,,,STATUS_FULL_TIME
Champions League,2021-2022,2021-12-08T20:00Z,RB Salzburg,Sevilla,1,0,,,,,,,STATUS_FULL_TIME
Champions League,2021-2022,2021-12-08T20:00Z,VfL Wolfsburg,Lille,1,3,,,,,,,STATUS_FULL_TIME
Champions League,2021-2022,2021-12-09T18:00Z,Atalanta,Villarreal,2,3,,,,,,,STATUS_FULL_TIME
Champions League,2021-2022,2022-02-15T20:00Z,Paris Saint-Germain,Real Madrid,1,0,,,,,,,STATUS_FULL_TIME
Champions League,2021-2022,2022-02-15T20:00Z,Sporting CP,Manchester City,0,5,,,,,,,STATUS_FULL_TIME
Champions League,2021-2022,2022-02-16T20:00Z,Internazionale,Liverpool,0,2,,,,,,,STATUS_FULL_TIME
Champions League,2021-2022,2022-02-16T20:00Z,RB Salzburg,Bayern Munich,1,1,,,,,,,STATUS_FULL_TIME
Champions League,2021-2022,2022-02-22T20:00Z,Chelsea,Lille,2,0,,,,,,,STATUS_FULL_TIME
Champions League,2021-2022,2022-02-22T20:00Z,Villarreal,Juventus,1,1,,,,,,,STATUS_FULL_TIME
Champions League,2021-2022,2022-02-23T20:00Z,Atlético Madrid,Manchester United,1,1,,,,,,,STATUS_FULL_TIME
Champions League,2021-2022,2022-02-23T20:00Z,Benfica,Ajax Amsterdam,2,2,,,,,,,STATUS_FULL_TIME
Champions League,2021-2022,2022-03-08T20:00Z,Bayern Munich,RB Salzburg,7,1,,,,,,,STATUS_FULL_TIME
Champions League,2021-2022,2022-03-08T20:00Z,Liverpool,Internazionale,0,1,,,,,,,STATUS_FULL_TIME
Champions League,2021-2022,2022-03-09T20:00Z,Manchester City,Sporting CP,0,0,,,,,,,STATUS_FULL_TIME
Champions League,2021-2022,2022-03-09T20:00Z,Real Madrid,Paris Saint-Germain,3,1,,,,,,,STATUS_FULL_TIME
Champions League,2021-2022,2022-03-15T20:00Z,Ajax Amsterdam,Benfica,0,1,,,,,,,STATUS_FULL_TIME
Champions League,2021-2022,2022-03-15T20:00Z,Manchester United,Atlético Madrid,0,1,,,,,,,STATUS_FULL_TIME
Champions League,2021-2022,2022-03-16T20:00Z,Juventus,Villarreal,0,3,,,,,,,STATUS_FULL_TIME
Champions League,2021-2022,2022-03-16T20:00Z,Lille,Chelsea,1,2,,,,,,,STATUS_FULL_TIME
Champions League,2021-2022,2022-04-05T19:00Z,Benfica,Liverpool,1,3,,,,,,,STATUS_FULL_TIME
Champions League,2021-2022,2022-04-05T19:00Z,Manchester City,Atlético Madrid,1,0,,,,,,,STATUS_FULL_TIME
Champions League,2021-2022,2022-04-06T19:00Z,Chelsea,Real Madrid,1,3,,,,,,,STATUS_FULL_TIME
Champions League,2021-2022,2022-04-06T19:00Z,Villarreal,Bayern Munich,1,0,,,,,,,STATUS_FULL_TIME
Champions League,2021-2022,2022-04-12T19:00Z,Bayern Munich,Villarreal,1,1,,,,,,,STATUS_FULL_TIME
Champions League,2021-2022,2022-04-12T19:00Z,Real Madrid,Chelsea,2,3,,,,,,,STATUS_FINAL_AET
Champions League,2021-2022,2022-04-13T19:00Z,Atlético Madrid,Manchester City,0,0,,,,,,,STATUS_FULL_TIME
Champions League,2021-2022,2022-04-13T19:00Z,Liverpool,Benfica,3,3,,,,,,,STATUS_FULL_TIME
Champions League,2021-2022,2022-04-26T19:00Z,Manchester City,Real Madrid,4,3,,,,,,,STATUS_FULL_TIME
Champions League,2021-2022,2022-04-27T19:00Z,Liverpool,Villarreal,2,0,,,,,,,STATUS_FULL_TIME
Champions League,2021-2022,2022-05-03T19:00Z,Villarreal,Liverpool,2,3,,,,,,,STATUS_FULL_TIME
Champions League,2021-2022,2022-05-04T19:00Z,Real Madrid,Manchester City,3,1,,,,,,,STATUS_FINAL_AET
Champions League,2021-2022,2022-05-28T19:36Z,Liverpool,Real Madrid,0,1,,,,,,,STATUS_FULL_TIME
Europa League,2021-2022,2021-09-15T14:30Z,Spartak Moscow,Legia Warsaw,0,1,,,,,,,STATUS_FULL_TIME
Europa League,2021-2022,2021-09-16T16:45Z,Bayer Leverkusen,Ferencvaros,2,1,,,,,,,STATUS_FULL_TIME
Europa League,2021-2022,2021-09-16T16:45Z,Dinamo Zagreb,West Ham United,0,2,,,,,,,STATUS_FULL_TIME
Europa League,2021-2022,2021-09-16T16:45Z,FC Midtjylland,Ludogorets Razgrad,1,1,,,,,,,STATUS_FULL_TIME
Europa League,2021-2022,2021-09-16T16:45Z,Galatasaray,Lazio,1,0,,,,,,,STATUS_FULL_TIME
Europa League,2021-2022,2021-09-16T16:45Z,Lokomotiv Moscow,Marseille,1,1,,,,,,,STATUS_FULL_TIME
Europa League,2021-2022,2021-09-16T16:45Z,Rapid Vienna,Racing Genk,0,1,,,,,,,STATUS_FULL_TIME
Europa League,2021-2022,2021-09-16T16:45Z,Real Betis,Celtic,4,3,,,,,,,STATUS_FULL_TIME
Europa League,2021-2022,2021-09-16T16:45Z,Red Star Belgrade,Braga,2,1,,,,,,,STATUS_FULL_TIME
Europa League,2021-2022,2021-09-16T19:00Z,AS Monaco,SK Sturm Graz,1,0,,,,,,,STATUS_FULL_TIME
Europa League,2021-2022,2021-09-16T19:00Z,Brøndby IF,Sparta Prague,0,0,,,,,,,STATUS_FULL_TIME
Europa League,2021-2022,2021-09-16T19:00Z,Eintracht Frankfurt,Fenerbahce,1,1,,,,,,,STATUS_FULL_TIME
Europa League,2021-2022,2021-09-16T19:00Z,Leicester City,Napoli,2,2,,,,,,,STATUS_FULL_TIME
Europa League,2021-2022,2021-09-16T19:00Z,Olympiacos,Antwerp,2,1,,,,,,,STATUS_FULL_TIME
Europa League,2021-2022,2021-09-16T19:00Z,PSV Eindhoven,Real Sociedad,2,2,,,,,,,STATUS_FULL_TIME
Europa League,2021-2022,2021-09-16T19:00Z,Rangers,Lyon,0,2,,,,,,,STATUS_FULL_TIME
Europa League,2021-2022,2021-09-30T16:45Z,Antwerp,Eintracht Frankfurt,0,1,,,,,,,STATUS_FULL_TIME
Europa League,2021-2022,2021-09-30T16:45Z,Fenerbahce,Olympiacos,0,3,,,,,,,STATUS_FULL_TIME
Europa League,2021-2022,2021-09-30T16:45Z,Legia Warsaw,Leicester City,1,0,,,,,,,STATUS_FULL_TIME
Europa League,2021-2022,2021-09-30T16:45Z,Lyon,Brøndby IF,3,0,,,,,,,STATUS_FULL_TIME
Europa League,2021-2022,2021-09-30T16:45Z,Napoli,Spartak Moscow,2,3,,,,,,,STATUS_FULL_TIME
Europa League,2021-2022,2021-09-30T16:45Z,Real Sociedad,AS Monaco,1,1,,,,,,,STATUS_FULL_TIME
Europa League,2021-2022,2021-09-30T16:45Z,SK Sturm Graz,PSV Eindhoven,1,4,,,,,,,STATUS_FULL_TIME
Europa League,2021-2022,2021-09-30T16:45Z,Sparta Prague,Rangers,1,0,,,,,,,STATUS_FULL_TIME
Europa League,2021-2022,2021-09-30T19:00Z,Braga,FC Midtjylland,3,1,,,,,,,STATUS_FULL_TIME
Europa League,2021-2022,2021-09-30T19:00Z,Celtic,Bayer Leverkusen,0,4,,,,,,,STATUS_FULL_TIME
Europa League,2021-2022,2021-09-30T19:00Z,Ferencvaros,Real Betis,1,3,,,,,,,STATUS_FULL_TIME
Europa League,2021-2022,2021-09-30T19:00Z,Lazio,Lokomotiv Moscow,2,0,,,,,,,STATUS_FULL_TIME
Europa League,2021-2022,2021-09-30T19:00Z,Ludogorets Razgrad,Red Star Belgrade,0,1,,,,,,,STATUS_FULL_TIME
Europa League,2021-2022,2021-09-30T19:00Z,Marseille,Galatasaray,0,0,,,,,,,STATUS_FULL_TIME
Europa League,2021-2022,2021-09-30T19:00Z,Racing Genk,Dinamo Zagreb,0,3,,,,,,,STATUS_FULL_TIME
Europa League,2021-2022,2021-09-30T19:00Z,West Ham United,Rapid Vienna,2,0,,,,,,,STATUS_FULL_TIME
Europa League,2021-2022,2021-10-19T14:30Z,Celtic,Ferencvaros,2,0,,,,,,,STATUS_FULL_TIME
Europa League,2021-2022,2021-10-20T14:30Z,Spartak Moscow,Leicester City,3,4,,,,,,,STATUS_FULL_TIME
Europa League,2021-2022,2021-10-21T16:45Z,FC Midtjylland,Red Star Belgrade,1,1,,,,,,,STATUS_FULL_TIME
Europa League,2021-2022,2021-10-21T16:45Z,Fenerbahce,Antwerp,2,2,,,,,,,STATUS_FULL_TIME
Europa League,2021-2022,2021-10-21T16:45Z,Lazio,Marseille,0,0,,,,,,,STATUS_FULL_TIME
Europa League,2021-2022,2021-10-21T16:45Z,Ludogorets Razgrad,Braga,0,1,,,,,,,STATUS_FULL_TIME
Europa League,2021-2022,2021-10-21T16:45Z,Rapid Vienna,Dinamo Zagreb,2,1,,,,,,,STATUS_FULL_TIME
Europa League,2021-2022,2021-10-21T16:45Z,Real Betis,Bayer Leverkusen,1,1,,,,,,,STATUS_FULL_TIME
Europa League,2021-2022,2021-10-21T19:00Z,Eintracht Frankfurt,Olympiacos,3,1,,,,,,,STATUS_FULL_TIME
Europa League,2021-2022,2021-10-21T19:00Z,Lokomotiv Moscow,Galatasaray,0,1,,,,,,,STATUS_FULL_TIME
Europa League,2021-2022,2021-10-21T19:00Z,Napoli,Legia Warsaw,3,0,,,,,,,STATUS_FULL_TIME
Europa League,2021-2022,2021-10-21T19:00Z,PSV Eindhoven,AS Monaco,1,2,,,,,,,STATUS_FULL_TIME
Europa League,2021-2022,2021-10-21T19:00Z,Rangers,Brøndby IF,2,0,,,,,,,STATUS_FULL_TIME
Europa League,2021-2022,2021-10-21T19:00Z,SK Sturm Graz,Real Sociedad,0,1,,,,,,,STATUS_FULL_TIME
Europa League,2021-2022,2021-10-21T19:00Z,Sparta Prague,Lyon,3,4,,,,,,,STATUS_FULL_TIME
Europa League,2021-2022,2021-10-21T19:00Z,West Ham United,Racing Genk,3,0,,,,,,,STATUS_FULL_TIME
Europa League,2021-2022,2021-11-04T17:45Z,AS Monaco,PSV Eindhoven,0,0,,,,,,,STATUS_FULL_TIME
Europa League,2021-2022,2021-11-04T17:45Z,Brøndby IF,Rangers,1,1,,,,,,,STATUS_FULL_TIME
Europa League,2021-2022,2021-11-04T17:45Z,Galatasaray,Lokomotiv Moscow,1,1,,,,,,,STATUS_FULL_TIME
Europa League,2021-2022,2021-11-04T17:45Z,Legia Warsaw,Napoli,1,4,,,,,,,STATUS_FULL_TIME
Europa League,2021-2022,2021-11-04T17:45Z,Lyon,Sparta Prague,3,0,,,,,,,STATUS_FULL_TIME
Europa League,2021-2022,2021-11-04T17:45Z,Olympiacos,Eintracht Frankfurt,1,2,,,,,,,STATUS_FULL_TIME
Europa League,2021-2022,2021-11-04T17:45Z,Racing Genk,West Ham United,2,2,,,,,,,STATUS_FULL_TIME
Europa League,2021-2022,2021-11-04T17:45Z,Real Sociedad,SK Sturm Graz,1,1,,,,,,,STATUS_FULL_TIME
Europa League,2021-2022,2021-11-04T20:00Z,Antwerp,Fenerbahce,0,3,,,,,,,STATUS_FULL_TIME
Europa League,2021-2022,2021-11-04T20:00Z,Bayer Leverkusen,Real Betis,4,0,,,,,,,STATUS_FULL_TIME
Europa League,2021-2022,2021-11-04T20:00Z,Braga,Ludogorets Razgrad,4,2,,,,,,,STATUS_FULL_TIME
Europa League,2021-2022,2021-11-04T20:00Z,Dinamo Zagreb,Rapid Vienna,3,1,,,,,,,STATUS_FULL_TIME
Europa League,2021-2022,2021-11-04T20:00Z,Ferencvaros,Celtic,2,3,,,,,,,STATUS_FULL_TIME
Europa League,2021-2022,2021-11-04T20:00Z,Leicester City,Spartak Moscow,1,1,,,,,,,STATUS_FULL_TIME
Europa League,2021-2022,2021-11-04T20:00Z,Marseille,Lazio,2,2,,,,,,,STATUS_FULL_TIME
Europa League,2021-2022,2021-11-04T20:00Z,Red Star Belgrade,FC Midtjylland,0,1,,,,,,,STATUS_FULL_TIME
Europa League,2021-2022,2021-11-24T15:30Z,Spartak Moscow,Napoli,2,1,,,,,,,STATUS_FULL_TIME
Europa League,2021-2022,2021-11-25T17:45Z,Bayer Leverkusen,Celtic,3,2,,,,,,,STATUS_FULL_TIME
Europa League,2021-2022,2021-11-25T17:45Z,Dinamo Zagreb,Racing Genk,1,1,,,,,,,STATUS_FULL_TIME
Europa League,2021-2022,2021-11-25T17:45Z,FC Midtjylland,Braga,3,2,,,,,,,STATUS_FULL_TIME
Europa League,2021-2022,2021-11-25T17:45Z,Galatasaray,Marseille,4,2,,,,,,,STATUS_FULL_TIME
Europa League,2021-2022,2021-11-25T17:45Z,Lokomotiv Moscow,Lazio,0,3,,,,,,,STATUS_FULL_TIME
Europa League,2021-2022,2021-11-25T17:45Z,Rapid Vienna,West Ham United,0,2,,,,,,,STATUS_FULL_TIME
Europa League,2021-2022,2021-11-25T17:45Z,Real Betis,Ferencvaros,2,0,,,,,,,STATUS_FULL_TIME
Europa League,2021-2022,2021-11-25T17:45Z,Red Star Belgrade,Ludogorets Razgrad,1,0,,,,,,,STATUS_FULL_TIME
Europa League,2021-2022,2021-11-25T20:00Z,AS Monaco,Real Sociedad,2,1,,,,,,,STATUS_FULL_TIME
Europa League,2021-2022,2021-11-25T20:00Z,Brøndby IF,Lyon,1,3,,,,,,,STATUS_FULL_TIME
Europa League,2021-2022,2021-11-25T20:00Z,Eintracht Frankfurt,Antwerp,2,2,,,,,,,STATUS_FULL_TIME
Europa League,2021-2022,2021-11-25T20:00Z,Leicester City,Legia Warsaw,3,1,,,,,,,STATUS_FULL_TIME
Europa League,2021-2022,2021-11-25T20:00Z,Olympiacos,Fenerbahce,1,0,,,,,,,STATUS_FULL_TIME
Europa League,2021-2022,2021-11-25T20:00Z,PSV Eindhoven,SK Sturm Graz,2,0,,,,,,,STATUS_FULL_TIME
Europa League,2021-2022,2021-11-25T20:00Z,Rangers,Sparta Prague,2,0,,,,,,,STATUS_FULL_TIME
Europa League,2021-2022,2021-12-09T17:45Z,Antwerp,Olympiacos,1,0,,,,,,,STATUS_FULL_TIME
Europa League,2021-2022,2021-12-09T17:45Z,Fenerbahce,Eintracht Frankfurt,1,1,,,,,,,STATUS_FULL_TIME
Europa League,2021-2022,2021-12-09T17:45Z,Legia Warsaw,Spartak Moscow,0,1,,,,,,,STATUS_FULL_TIME
Europa League,2021-2022,2021-12-09T17:45Z,Lyon,Rangers,1,1,,,,,,,STATUS_FULL_TIME
Europa League,2021-2022,2021-12-09T17:45Z,Napoli,Leicester City,3,2,,,,,,,STATUS_FULL_TIME
Europa League,2021-2022,2021-12-09T17:45Z,Real Sociedad,PSV Eindhoven,3,0,,,,,,,STATUS_FULL_TIME
Europa League,2021-2022,2021-12-09T17:45Z,SK Sturm Graz,AS Monaco,1,1,,,,,,,STATUS_FULL_TIME
Europa League,2021-2022,2021-12-09T17:45Z,Sparta Prague,Brøndby IF,2,0,,,,,,,STATUS_FULL_TIME
Europa League,2021-2022,2021-12-09T20:00Z,Braga,Red Star Belgrade,1,1,,,,,,,STATUS_FULL_TIME
Europa League,2021-2022,2021-12-09T20:00Z,Celtic,Real Betis,3,2,,,,,,,STATUS_FULL_TIME
Europa League,2021-2022,2021-12-09T20:00Z,Ferencvaros,Bayer Leverkusen,1,0,,,,,,,STATUS_FULL_TIME
Europa League,2021-2022,2021-12-09T20:00Z,Lazio,Galatasaray,0,0,,,,,,,STATUS_FULL_TIME
Europa League,2021-2022,2021-12-09T20:00Z,Ludogorets Razgrad,FC Midtjylland,0,0,,,,,,,STATUS_FULL_TIME
Europa League,2021-2022,2021-12-09T20:00Z,Marseille,Lokomotiv Moscow,1,0,,,,,,,STATUS_FULL_TIME
Europa League,2021-2022,2021-12-09T20:00Z,Racing Genk,Rapid Vienna,0,1,,,,,,,STATUS_FULL_TIME
Europa League,2021-2022,2021-12-09T20:00Z,West Ham United,Dinamo Zagreb,0,1,,,,,,,STATUS_FULL_TIME
Europa League,2021-2022,2022-02-17T17:45Z,Barcelona,Napoli,1,1,,,,,,,STATUS_FULL_TIME
Europa League,2021-2022,2022-02-17T17:45Z,Borussia Dortmund,Rangers,2,4,,,,,,,STATUS_FULL_TIME
Europa League,2021-2022,2022-02-17T17:45Z,Sheriff Tiraspol,Braga,2,0,,,,,,,STATUS_FULL_TIME
Europa League,2021-2022,2022-02-17T17:45Z,Zenit St Petersburg,Real Betis,2,3,,,,,,,STATUS_FULL_TIME
Europa League,2021-2022,2022-02-17T20:00Z,Atalanta,Olympiacos,2,1,,,,,,,STATUS_FULL_TIME
Europa League,2021-2022,2022-02-17T20:00Z,FC Porto,Lazio,2,1,,,,,,,STATUS_FULL_TIME
Europa League,2021-2022,2022-02-17T20:00Z,RB Leipzig,Real Sociedad,2,2,,,,,,,STATUS_FULL_TIME
Europa League,2021-2022,2022-02-17T20:00Z,Sevilla,Dinamo Zagreb,3,1,,,,,,,STATUS_FULL_TIME
Europa League,2021-2022,2022-02-24T17:45Z,Dinamo Zagreb,Sevilla,1,0,,,,,,,STATUS_FULL_TIME
Europa League,2021-2022,2022-02-24T17:45Z,Lazio,FC Porto,2,2,,,,,,,STATUS_FULL_TIME
Europa League,2021-2022,2022-02-24T17:45Z,Olympiacos,Atalanta,0,3,,,,,,,STATUS_FULL_TIME
Europa League,2021-2022,2022-02-24T17:45Z,Real Sociedad,RB Leipzig,1,3,,,,,,,STATUS_FULL_TIME
Europa League,2021-2022,2022-02-24T20:00Z,Braga,Sheriff Tiraspol,2,0,,,,,,,STATUS_FINAL_PEN
Europa League,2021-2022,2022-02-24T20:00Z,Napoli,Barcelona,2,4,,,,,,,STATUS_FULL_TIME
Europa League,2021-2022,2022-02-24T20:00Z,Rangers,Borussia Dortmund,2,2,,,,,,,STATUS_FULL_TIME
Europa League,2021-2022,2022-02-24T20:00Z,Real Betis,Zenit St Petersburg,0,0,,,,,,,STATUS_FULL_TIME
Europa League,2021-2022,2022-03-09T17:45Z,FC Porto,Lyon,0,1,,,,,,,STATUS_FULL_TIME
Europa League,2021-2022,2022-03-09T17:45Z,Real Betis,Eintracht Frankfurt,1,2,,,,,,,STATUS_FULL_TIME
Europa League,2021-2022,2022-03-10T17:45Z,RB Leipzig,Spartak Moscow,0,0,,,,,,,STATUS_CANCELED
Europa League,2021-2022,2022-03-10T17:45Z,Sevilla,West Ham United,1,0,,,,,,,STATUS_FULL_TIME
Europa League,2021-2022,2022-03-10T20:00Z,Atalanta,Bayer Leverkusen,3,2,,,,,,,STATUS_FULL_TIME
Europa League,2021-2022,2022-03-10T20:00Z,Barcelona,Galatasaray,0,0,,,,,,,STATUS_FULL_TIME
Europa League,2021-2022,2022-03-10T20:00Z,Braga,AS Monaco,2,0,,,,,,,STATUS_FULL_TIME
Europa League,2021-2022,2022-03-10T20:00Z,Rangers,Red Star Belgrade,3,0,,,,,,,STATUS_FULL_TIME
Europa League,2021-2022,2022-03-17T17:45Z,AS Monaco,Braga,1,1,,,,,,,STATUS_FULL_TIME
Europa League,2021-2022,2022-03-17T17:45Z,Bayer Leverkusen,Atalanta,0,1,,,,,,,STATUS_FULL_TIME
Europa League,2021-2022,2022-03-17T17:45Z,Galatasaray,Barcelona,1,2,,,,,,,STATUS_FULL_TIME
Europa League,2021-2022,2022-03-17T17:45Z,Red Star Belgrade,Rangers,2,1,,,,,,,STATUS_FULL_TIME
Europa League,2021-2022,2022-03-17T18:00Z,Spartak Moscow,RB Leipzig,0,0,,,,,,,STATUS_CANCELED
Europa League,2021-2022,2022-03-17T20:00Z,Eintracht Frankfurt,Real Betis,1,1,,,,,,,STATUS_FINAL_AET
Europa League,2021-2022,2022-03-17T20:00Z,Lyon,FC Porto,1,1,,,,,,,STATUS_FULL_TIME
Europa League,2021-2022,2022-03-17T20:00Z,West Ham United,Sevilla,2,0,,,,,,,STATUS_FINAL_AET
Europa League,2021-2022,2022-04-07T16:45Z,RB Leipzig,Atalanta,1,1,,,,,,,STATUS_FULL_TIME
Europa League,2021-2022,2022-04-07T19:00Z,Braga,Rangers,1,0,,,,,,,STATUS_FULL_TIME
Europa League,2021-2022,2022-04-07T19:00Z,Eintracht Frankfurt,Barcelona,1,1,,,,,,,STATUS_FULL_TIME
Europa League,2021-2022,2022-04-07T19:00Z,West Ham United,Lyon,1,1,,,,,,,STATUS_FULL_TIME
Europa League,2021-2022,2022-04-14T16:45Z,Atalanta,RB Leipzig,0,2,,,,,,,STATUS_FULL_TIME
Europa League,2021-2022,2022-04-14T19:00Z,Barcelona,Eintracht Frankfurt,2,3,,,,,,,STATUS_FULL_TIME
Europa League,2021-2022,2022-04-14T19:00Z,Lyon,West Ham United,0,3,,,,,,,STATUS_FULL_TIME
Europa League,2021-2022,2022-04-14T19:00Z,Rangers,Braga,3,1,,,,,,,STATUS_FINAL_AET
Europa League,2021-2022,2022-04-28T19:00Z,RB Leipzig,Rangers,1,0,,,,,,,STATUS_FULL_TIME
Europa League,2021-2022,2022-04-28T19:00Z,West Ham United,Eintracht Frankfurt,1,2,,,,,,,STATUS_FULL_TIME
Europa League,2021-2022,2022-05-05T19:00Z,Eintracht Frankfurt,West Ham United,1,0,,,,,,,STATUS_FULL_TIME
Europa League,2021-2022,2022-05-05T19:00Z,Rangers,RB Leipzig,3,1,,,,,,,STATUS_FULL_TIME
Europa League,2021-2022,2022-05-18T19:00Z,Eintracht Frankfurt,Rangers,1,1,,,,,,,STATUS_FINAL_PEN
Bundesliga,2022-2023,2022-08-05 18:30:00,Eintracht Frankfurt,Bayern Munich,1,6,0.756176,4.56023,31.846153846153847,8.173913043478262,0.031799999999999995,2.9499,STATUS_FULL_TIME
Bundesliga,2022-2023,2022-08-06 13:30:00,Augsburg,Freiburg,0,4,0.585905,1.54255,6.666666666666667,9.916666666666666,0.6243000000000001,2.1290999999999998,STATUS_FULL_TIME
Bundesliga,2022-2023,2022-08-06 13:30:00,Bochum,Mainz 05,1,2,0.818183,1.59439,6.84,16.61904761904762,0.7537,1.9924000000000002,STATUS_FULL_TIME
Bundesliga,2022-2023,2022-08-06 16:30:00,Borussia Dortmund,Bayer Leverkusen,1,0,2.38349,1.23566,9.1,9.0,2.2653,0.5178,STATUS_FULL_TIME
Bundesliga,2022-2023,2022-08-06 13:30:00,Borussia M.Gladbach,Hoffenheim,3,1,2.07456,0.119138,9.961538461538462,18.8,2.7473,0.1436,STATUS_FULL_TIME
Bundesliga,2022-2023,2022-08-06 13:30:00,Union Berlin,Hertha Berlin,3,1,1.18263,0.350984,5.9743589743589745,15.833333333333334,2.0966,0.6065,STATUS_FULL_TIME
Bundesliga,2022-2023,2022-08-06 13:30:00,Wolfsburg,Werder Bremen,2,2,0.954909,1.04228,4.324324324324325,8.970588235294118,1.2065000000000001,1.4513,STATUS_FULL_TIME
Bundesliga,2022-2023,2022-08-07 15:30:00,FC Cologne,Schalke 04,3,1,4.42242,0.227735,4.333333333333333,21.666666666666668,2.9867,0.0077,STATUS_FULL_TIME
Bundesliga,2022-2023,2022-08-07 13:30:00,VfB Stuttgart,RasenBallsport Leipzig,1,1,0.565488,2.13153,14.0,5.392857142857143,0.3383,2.5046,STATUS_FULL_TIME
Bundesliga,2022-2023,2022-08-12 18:30:00,Freiburg,Borussia Dortmund,1,3,1.0831,0.781529,11.392857142857142,8.0,1.6026,1.0731,STATUS_FULL_TIME
Bundesliga,2022-2023,2022-08-13 13:30:00,Bayer Leverkusen,Augsburg,1,2,2.7843,0.749163,3.652173913043478,10.148148148148149,2.6298000000000004,0.2472,STATUS_FULL_TIME
Bundesliga,2022-2023,2022-08-13 13:30:00,Hertha Berlin,Eintracht Frankfurt,1,1,2.06497,1.20421,21.142857142857142,5.6,2.0246,0.7484000000000001,STATUS_FULL_TIME
Bundesliga,2022-2023,2022-08-13 13:30:00,Hoffenheim,Bochum,3,2,2.3761,1.47438,9.333333333333334,20.75,2.0418,0.7245,STATUS_FULL_TIME
Bundesliga,2022-2023,2022-08-13 13:30:00,RasenBallsport Leipzig,FC Cologne,2,2,1.17885,1.51583,13.9375,8.419354838709678,1.0784,1.6261999999999999,STATUS_FULL_TIME
Bundesliga,2022-2023,2022-08-13 16:30:00,Schalke 04,Borussia M.Gladbach,2,2,1.69324,1.41135,17.130434782608695,16.25,1.6016,1.1177000000000001,STATUS_FULL_TIME
Bundesliga,2022-2023,2022-08-13 13:30:00,Werder Bremen,VfB Stuttgart,2,2,0.704357,1.31637,10.652173913043478,17.1,0.7893000000000001,1.9125,STATUS_FULL_TIME
Bundesliga,2022-2023,2022-08-14 15:30:00,Bayern Munich,Wolfsburg,2,0,1.4017,0.443318,9.214285714285714,13.37037037037037,2.1575,0.5798,STATUS_FULL_TIME
Bundesliga,2022-2023,2022-08-14 13:30:00,Mainz 05,Union Berlin,0,0,0.648549,0.301432,10.952380952380953,12.789473684210526,1.6414,0.9076,STATUS_FULL_TIME
Bundesliga,2022-2023,2022-08-19 18:30:00,Borussia M.Gladbach,Hertha Berlin,1,0,2.26575,0.967668,9.7,18.68421052631579,2.3672,0.4556,STATUS_FULL_TIME
Bundesliga,2022-2023,2022-08-20 13:30:00,Augsburg,Mainz 05,1,2,0.306368,2.04608,10.31578947368421,7.5,0.18580000000000002,2.7003999999999997,STATUS_FULL_TIME
Bundesliga,2022-2023,2022-08-20 13:30:00,Bayer Leverkusen,Hoffenheim,0,3,1.10143,1.30099,6.78125,11.166666666666666,1.1664,1.539,STATUS_FULL_TIME
Bundesliga,2022-2023,2022-08-20 13:30:00,Borussia Dortmund,Werder Bremen,2,3,0.625547,1.20064,8.458333333333334,10.625,0.8616999999999999,1.8241,STATUS_FULL_TIME
Bundesliga,2022-2023,2022-08-20 16:30:00,Union Berlin,RasenBallsport Leipzig,2,1,0.642263,0.958767,24.15,5.428571428571429,1.0358,1.6232,STATUS_FULL_TIME
Bundesliga,2022-2023,2022-08-20 13:30:00,VfB Stuttgart,Freiburg,0,1,0.766656,0.903953,14.266666666666667,18.157894736842106,1.1519,1.5004999999999997,STATUS_FULL_TIME
Bundesliga,2022-2023,2022-08-20 13:30:00,Wolfsburg,Schalke 04,0,0,1.20648,1.03296,6.294117647058823,16.095238095238095,1.4485999999999999,1.2242,STATUS_FULL_TIME
Bundesliga,2022-2023,2022-08-21 15:30:00,Bochum,Bayern Munich,0,7,0.747624,3.98121,17.22222222222222,7.157894736842105,0.060899999999999996,2.9061,STATUS_FULL_TIME
Bundesliga,2022-2023,2022-08-21 13:30:00,Eintracht Frankfurt,FC Cologne,1,1,0.54009,0.236472,6.714285714285714,8.84,1.5791,0.9017,STATUS_FULL_TIME
Bundesliga,2022-2023,2022-08-26 18:30:00,Freiburg,Bochum,1,0,4.40931,1.13013,8.125,7.9,2.909,0.059,STATUS_FULL_TIME
Bundesliga,2022-2023,2022-08-27 16:30:00,Bayern Munich,Borussia M.Gladbach,1,1,3.17378,0.548057,6.04,31.555555555555557,2.8357,0.1051,STATUS_FULL_TIME
Bundesliga,2022-2023,2022-08-27 13:30:00,Hertha Berlin,Borussia Dortmund,0,1,0.353045,2.97427,29.25,7.071428571428571,0.1072,2.8303,STATUS_FULL_TIME
Bundesliga,2022-2023,2022-08-27 13:30:00,Hoffenheim,Augsburg,1,0,2.00234,0.458737,8.0,10.761904761904763,2.5049,0.3311,STATUS_FULL_TIME
Bundesliga,2022-2023,2022-08-27 13:30:00,Mainz 05,Bayer Leverkusen,0,3,1.62032,1.40426,18.25,22.266666666666666,1.5186000000000002,1.2039000000000002,STATUS_FULL_TIME
Bundesliga,2022-2023,2022-08-27 13:30:00,RasenBallsport Leipzig,Wolfsburg,2,0,3.79244,0.520425,13.565217391304348,7.214285714285714,2.9346,0.039599999999999996,STATUS_FULL_TIME
Bundesliga,2022-2023,2022-08-27 13:30:00,Schalke 04,Union Berlin,1,6,1.86616,1.0651,13.76923076923077,20.8,2.0177,0.7490000000000001,STATUS_FULL_TIME
Bundesliga,2022-2023,2022-08-28 13:30:00,FC Cologne,VfB Stuttgart,0,0,0.385951,1.96538,7.105263157894737,18.642857142857142,0.2794,2.5686999999999998,STATUS_FULL_TIME
Bundesliga,2022-2023,2022-08-28 15:30:00,Werder Bremen,Eintracht Frankfurt,3,4,1.88918,1.87305,8.181818181818182,9.379310344827585,1.3841999999999999,1.3473,STATUS_FULL_TIME
Bundesliga,2022-2023,2022-09-02 18:30:00,Borussia Dortmund,Hoffenheim,1,0,2.521,0.360446,14.526315789473685,8.428571428571429,2.7678,0.1452,STATUS_FULL_TIME
Bundesliga,2022-2023,2022-09-03 13:30:00,Bayer Leverkusen,Freiburg,2,3,1.79727,2.35383,16.823529411764707,9.24,0.881,1.8455000000000001,STATUS_FULL_TIME
Bundesliga,2022-2023,2022-09-03 13:30:00,Bochum,Werder Bremen,0,2,1.22972,1.9903,6.5,12.461538461538462,0.8061999999999999,1.9546,STATUS_FULL_TIME
Bundesliga,2022-2023,2022-09-03 16:30:00,Eintracht Frankfurt,RasenBallsport Leipzig,4,0,3.62625,0.220403,11.096774193548388,9.24,2.9744,0.014599999999999998,STATUS_FULL_TIME
Bundesliga,2022-2023,2022-09-03 13:30:00,Union Berlin,Bayern Munich,1,1,0.443137,1.38204,18.476190476190474,5.625,0.5698,2.1559,STATUS_FULL_TIME
Bundesliga,2022-2023,2022-09-03 13:30:00,VfB Stuttgart,Schalke 04,1,1,0.706188,2.10477,11.727272727272727,6.5,0.4121,2.4124999999999996,STATUS_FULL_TIME
Bundesliga,2022-2023,2022-09-03 13:30:00,Wolfsburg,FC Cologne,2,4,0.96728,3.08366,10.952380952380953,10.647058823529411,0.2437,2.6494,STATUS_FULL_TIME
Bundesliga,2022-2023,2022-09-04 13:30:00,Augsburg,Hertha Berlin,0,2,0.311026,2.87153,13.1875,6.551724137931035,0.0593,2.9,STATUS_FULL_TIME
Bundesliga,2022-2023,2022-09-04 15:30:00,Borussia M.Gladbach,Mainz 05,0,1,1.70822,0.630863,18.454545454545453,10.4,2.2716,0.5150999999999999,STATUS_FULL_TIME
Bundesliga,2022-2023,2022-09-09 18:30:00,Werder Bremen,Augsburg,0,1,1.83702,1.7824,4.684210526315789,14.142857142857142,1.3875000000000002,1.3269000000000002,STATUS_FULL_TIME
Bundesliga,2022-2023,2022-09-10 13:30:00,Bayern Munich,VfB Stuttgart,2,2,2.2976,1.18754,4.457142857142857,20.88888888888889,2.1656000000000004,0.6125,STATUS_FULL_TIME
Bundesliga,2022-2023,2022-09-10 13:30:00,Eintracht Frankfurt,Wolfsburg,0,1,0.453438,0.969737,9.473684210526315,19.176470588235293,0.8042,1.8523999999999998,STATUS_FULL_TIME
Bundesliga,2022-2023,2022-09-10 13:30:00,Hertha Berlin,Bayer Leverkusen,2,2,2.35137,1.76829,11.565217391304348,8.428571428571429,1.817,0.9539,STATUS_FULL_TIME
Bundesliga,2022-2023,2022-09-10 13:30:00,Hoffenheim,Mainz 05,4,1,4.64891,1.08619,8.473684210526315,21.1875,2.9054,0.0617,STATUS_FULL_TIME
Bundesliga,2022-2023,2022-09-10 13:30:00,RasenBallsport Leipzig,Borussia Dortmund,3,0,1.70495,0.334567,9.161290322580646,8.0,2.4805,0.3349,STATUS_FULL_TIME
Bundesliga,2022-2023,2022-09-10 16:30:00,Schalke 04,Bochum,3,1,1.4133,1.31293,9.904761904761905,9.105263157894736,1.4279000000000002,1.2944,STATUS_FULL_TIME
Bundesliga,2022-2023,2022-09-11 13:30:00,FC Cologne,Union Berlin,0,1,0.878517,1.51157,8.857142857142858,18.2,0.7964,1.9154,STATUS_FULL_TIME
Bundesliga,2022-2023,2022-09-11 15:30:00,Freiburg,Borussia M.Gladbach,0,0,0.991055,1.37892,12.096774193548388,13.266666666666667,1.0108000000000001,1.7010999999999998,STATUS_FULL_TIME
Bundesliga,2022-2023,2022-09-16 18:30:00,Mainz 05,Hertha Berlin,1,1,0.38983,0.437555,6.1923076923076925,9.541666666666666,1.1681,1.3253,STATUS_FULL_TIME
Bundesliga,2022-2023,2022-09-17 13:30:00,Augsburg,Bayern Munich,1,0,2.20918,1.82063,11.612903225806452,5.9,1.6848,1.089,STATUS_FULL_TIME
Bundesliga,2022-2023,2022-09-17 13:30:00,Bayer Leverkusen,Werder Bremen,1,1,1.82302,2.02218,16.928571428571427,11.08695652173913,1.2496,1.5112,STATUS_FULL_TIME
Bundesliga,2022-2023,2022-09-17 13:30:00,Borussia Dortmund,Schalke 04,1,0,2.5349,0.0971459,5.68,15.823529411764707,2.8817,0.0638,STATUS_FULL_TIME
Bundesliga,2022-2023,2022-09-17 16:30:00,Borussia M.Gladbach,RasenBallsport Leipzig,3,0,2.97746,1.25609,13.347826086956522,8.323529411764707,2.4096999999999995,0.4441,STATUS_FULL_TIME
Bundesliga,2022-2023,2022-09-17 13:30:00,VfB Stuttgart,Eintracht Frankfurt,1,3,0.773751,1.49027,7.242424242424242,20.142857142857142,0.7709999999999999,1.9632,STATUS_FULL_TIME
Bundesliga,2022-2023,2022-09-18 15:30:00,Bochum,FC Cologne,1,1,0.292667,1.8077,26.5,6.809523809523809,0.2937,2.5347,STATUS_FULL_TIME
Bundesliga,2022-2023,2022-09-18 17:30:00,Hoffenheim,Freiburg,0,0,0.74318,0.6761,12.5,10.92,1.3695,1.2459,STATUS_FULL_TIME
Bundesliga,2022-2023,2022-09-18 13:30:00,Union Berlin,Wolfsburg,2,0,1.07406,0.218049,12.37037037037037,24.363636363636363,2.1269,0.5471,STATUS_FULL_TIME
Bundesliga,2022-2023,2022-09-30 18:30:00,Bayern Munich,Bayer Leverkusen,4,0,2.13413,0.940717,11.454545454545455,41.0,2.2194000000000003,0.576,STATUS_FULL_TIME
Bundesliga,2022-2023,2022-10-01 13:30:00,Eintracht Frankfurt,Union Berlin,2,0,1.18241,0.767128,26.5,10.517241379310345,1.7086000000000001,0.9691000000000001,STATUS_FULL_TIME
Bundesliga,2022-2023,2022-10-01 13:30:00,FC Cologne,Borussia Dortmund,3,2,2.1489,2.46961,8.636363636363637,9.26086956521739,1.2058,1.5883,STATUS_FULL_TIME
Bundesliga,2022-2023,2022-10-01 13:30:00,Freiburg,Mainz 05,2,1,1.97161,1.84485,9.043478260869565,11.083333333333334,1.4811999999999999,1.2385000000000002,STATUS_FULL_TIME
Bundesliga,2022-2023,2022-10-01 13:30:00,RasenBallsport Leipzig,Bochum,4,0,4.21544,0.146803,11.25,31.6875,2.9914,0.0046,STATUS_FULL_TIME
Bundesliga,2022-2023,2022-10-01 16:30:00,Werder Bremen,Borussia M.Gladbach,5,1,3.34501,2.27257,11.096774193548388,14.35,2.0931,0.7283999999999999,STATUS_FULL_TIME
Bundesliga,2022-2023,2022-10-01 13:30:00,Wolfsburg,VfB Stuttgart,3,2,1.75417,2.34936,9.947368421052632,13.4,0.9321999999999999,1.8247,STATUS_FULL_TIME
Bundesliga,2022-2023,2022-10-02 13:30:00,Hertha Berlin,Hoffenheim,1,1,0.958712,1.60101,15.31578947368421,9.45,0.8541,1.8777,STATUS_FULL_TIME
Bundesliga,2022-2023,2022-10-02 15:30:00,Schalke 04,Augsburg,2,3,2.0592,1.48391,8.133333333333333,9.764705882352942,1.8235000000000001,0.925,STATUS_FULL_TIME
Bundesliga,2022-2023,2022-10-07 18:30:00,Hoffenheim,Werder Bremen,1,2,1.30088,1.43801,13.588235294117647,9.083333333333334,1.2134,1.4828000000000001,STATUS_FULL_TIME
Bundesliga,2022-2023,2022-10-08 13:30:00,Augsburg,Wolfsburg,1,1,2.01628,2.30655,7.8,10.416666666666666,1.1486999999999998,1.5891000000000002,STATUS_FULL_TIME
Bundesliga,2022-2023,2022-10-08 13:30:00,Bayer Leverkusen,Schalke 04,4,0,2.06947,0.139609,10.545454545454545,11.294117647058824,2.7622,0.13690000000000002,STATUS_FULL_TIME
Bundesliga,2022-2023,2022-10-08 13:30:00,Bochum,Eintracht Frankfurt,3,0,0.649959,0.78428,8.26923076923077,8.263157894736842,1.1562,1.467,STATUS_FULL_TIME
Bundesliga,2022-2023,2022-10-08 16:30:00,Borussia Dortmund,Bayern Munich,2,2,1.42928,1.22934,15.826086956521738,8.866666666666667,1.4953999999999998,1.2175999999999998,STATUS_FULL_TIME
Bundesliga,2022-2023,2022-10-08 13:30:00,Mainz 05,RasenBallsport Leipzig,1,1,0.649518,1.4696,15.041666666666666,10.5,0.6591,2.0817,STATUS_FULL_TIME
Bundesliga,2022-2023,2022-10-09 13:30:00,Borussia M.Gladbach,FC Cologne,5,2,2.72658,1.45617,16.083333333333332,18.863636363636363,2.3382,0.4611,STATUS_FULL_TIME
Bundesliga,2022-2023,2022-10-09 15:30:00,Hertha Berlin,Freiburg,2,2,1.25889,1.75899,9.862068965517242,6.6923076923076925,0.9498,1.7667000000000002,STATUS_FULL_TIME
Bundesliga,2022-2023,2022-10-09 17:30:00,VfB Stuttgart,Union Berlin,0,1,1.09713,0.73441,14.5,19.714285714285715,1.6634,0.9998,STATUS_FULL_TIME
Bundesliga,2022-2023,2022-10-14 18:30:00,Schalke 04,Hoffenheim,0,3,0.697562,3.51699,7.413793103448276,19.90909090909091,0.0935,2.8568000000000002,STATUS_FULL_TIME
Bundesliga,2022-2023,2022-10-15 13:30:00,Eintracht Frankfurt,Bayer Leverkusen,5,1,4.35761,0.503272,16.636363636363637,39.875,2.9655,0.0216,STATUS_FULL_TIME
Bundesliga,2022-2023,2022-10-15 16:30:00,RasenBallsport Leipzig,Hertha Berlin,3,2,3.30191,2.42152,6.535714285714286,18.733333333333334,2.0507,0.7229000000000001,STATUS_FULL_TIME
Bundesliga,2022-2023,2022-10-15 13:30:00,VfB Stuttgart,Bochum,4,1,2.40775,1.52762,14.0,7.92,1.9908,0.7914,STATUS_FULL_TIME
Bundesliga,2022-2023,2022-10-15 13:30:00,Werder Bremen,Mainz 05,0,2,1.20268,1.10835,9.714285714285714,24.166666666666668,1.4281,1.2799,STATUS_FULL_TIME
Bundesliga,2022-2023,2022-10-15 13:30:00,Wolfsburg,Borussia M.Gladbach,2,2,1.74427,0.895157,13.38888888888889,16.88888888888889,2.0264999999999995,0.7236,STATUS_FULL_TIME
Bundesliga,2022-2023,2022-10-16 17:30:00,Bayern Munich,Freiburg,5,0,2.07998,0.328313,14.5,16.956521739130434,2.6086,0.24730000000000002,STATUS_FULL_TIME
Bundesliga,2022-2023,2022-10-16 13:30:00,FC Cologne,Augsburg,3,2,1.54576,0.207517,6.6875,10.210526315789474,2.5023999999999997,0.2998,STATUS_FULL_TIME
Bundesliga,2022-2023,2022-10-16 15:30:00,Union Berlin,Borussia Dortmund,2,0,1.47199,0.797656,27.5,6.928571428571429,1.9583999999999997,0.7688999999999999,STATUS_FULL_TIME
Bundesliga,2022-2023,2022-10-21 18:30:00,Mainz 05,FC Cologne,5,0,2.21787,0.930558,10.666666666666666,15.4,2.3459,0.4637,STATUS_FULL_TIME
Bundesliga,2022-2023,2022-10-22 13:30:00,Augsburg,RasenBallsport Leipzig,3,3,1.91261,2.38989,13.095238095238095,8.777777777777779,1.0331,1.7174,STATUS_FULL_TIME
Bundesliga,2022-2023,2022-10-22 13:30:00,Bayer Leverkusen,Wolfsburg,2,2,2.36747,1.15093,12.4,14.736842105263158,2.4156,0.3993,STATUS_FULL_TIME
Bundesliga,2022-2023,2022-10-22 13:30:00,Borussia Dortmund,VfB Stuttgart,5,0,2.63936,0.989781,9.16,20.058823529411764,2.5104,0.34409999999999996,STATUS_FULL_TIME
Bundesliga,2022-2023,2022-10-22 16:30:00,Borussia M.Gladbach,Eintracht Frankfurt,1,3,1.36544,1.80175,11.31578947368421,9.9,1.0347,1.6983000000000001,STATUS_FULL_TIME
Bundesliga,2022-2023,2022-10-22 13:30:00,Freiburg,Werder Bremen,2,0,3.33695,0.393506,8.764705882352942,8.136363636363637,2.8876,0.0703,STATUS_FULL_TIME
Bundesliga,2022-2023,2022-10-22 13:30:00,Hoffenheim,Bayern Munich,0,2,0.766181,3.12799,10.884615384615385,8.65,0.1595,2.7611000000000003,STATUS_FULL_TIME
Bundesliga,2022-2023,2022-10-23 13:30:00,Bochum,Union Berlin,2,1,1.11544,1.00303,10.095238095238095,12.066666666666666,1.415,1.2293,STATUS_FULL_TIME
Bundesliga,2022-2023,2022-10-23 15:30:00,Hertha Berlin,Schalke 04,2,1,1.05778,0.522522,6.769230769230769,10.55,1.8431,0.8264,STATUS_FULL_TIME
Bundesliga,2022-2023,2022-10-28 18:30:00,Werder Bremen,Hertha Berlin,1,0,1.53976,0.572257,10.473684210526315,11.15,2.1418,0.607,STATUS_FULL_TIME
Bundesliga,2022-2023,2022-10-29 13:30:00,Bayern Munich,Mainz 05,6,2,4.33442,1.78114,6.590909090909091,25.785714285714285,2.7127999999999997,0.2033,STATUS_FULL_TIME
Bundesliga,2022-2023,2022-10-29 16:30:00,Eintracht Frankfurt,Borussia Dortmund,1,2,1.71027,0.730506,11.12,14.11111111111111,2.1098,0.6467,STATUS_FULL_TIME
Bundesliga,2022-2023,2022-10-29 13:30:00,RasenBallsport Leipzig,Bayer Leverkusen,2,0,1.63234,0.141987,16.88,25.384615384615383,2.6188,0.2188,STATUS_FULL_TIME
Bundesliga,2022-2023,2022-10-29 13:30:00,VfB Stuttgart,Augsburg,2,1,3.12054,0.754506,15.375,15.0,2.7175,0.1963,STATUS_FULL_TIME
Bundesliga,2022-2023,2022-10-29 13:30:00,Wolfsburg,Bochum,4,0,2.58922,0.444056,11.823529411764707,10.5,2.7178,0.18969999999999998,STATUS_FULL_TIME
Bundesliga,2022-2023,2022-10-30 18:30:00,FC Cologne,Hoffenheim,1,1,0.979672,0.778986,19.523809523809526,8.0,1.4675,1.1678,STATUS_FULL_TIME
Bundesliga,2022-2023,2022-10-30 16:30:00,Schalke 04,Freiburg,0,2,0.841369,2.25332,8.208333333333334,12.642857142857142,0.4117,2.4175,STATUS_FULL_TIME
Bundesliga,2022-2023,2022-10-30 14:30:00,Union Berlin,Borussia M.Gladbach,2,1,1.28667,1.01241,12.173913043478262,37.5,1.5802,1.126,STATUS_FULL_TIME
Bundesliga,2022-2023,2022-11-04 18:30:00,Borussia M.Gladbach,VfB Stuttgart,3,1,1.33462,1.46207,11.782608695652174,10.857142857142858,1.2461000000000002,1.4768,STATUS_FULL_TIME
Bundesliga,2022-2023,2022-11-05 14:30:00,Augsburg,Eintracht Frankfurt,1,2,1.07354,1.31556,8.862068965517242,7.571428571428571,1.1547,1.5372000000000001,STATUS_FULL_TIME
Bundesliga,2022-2023,2022-11-05 14:30:00,Borussia Dortmund,Bochum,3,0,1.43174,0.496214,12.142857142857142,11.482758620689655,2.2914000000000003,0.4605,STATUS_FULL_TIME
Bundesliga,2022-2023,2022-11-05 14:30:00,Hertha Berlin,Bayern Munich,2,3,1.09255,2.23326,11.428571428571429,3.586206896551724,0.5221,2.2513,STATUS_FULL_TIME
Bundesliga,2022-2023,2022-11-05 14:30:00,Hoffenheim,RasenBallsport Leipzig,1,3,1.16126,1.66347,18.043478260869566,20.09090909090909,0.9886999999999999,1.7465,STATUS_FULL_TIME
Bundesliga,2022-2023,2022-11-05 14:30:00,Mainz 05,Wolfsburg,0,3,1.24483,0.809102,6.466666666666667,13.444444444444445,1.7451,0.9450000000000001,STATUS_FULL_TIME
Bundesliga,2022-2023,2022-11-05 17:30:00,Werder Bremen,Schalke 04,2,1,1.33073,1.35128,9.62962962962963,6.875,1.3333,1.3804,STATUS_FULL_TIME
Bundesliga,2022-2023,2022-11-06 14:30:00,Bayer Leverkusen,Union Berlin,5,0,1.7807,0.231839,15.941176470588236,24.352941176470587,2.6162,0.2324,STATUS_FULL_TIME
Bundesliga,2022-2023,2022-11-06 16:30:00,Freiburg,FC Cologne,2,0,1.46258,0.995484,11.7,21.5,1.7258,0.9784999999999999,STATUS_FULL_TIME
Bundesliga,2022-2023,2022-11-08 19:30:00,Bayern Munich,Werder Bremen,6,1,5.72728,1.44045,12.65,21.857142857142858,2.9688000000000003,0.019200000000000002,STATUS_FULL_TIME
Bundesliga,2022-2023,2022-11-08 19:30:00,Bochum,Borussia M.Gladbach,2,1,1.68574,0.766603,9.666666666666666,13.266666666666667,2.1449,0.6038,STATUS_FULL_TIME
Bundesliga,2022-2023,2022-11-08 19:30:00,VfB Stuttgart,Hertha Berlin,2,1,2.00216,1.05233,11.45,18.833333333333332,2.0665,0.7180000000000001,STATUS_FULL_TIME
Bundesliga,2022-2023,2022-11-08 17:30:00,Wolfsburg,Borussia Dortmund,2,0,2.9101,1.29685,18.6,12.25,2.3965,0.4597,STATUS_FULL_TIME
Bundesliga,2022-2023,2022-11-09 19:30:00,Eintracht Frankfurt,Hoffenheim,4,2,3.78193,1.52829,15.105263157894736,9.612903225806452,2.6622000000000003,0.2418,STATUS_FULL_TIME
Bundesliga,2022-2023,2022-11-09 17:30:00,FC Cologne,Bayer Leverkusen,1,2,1.38128,1.04474,11.8,22.0,1.5966,1.1013000000000002,STATUS_FULL_TIME
Bundesliga,2022-2023,2022-11-09 19:30:00,RasenBallsport Leipzig,Freiburg,3,1,3.28873,0.148116,14.9375,14.652173913043478,2.968,0.018099999999999998,STATUS_FULL_TIME
Bundesliga,2022-2023,2022-11-09 19:30:00,Schalke 04,Mainz 05,1,0,1.97962,0.60888,6.137931034482759,5.2,2.397,0.4242,STATUS_FULL_TIME
Bundesliga,2022-2023,2022-11-09 19:30:00,Union Berlin,Augsburg,2,2,1.84012,0.29444,11.615384615384615,16.384615384615383,2.5877000000000003,0.2576,STATUS_FULL_TIME
Bundesliga,2022-2023,2022-11-11 19:30:00,Borussia M.Gladbach,Borussia Dortmund,4,2,2.64014,3.6823,25.46153846153846,10.608695652173912,0.7567,2.062,STATUS_FULL_TIME
Bundesliga,2022-2023,2022-11-12 14:30:00,Augsburg,Bochum,0,1,2.34583,1.13531,8.235294117647058,11.444444444444445,2.2897,0.5161,STATUS_FULL_TIME
Bundesliga,2022-2023,2022-11-12 14:30:00,Bayer Leverkusen,VfB Stuttgart,2,0,1.88305,0.277105,14.0,10.23076923076923,2.6729000000000003,0.19940000000000002,STATUS_FULL_TIME
Bundesliga,2022-2023,2022-11-12 14:30:00,Hertha Berlin,FC Cologne,2,0,2.13441,1.93705,9.652173913043478,9.65,1.4996,1.2341,STATUS_FULL_TIME
Bundesliga,2022-2023,2022-11-12 14:30:00,Hoffenheim,Wolfsburg,1,2,1.42352,0.94899,6.458333333333333,24.8,1.7034999999999998,1.0117,STATUS_FULL_TIME
Bundesliga,2022-2023,2022-11-12 17:30:00,Schalke 04,Bayern Munich,0,2,0.891772,1.65233,20.68421052631579,11.285714285714286,0.768,1.9716,STATUS_FULL_TIME
Bundesliga,2022-2023,2022-11-12 14:30:00,Werder Bremen,RasenBallsport Leipzig,1,2,1.03468,2.1323,15.789473684210526,25.545454545454547,0.5537,2.2178,STATUS_FULL_TIME
Bundesliga,2022-2023,2022-11-13 16:30:00,Freiburg,Union Berlin,4,1,2.69015,1.65553,9.75,42.81818181818182,2.25,0.5163,STATUS_FULL_TIME
Bundesliga,2022-2023,2022-11-13 14:30:00,Mainz 05,Eintracht Frankfurt,1,1,1.78634,1.39797,18.38888888888889,10.538461538461538,1.6724999999999999,0.9666,STATUS_FULL_TIME
Bundesliga,2022-2023,2023-01-20 19:30:00,RasenBallsport Leipzig,Bayern Munich,1,1,1.03072,0.813529,8.651162790697674,9.37037037037037,1.5543,1.0569,STATUS_FULL_TIME
Bundesliga,2022-2023,2023-01-21 14:30:00,Bochum,Hertha Berlin,3,1,1.67446,0.732458,6.12,8.35,2.17,0.6004,STATUS_FULL_TIME
Bundesliga,2022-2023,2023-01-21 14:30:00,Eintracht Frankfurt,Schalke 04,3,0,1.68109,2.37825,11.92,6.392857142857143,0.9204000000000001,1.8611999999999997,STATUS_FULL_TIME
Bundesliga,2022-2023,2023-01-21 17:30:00,FC Cologne,Werder Bremen,7,1,3.1904,0.252782,14.434782608695652,8.59375,2.8993999999999995,0.0605,STATUS_FULL_TIME
Bundesliga,2022-2023,2023-01-21 14:30:00,Union Berlin,Hoffenheim,3,1,2.48055,0.966541,11.454545454545455,18.071428571428573,2.4657,0.38160000000000005,STATUS_FULL_TIME
Bundesliga,2022-2023,2023-01-21 14:30:00,VfB Stuttgart,Mainz 05,1,1,1.8803,1.38032,8.35483870967742,14.791666666666666,1.7372999999999998,0.9875999999999999,STATUS_FULL_TIME
Bundesliga,2022-2023,2023-01-21 14:30:00,Wolfsburg,Freiburg,6,0,2.88084,0.808738,12.181818181818182,22.066666666666666,2.677,0.2215,STATUS_FULL_TIME
Bundesliga,2022-2023,2023-01-22 14:30:00,Borussia Dortmund,Augsburg,4,3,3.27016,1.92914,8.4,16.428571428571427,2.1848,0.6533,STATUS_FULL_TIME
Bundesliga,2022-2023,2023-01-22 16:30:00,Borussia M.Gladbach,Bayer Leverkusen,2,3,0.993895,1.68471,9.258064516129032,24.833333333333332,0.8343,1.9104,STATUS_FULL_TIME
Bundesliga,2022-2023,2023-01-24 19:30:00,Bayern Munich,FC Cologne,1,1,1.4893,0.782641,4.761904761904762,16.20689655172414,1.8948,0.804,STATUS_FULL_TIME
Bundesliga,2022-2023,2023-01-24 19:30:00,Hertha Berlin,Wolfsburg,0,5,0.572863,2.94882,10.857142857142858,7.125,0.1354,2.7865,STATUS_FULL_TIME
Bundesliga,2022-2023,2023-01-24 19:30:00,Hoffenheim,VfB Stuttgart,2,2,1.82139,0.658333,8.548387096774194,28.0,2.2760000000000002,0.512,STATUS_FULL_TIME
Bundesliga,2022-2023,2023-01-24 17:30:00,Schalke 04,RasenBallsport Leipzig,1,6,0.503614,4.23438,13.75,10.0,0.028,2.9539,STATUS_FULL_TIME
Bundesliga,2022-2023,2023-01-25 19:30:00,Augsburg,Borussia M.Gladbach,1,0,0.869679,0.512384,19.9375,12.0,1.5892000000000002,1.0264,STATUS_FULL_TIME
Bundesliga,2022-2023,2023-01-25 19:30:00,Bayer Leverkusen,Bochum,2,0,1.8906,0.821758,11.384615384615385,8.466666666666667,2.253,0.5327999999999999,STATUS_FULL_TIME
Bundesliga,2022-2023,2023-01-25 19:30:00,Freiburg,Eintracht Frankfurt,1,1,1.78609,0.261869,11.892857142857142,8.434782608695652,2.6035,0.2407,STATUS_FULL_TIME
Bundesliga,2022-2023,2023-01-25 17:30:00,Mainz 05,Borussia Dortmund,1,2,0.84968,1.15874,12.3,11.052631578947368,1.0599,1.6392,STATUS_FULL_TIME
Bundesliga,2022-2023,2023-01-25 19:30:00,Werder Bremen,Union Berlin,1,2,0.566574,1.05412,16.384615384615383,12.958333333333334,0.8876999999999999,1.7834999999999999,STATUS_FULL_TIME
Bundesliga,2022-2023,2023-01-27 19:30:00,RasenBallsport Leipzig,VfB Stuttgart,2,1,1.59146,1.86965,11.225806451612904,21.72222222222222,1.1446,1.585,STATUS_FULL_TIME
Bundesliga,2022-2023,2023-01-28 17:30:00,Bayern Munich,Eintracht Frankfurt,1,1,1.38005,0.882875,8.375,22.05,1.7749,0.9328,STATUS_FULL_TIME
Bundesliga,2022-2023,2023-01-28 14:30:00,Freiburg,Augsburg,3,1,1.92228,2.00438,10.916666666666666,9.272727272727273,1.2893999999999999,1.4424000000000001,STATUS_FULL_TIME
Bundesliga,2022-2023,2023-01-28 14:30:00,Hertha Berlin,Union Berlin,0,2,0.46457,0.884274,9.88888888888889,6.758620689655173,0.8271999999999999,1.8139,STATUS_FULL_TIME
Bundesliga,2022-2023,2023-01-28 14:30:00,Hoffenheim,Borussia M.Gladbach,1,4,1.96043,1.79941,8.419354838709678,12.0,1.4776000000000002,1.2328000000000001,STATUS_FULL_TIME
Bundesliga,2022-2023,2023-01-28 14:30:00,Mainz 05,Bochum,5,2,2.86841,0.912111,9.346153846153847,9.533333333333333,2.6492999999999998,0.24270000000000003,STATUS_FULL_TIME
Bundesliga,2022-2023,2023-01-28 14:30:00,Werder Bremen,Wolfsburg,2,1,1.80059,0.696581,10.107142857142858,9.5,2.2648,0.5104,STATUS_FULL_TIME
Bundesliga,2022-2023,2023-01-29 16:30:00,Bayer Leverkusen,Borussia Dortmund,0,2,1.84499,0.977834,12.227272727272727,9.6,2.0156,0.7331000000000001,STATUS_FULL_TIME
Bundesliga,2022-2023,2023-01-29 14:30:00,Schalke 04,FC Cologne,0,0,1.11694,0.329216,8.043478260869565,9.85,2.098,0.5896,STATUS_FULL_TIME
Bundesliga,2022-2023,2023-02-03 19:30:00,Augsburg,Bayer Leverkusen,1,0,0.924397,0.461505,10.628571428571428,10.666666666666666,1.8034,0.8449,STATUS_FULL_TIME
Bundesliga,2022-2023,2023-02-04 14:30:00,Bochum,Hoffenheim,5,2,2.74719,0.82308,7.407407407407407,7.5,2.6117,0.2636,STATUS_FULL_TIME
Bundesliga,2022-2023,2023-02-04 14:30:00,Borussia Dortmund,Freiburg,5,1,2.10421,0.243795,4.956521739130435,21.6,2.6547,0.2115,STATUS_FULL_TIME
Bundesliga,2022-2023,2023-02-04 17:30:00,Borussia M.Gladbach,Schalke 04,0,0,1.12913,1.18272,14.3125,7.555555555555555,1.3098,1.3869000000000002,STATUS_FULL_TIME
Bundesliga,2022-2023,2023-02-04 14:30:00,Eintracht Frankfurt,Hertha Berlin,3,0,2.00234,0.93959,12.65,16.16,2.2219,0.5743,STATUS_FULL_TIME
Bundesliga,2022-2023,2023-02-04 14:30:00,FC Cologne,RasenBallsport Leipzig,0,0,0.607143,1.00025,12.821428571428571,9.208333333333334,0.9519,1.6989,STATUS_FULL_TIME
Bundesliga,2022-2023,2023-02-04 14:30:00,Union Berlin,Mainz 05,2,1,0.978155,1.09283,12.777777777777779,14.066666666666666,1.1693,1.4297,STATUS_FULL_TIME
Bundesliga,2022-2023,2023-02-05 14:30:00,VfB Stuttgart,Werder Bremen,0,2,1.48817,0.45062,13.8125,9.4375,2.261,0.5086999999999999,STATUS_FULL_TIME
Bundesliga,2022-2023,2023-02-05 16:30:00,Wolfsburg,Bayern Munich,2,4,2.39463,0.568665,8.263157894736842,21.615384615384617,2.5768,0.2854,STATUS_FULL_TIME
Bundesliga,2022-2023,2023-02-10 19:30:00,Schalke 04,Wolfsburg,0,0,0.999355,1.39713,7.8125,5.565217391304348,0.9653,1.7444,STATUS_FULL_TIME
Bundesliga,2022-2023,2023-02-11 14:30:00,Bayern Munich,Bochum,3,0,4.37602,0.242356,12.846153846153847,10.088235294117647,2.9791000000000003,0.012400000000000001,STATUS_FULL_TIME
Bundesliga,2022-2023,2023-02-11 14:30:00,Freiburg,VfB Stuttgart,2,1,2.21054,1.02739,11.043478260869565,19.846153846153847,2.35,0.4675,STATUS_FULL_TIME
Bundesliga,2022-2023,2023-02-11 14:30:00,Hoffenheim,Bayer Leverkusen,1,3,0.781599,1.47655,8.432432432432432,11.692307692307692,0.7717,1.9566999999999999,STATUS_FULL_TIME
Bundesliga,2022-2023,2023-02-11 14:30:00,Mainz 05,Augsburg,3,1,4.00745,1.45453,6.296296296296297,9.833333333333334,2.7439,0.1807,STATUS_FULL_TIME
Bundesliga,2022-2023,2023-02-11 17:30:00,RasenBallsport Leipzig,Union Berlin,1,2,0.891399,1.04126,12.857142857142858,17.625,1.1282999999999999,1.4834999999999998,STATUS_FULL_TIME
Bundesliga,2022-2023,2023-02-11 14:30:00,Werder Bremen,Borussia Dortmund,0,2,0.587473,2.66556,14.636363636363637,10.285714285714286,0.19480000000000003,2.7058,STATUS_FULL_TIME
Bundesliga,2022-2023,2023-02-12 16:30:00,FC Cologne,Eintracht Frankfurt,3,0,1.72186,0.368809,10.363636363636363,14.352941176470589,2.5470000000000006,0.2877,STATUS_FULL_TIME
Bundesliga,2022-2023,2023-02-12 14:30:00,Hertha Berlin,Borussia M.Gladbach,4,1,2.64788,0.421257,11.275,6.1,2.797,0.1282,STATUS_FULL_TIME
Bundesliga,2022-2023,2023-02-17 19:30:00,Augsburg,Hoffenheim,1,0,1.48158,0.446218,11.291666666666666,10.777777777777779,2.4422,0.34940000000000004,STATUS_FULL_TIME
Bundesliga,2022-2023,2023-02-18 14:30:00,Bochum,Freiburg,0,2,1.40839,2.39926,5.542857142857143,5.892857142857143,0.7332,2.0589,STATUS_FULL_TIME
Bundesliga,2022-2023,2023-02-18 14:30:00,Borussia M.Gladbach,Bayern Munich,3,2,2.26574,1.22226,8.052631578947368,17.7,2.1087000000000002,0.6869999999999999,STATUS_FULL_TIME
Bundesliga,2022-2023,2023-02-18 17:30:00,Eintracht Frankfurt,Werder Bremen,2,0,2.08148,0.150794,14.137931034482758,13.291666666666666,2.7762999999999995,0.13119999999999998,STATUS_FULL_TIME
Bundesliga,2022-2023,2023-02-18 14:30:00,VfB Stuttgart,FC Cologne,3,0,1.69842,0.452073,12.272727272727273,7.071428571428571,2.3712,0.426,STATUS_FULL_TIME
Bundesliga,2022-2023,2023-02-18 14:30:00,Wolfsburg,RasenBallsport Leipzig,0,3,0.26411,3.04805,12.448275862068966,8.588235294117647,0.06720000000000001,2.8887,STATUS_FULL_TIME
Bundesliga,2022-2023,2023-02-19 18:30:00,Bayer Leverkusen,Mainz 05,2,3,3.01434,2.00397,5.764705882352941,9.575757575757576,2.0745,0.7263,STATUS_FULL_TIME
Bundesliga,2022-2023,2023-02-19 16:30:00,Borussia Dortmund,Hertha Berlin,4,1,2.34937,1.41428,9.19047619047619,14.041666666666666,2.0869,0.6961,STATUS_FULL_TIME
Bundesliga,2022-2023,2023-02-19 14:30:00,Union Berlin,Schalke 04,0,0,0.827192,0.385916,6.1875,9.85,1.8082,0.8113,STATUS_FULL_TIME
Bundesliga,2022-2023,2023-02-24 19:30:00,Mainz 05,Borussia M.Gladbach,4,0,2.95117,0.718556,10.538461538461538,12.75,2.7363,0.177,STATUS_FULL_TIME
Bundesliga,2022-2023,2023-02-25 14:30:00,FC Cologne,Wolfsburg,0,2,1.03484,1.00016,7.076923076923077,10.884615384615385,1.3075999999999999,1.3394,STATUS_FULL_TIME
Bundesliga,2022-2023,2023-02-25 14:30:00,Hertha Berlin,Augsburg,2,0,0.452901,0.405958,7.5,6.208333333333333,1.2938999999999998,1.1991,STATUS_FULL_TIME
Bundesliga,2022-2023,2023-02-25 14:30:00,Hoffenheim,Borussia Dortmund,0,1,0.873677,2.75881,8.129032258064516,10.61111111111111,0.3067,2.56,STATUS_FULL_TIME
Bundesliga,2022-2023,2023-02-25 14:30:00,RasenBallsport Leipzig,Eintracht Frankfurt,2,1,1.89992,0.85563,14.761904761904763,8.880952380952381,2.1755000000000004,0.6167,STATUS_FULL_TIME
Bundesliga,2022-2023,2023-02-25 17:30:00,Schalke 04,VfB Stuttgart,2,1,1.86618,1.66843,14.095238095238095,4.62962962962963,1.5262,1.2079,STATUS_FULL_TIME
Bundesliga,2022-2023,2023-02-25 14:30:00,Werder Bremen,Bochum,3,0,1.17524,0.396228,6.954545454545454,8.764705882352942,2.0649,0.6258,STATUS_FULL_TIME
Bundesliga,2022-2023,2023-02-26 16:30:00,Bayern Munich,Union Berlin,3,0,3.86403,0.212984,6.666666666666667,26.5625,2.9632,0.021400000000000002,STATUS_FULL_TIME
Bundesliga,2022-2023,2023-02-26 14:30:00,Freiburg,Bayer Leverkusen,1,1,1.288,2.0609,12.655172413793103,11.571428571428571,0.774,1.9605,STATUS_FULL_TIME
Bundesliga,2022-2023,2023-03-03 19:30:00,Borussia Dortmund,RasenBallsport Leipzig,2,1,1.12897,2.19847,20.11764705882353,6.764705882352941,0.5574,2.2128,STATUS_FULL_TIME
Bundesliga,2022-2023,2023-03-04 14:30:00,Augsburg,Werder Bremen,2,1,0.493189,1.68845,17.105263157894736,9.043478260869565,0.4988,2.2781000000000002,STATUS_FULL_TIME
Bundesliga,2022-2023,2023-03-04 14:30:00,Bochum,Schalke 04,0,2,0.926001,0.873349,3.0,11.38888888888889,1.4083999999999999,1.2269,STATUS_FULL_TIME
Bundesliga,2022-2023,2023-03-04 14:30:00,Borussia M.Gladbach,Freiburg,0,0,1.11415,0.286316,15.333333333333334,13.869565217391305,2.174,0.5321,STATUS_FULL_TIME
Bundesliga,2022-2023,2023-03-04 14:30:00,Mainz 05,Hoffenheim,1,0,1.03595,0.616344,7.88,6.0,1.7051,0.9638,STATUS_FULL_TIME
Bundesliga,2022-2023,2023-03-04 14:30:00,Union Berlin,FC Cologne,0,0,0.456889,0.798698,14.545454545454545,12.307692307692308,0.9333,1.6755,STATUS_FULL_TIME
Bundesliga,2022-2023,2023-03-04 17:30:00,VfB Stuttgart,Bayern Munich,1,2,0.596921,2.55612,14.555555555555555,9.166666666666666,0.24059999999999998,2.6451000000000002,STATUS_FULL_TIME
Bundesliga,2022-2023,2023-03-05 14:30:00,Bayer Leverkusen,Hertha Berlin,4,1,2.2646,0.957931,12.714285714285714,17.68,2.3497999999999997,0.4484,STATUS_FULL_TIME
Bundesliga,2022-2023,2023-03-05 16:30:00,Wolfsburg,Eintracht Frankfurt,2,2,1.7728,1.18348,14.0625,13.727272727272727,1.8229000000000002,0.9172,STATUS_FULL_TIME
Bundesliga,2022-2023,2023-03-10 19:30:00,FC Cologne,Bochum,0,2,0.585398,1.73391,6.15,13.894736842105264,0.4337,2.3735,STATUS_FULL_TIME
Bundesliga,2022-2023,2023-03-11 14:30:00,Bayern Munich,Augsburg,5,3,2.49393,2.48124,7.75,13.615384615384615,1.3866,1.3884,STATUS_FULL_TIME
Bundesliga,2022-2023,2023-03-11 14:30:00,Eintracht Frankfurt,VfB Stuttgart,1,1,0.525223,0.434277,8.96774193548387,10.727272727272727,1.3689,1.1585999999999999,STATUS_FULL_TIME
Bundesliga,2022-2023,2023-03-11 14:30:00,Hertha Berlin,Mainz 05,1,1,1.61723,0.388401,13.647058823529411,4.32,2.4758,0.33740000000000003,STATUS_FULL_TIME
Bundesliga,2022-2023,2023-03-11 14:30:00,RasenBallsport Leipzig,Borussia M.Gladbach,3,0,2.26747,1.44596,8.75,24.1875,2.0254000000000003,0.7363,STATUS_FULL_TIME
Bundesliga,2022-2023,2023-03-11 17:30:00,Schalke 04,Borussia Dortmund,2,2,1.52455,1.2204,10.15625,8.61111111111111,1.6999,1.0072,STATUS_FULL_TIME
Bundesliga,2022-2023,2023-03-12 14:30:00,Freiburg,Hoffenheim,2,1,0.452025,1.16149,7.136363636363637,9.482758620689655,0.6817,2.0077,STATUS_FULL_TIME
Bundesliga,2022-2023,2023-03-12 16:30:00,Werder Bremen,Bayer Leverkusen,2,3,1.70833,1.21761,9.206896551724139,30.7,1.7944,0.9316,STATUS_FULL_TIME
Bundesliga,2022-2023,2023-03-12 18:30:00,Wolfsburg,Union Berlin,1,1,1.33065,1.22513,12.357142857142858,17.88235294117647,1.4124999999999999,1.2763,STATUS_FULL_TIME
Bundesliga,2022-2023,2023-03-17 19:30:00,Borussia M.Gladbach,Werder Bremen,2,2,3.68386,0.764773,7.916666666666667,13.916666666666666,2.8435,0.1078,STATUS_FULL_TIME
Bundesliga,2022-2023,2023-03-18 14:30:00,Augsburg,Schalke 04,1,1,0.395653,1.68365,7.363636363636363,3.7666666666666666,0.3435,2.4642,STATUS_FULL_TIME
Bundesliga,2022-2023,2023-03-18 14:30:00,Bochum,RasenBallsport Leipzig,1,0,1.31052,1.92026,12.615384615384615,9.0625,0.9555,1.7724,STATUS_FULL_TIME
Bundesliga,2022-2023,2023-03-18 17:30:00,Borussia Dortmund,FC Cologne,6,1,3.37102,1.46899,13.227272727272727,17.571428571428573,2.6132,0.2714,STATUS_FULL_TIME
Bundesliga,2022-2023,2023-03-18 14:30:00,Hoffenheim,Hertha Berlin,3,1,2.61296,0.807728,9.68421052631579,10.5,2.6346,0.2535,STATUS_FULL_TIME
Bundesliga,2022-2023,2023-03-18 14:30:00,VfB Stuttgart,Wolfsburg,0,1,0.471275,0.6744,7.7407407407407405,14.619047619047619,1.0703,1.5128000000000001,STATUS_FULL_TIME
Bundesliga,2022-2023,2023-03-19 16:30:00,Bayer Leverkusen,Bayern Munich,2,1,1.85014,1.10651,17.333333333333332,6.82051282051282,2.0545999999999998,0.7003999999999999,STATUS_FULL_TIME
Bundesliga,2022-2023,2023-03-19 18:30:00,Mainz 05,Freiburg,1,1,1.57837,1.35257,7.1,9.421052631578947,1.5257,1.1834,STATUS_FULL_TIME
Bundesliga,2022-2023,2023-03-19 14:30:00,Union Berlin,Eintracht Frankfurt,2,0,1.23036,2.20535,9.064516129032258,9.533333333333333,0.6950000000000001,2.0852000000000004,STATUS_FULL_TIME
Bundesliga,2022-2023,2023-03-31 19:30:00,Eintracht Frankfurt,Bochum,1,1,3.09855,1.15016,4.809523809523809,18.166666666666668,2.5962,0.276,STATUS_FULL_TIME
Bundesliga,2022-2023,2023-04-01 16:30:00,Bayern Munich,Borussia Dortmund,4,2,3.10094,1.57525,12.76923076923077,16.454545454545453,2.4426,0.40349999999999997,STATUS_FULL_TIME
Bundesliga,2022-2023,2023-04-01 13:30:00,Freiburg,Hertha Berlin,1,1,0.862445,2.08511,12.944444444444445,18.133333333333333,0.542,2.2652,STATUS_FULL_TIME
Bundesliga,2022-2023,2023-04-01 13:30:00,RasenBallsport Leipzig,Mainz 05,0,3,0.584058,2.54838,8.058823529411764,15.846153846153847,0.23859999999999998,2.6446,STATUS_FULL_TIME
Bundesliga,2022-2023,2023-04-01 13:30:00,Schalke 04,Bayer Leverkusen,0,3,0.976664,3.28042,5.45945945945946,10.555555555555555,0.16570000000000001,2.7517000000000005,STATUS_FULL_TIME
Bundesliga,2022-2023,2023-04-01 13:30:00,Union Berlin,VfB Stuttgart,3,0,1.70372,2.62164,27.5,9.125,0.778,2.0011,STATUS_FULL_TIME
Bundesliga,2022-2023,2023-04-01 13:30:00,Wolfsburg,Augsburg,2,2,3.93815,0.918055,9.25,21.31578947368421,2.8499999999999996,0.09870000000000001,STATUS_FULL_TIME
Bundesliga,2022-2023,2023-04-02 13:30:00,FC Cologne,Borussia M.Gladbach,0,0,1.05192,0.520471,6.888888888888889,32.125,1.8226999999999998,0.8414,STATUS_FULL_TIME
Bundesliga,2022-2023,2023-04-02 15:30:00,Werder Bremen,Hoffenheim,1,2,0.67338,1.63673,10.833333333333334,8.852941176470589,0.5858,2.186,STATUS_FULL_TIME
Bundesliga,2022-2023,2023-04-08 13:30:00,Augsburg,FC Cologne,1,3,0.941865,2.0605,17.75,13.88888888888889,0.5021,2.2742,STATUS_FULL_TIME
Bundesliga,2022-2023,2023-04-08 13:30:00,Bayer Leverkusen,Eintracht Frankfurt,3,1,2.35055,0.7609,14.307692307692308,10.8,2.4597,0.378,STATUS_FULL_TIME
Bundesliga,2022-2023,2023-04-08 13:30:00,Borussia Dortmund,Union Berlin,2,1,2.5021,0.522776,14.076923076923077,14.652173913043478,2.7439999999999998,0.1595,STATUS_FULL_TIME
Bundesliga,2022-2023,2023-04-08 13:30:00,Freiburg,Bayern Munich,0,1,1.0909,3.09211,18.571428571428573,6.666666666666667,0.3245,2.5435999999999996,STATUS_FULL_TIME
Bundesliga,2022-2023,2023-04-08 16:30:00,Hertha Berlin,RasenBallsport Leipzig,0,1,0.503827,2.57231,10.758620689655173,5.238095238095238,0.1396,2.7805,STATUS_FULL_TIME
Bundesliga,2022-2023,2023-04-08 13:30:00,Mainz 05,Werder Bremen,2,2,1.98671,1.08214,11.391304347826088,8.846153846153847,2.0756,0.6929,STATUS_FULL_TIME
Bundesliga,2022-2023,2023-04-09 15:30:00,Bochum,VfB Stuttgart,2,3,2.22259,2.37385,4.914285714285715,26.90909090909091,1.2631000000000001,1.4656000000000002,STATUS_FULL_TIME
Bundesliga,2022-2023,2023-04-09 13:30:00,Borussia M.Gladbach,Wolfsburg,2,0,1.55684,1.22997,12.173913043478262,7.37037037037037,1.6440000000000001,1.0587,STATUS_FULL_TIME
Bundesliga,2022-2023,2023-04-09 17:30:00,Hoffenheim,Schalke 04,2,0,2.17705,0.561062,8.523809523809524,5.2,2.564,0.2897,STATUS_FULL_TIME
Bundesliga,2022-2023,2023-04-14 18:30:00,Schalke 04,Hertha Berlin,5,2,2.09935,1.12148,6.368421052631579,5.458333333333333,2.1182,0.6545000000000001,STATUS_FULL_TIME
Bundesliga,2022-2023,2023-04-15 13:30:00,Bayern Munich,Hoffenheim,1,1,1.88997,0.27365,7.916666666666667,16.772727272727273,2.5904,0.2579,STATUS_FULL_TIME
Bundesliga,2022-2023,2023-04-15 16:30:00,Eintracht Frankfurt,Borussia M.Gladbach,1,1,2.17369,0.640098,8.272727272727273,40.857142857142854,2.4805,0.35140000000000005,STATUS_FULL_TIME
Bundesliga,2022-2023,2023-04-15 13:30:00,FC Cologne,Mainz 05,1,1,0.937521,0.762976,12.4,11.666666666666666,1.4343,1.1886,STATUS_FULL_TIME
Bundesliga,2022-2023,2023-04-15 13:30:00,RasenBallsport Leipzig,Augsburg,3,2,1.13772,0.864778,12.173913043478262,18.09090909090909,1.5763,1.111,STATUS_FULL_TIME
Bundesliga,2022-2023,2023-04-15 13:30:00,VfB Stuttgart,Borussia Dortmund,3,3,1.34955,1.52309,34.09090909090909,10.92,1.2239,1.4936,STATUS_FULL_TIME
Bundesliga,2022-2023,2023-04-16 15:30:00,Union Berlin,Bochum,1,1,1.05608,1.51987,15.833333333333334,10.625,0.9262,1.7575,STATUS_FULL_TIME
Bundesliga,2022-2023,2023-04-16 13:30:00,Werder Bremen,Freiburg,1,2,1.43107,0.473775,12.954545454545455,9.846153846153847,2.2724,0.4928,STATUS_FULL_TIME
Bundesliga,2022-2023,2023-04-16 17:30:00,Wolfsburg,Bayer Leverkusen,0,0,0.616929,0.992006,15.26923076923077,9.75,0.9805,1.6837,STATUS_FULL_TIME
Bundesliga,2022-2023,2023-04-21 18:30:00,Augsburg,VfB Stuttgart,1,1,0.729024,1.17537,11.333333333333334,9.142857142857142,0.7326,1.8246000000000002,STATUS_FULL_TIME
Bundesliga,2022-2023,2023-04-22 13:30:00,Bochum,Wolfsburg,1,5,2.7745,3.34214,4.4,13.166666666666666,0.9866000000000001,1.796,STATUS_FULL_TIME
Bundesliga,2022-2023,2023-04-22 16:30:00,Borussia Dortmund,Eintracht Frankfurt,4,0,1.43834,0.452485,10.045454545454545,9.1875,2.1792000000000002,0.5676,STATUS_FULL_TIME
Bundesliga,2022-2023,2023-04-22 13:30:00,Hertha Berlin,Werder Bremen,2,4,1.67149,2.33844,7.875,9.392857142857142,0.9063000000000001,1.8653999999999997,STATUS_FULL_TIME
Bundesliga,2022-2023,2023-04-22 13:30:00,Hoffenheim,FC Cologne,1,3,0.776652,2.07085,11.368421052631579,17.5,0.4489,2.3686000000000003,STATUS_FULL_TIME
Bundesliga,2022-2023,2023-04-22 13:30:00,Mainz 05,Bayern Munich,3,1,1.29569,2.70283,10.717948717948717,7.285714285714286,0.4688,2.3567,STATUS_FULL_TIME
Bundesliga,2022-2023,2023-04-23 15:30:00,Bayer Leverkusen,RasenBallsport Leipzig,2,0,1.03404,2.11824,22.6,11.0,0.5498000000000001,2.2163000000000004,STATUS_FULL_TIME
Bundesliga,2022-2023,2023-04-23 17:30:00,Borussia M.Gladbach,Union Berlin,0,1,0.40847,1.21726,25.8,39.45454545454545,0.6408,2.0652,STATUS_FULL_TIME
Bundesliga,2022-2023,2023-04-23 13:30:00,Freiburg,Schalke 04,4,0,2.63573,0.388444,14.722222222222221,11.4375,2.7427,0.16599999999999998,STATUS_FULL_TIME
Bundesliga,2022-2023,2023-04-28 18:30:00,Bochum,Borussia Dortmund,1,1,0.57291,2.93268,11.391304347826088,9.153846153846153,0.139,2.7874,STATUS_FULL_TIME
Bundesliga,2022-2023,2023-04-29 13:30:00,Eintracht Frankfurt,Augsburg,1,1,0.526804,0.461266,10.38888888888889,19.0625,1.3274,1.202,STATUS_FULL_TIME
Bundesliga,2022-2023,2023-04-29 13:30:00,FC Cologne,Freiburg,0,1,1.47854,1.3678,8.25,16.571428571428573,1.4265999999999999,1.2907,STATUS_FULL_TIME
Bundesliga,2022-2023,2023-04-29 13:30:00,RasenBallsport Leipzig,Hoffenheim,1,0,1.70758,0.217156,16.785714285714285,9.971428571428572,2.5617,0.26639999999999997,STATUS_FULL_TIME
Bundesliga,2022-2023,2023-04-29 16:30:00,Schalke 04,Werder Bremen,2,1,1.24953,1.48812,8.130434782608695,10.391304347826088,1.1548,1.5703,STATUS_FULL_TIME
Bundesliga,2022-2023,2023-04-29 13:30:00,Union Berlin,Bayer Leverkusen,0,0,0.580861,0.550938,16.75,13.692307692307692,1.3186,1.2517,STATUS_FULL_TIME
Bundesliga,2022-2023,2023-04-29 13:30:00,VfB Stuttgart,Borussia M.Gladbach,2,1,2.73645,1.2489,25.25,11.090909090909092,2.5176000000000003,0.3207,STATUS_FULL_TIME
Bundesliga,2022-2023,2023-04-30 13:30:00,Bayern Munich,Hertha Berlin,2,0,2.92722,0.0835934,4.15,25.285714285714285,2.9232,0.0429,STATUS_FULL_TIME
Bundesliga,2022-2023,2023-04-30 15:30:00,Wolfsburg,Mainz 05,3,0,1.44113,1.44665,13.045454545454545,10.607142857142858,1.3601999999999999,1.3563,STATUS_FULL_TIME
Bundesliga,2022-2023,2023-05-05 18:30:00,Bayer Leverkusen,FC Cologne,1,2,0.724879,1.02795,9.75,14.533333333333333,1.0369,1.6320999999999999,STATUS_FULL_TIME
Bundesliga,2022-2023,2023-05-05 18:30:00,Mainz 05,Schalke 04,2,3,0.990997,3.14666,6.6521739130434785,20.818181818181817,0.193,2.7118,STATUS_FULL_TIME
Bundesliga,2022-2023,2023-05-06 13:30:00,Augsburg,Union Berlin,1,0,1.00945,0.485635,17.0,8.55,1.8031000000000001,0.8551,STATUS_FULL_TIME
Bundesliga,2022-2023,2023-05-06 13:30:00,Borussia M.Gladbach,Bochum,2,0,2.31852,0.921673,14.5,11.941176470588236,2.2895999999999996,0.5253,STATUS_FULL_TIME
Bundesliga,2022-2023,2023-05-06 13:30:00,Freiburg,RasenBallsport Leipzig,0,1,0.150751,1.89448,19.533333333333335,11.4375,0.1495,2.7438999999999996,STATUS_FULL_TIME
Bundesliga,2022-2023,2023-05-06 13:30:00,Hertha Berlin,VfB Stuttgart,2,1,1.4984,1.08971,25.0,4.481481481481482,1.7237,0.9749,STATUS_FULL_TIME
Bundesliga,2022-2023,2023-05-06 13:30:00,Hoffenheim,Eintracht Frankfurt,3,1,2.13012,2.41375,13.944444444444445,6.45,1.1732,1.5665,STATUS_FULL_TIME
Bundesliga,2022-2023,2023-05-06 16:30:00,Werder Bremen,Bayern Munich,1,2,0.805974,2.02292,14.44,7.260869565217392,0.5176000000000001,2.2933,STATUS_FULL_TIME
Bundesliga,2022-2023,2023-05-07 15:30:00,Borussia Dortmund,Wolfsburg,6,0,5.13701,0.946113,8.73076923076923,10.444444444444445,2.9619,0.0252,STATUS_FULL_TIME
Bundesliga,2022-2023,2023-05-12 18:30:00,FC Cologne,Hertha Berlin,5,2,4.72652,1.11757,6.615384615384615,11.37037037037037,2.8996999999999997,0.0686,STATUS_FULL_TIME
Bundesliga,2022-2023,2023-05-13 13:30:00,Bayern Munich,Schalke 04,6,0,5.05599,0.33961,8.8,18.666666666666668,2.9925,0.0048000000000000004,STATUS_FULL_TIME
Bundesliga,2022-2023,2023-05-13 13:30:00,Bochum,Augsburg,3,2,1.32347,1.32904,5.0,7.0,1.3598,1.3306999999999998,STATUS_FULL_TIME
Bundesliga,2022-2023,2023-05-13 16:30:00,Borussia Dortmund,Borussia M.Gladbach,5,2,6.24513,1.63094,13.956521739130435,14.25,2.9747,0.0161,STATUS_FULL_TIME
Bundesliga,2022-2023,2023-05-13 13:30:00,Eintracht Frankfurt,Mainz 05,3,0,2.03828,0.944589,23.0,20.928571428571427,2.2036000000000002,0.5751999999999999,STATUS_FULL_TIME
Bundesliga,2022-2023,2023-05-13 13:30:00,Union Berlin,Freiburg,4,2,1.44733,2.08886,17.263157894736842,7.526315789473684,0.8408,1.9102999999999999,STATUS_FULL_TIME
Bundesliga,2022-2023,2023-05-13 13:30:00,Wolfsburg,Hoffenheim,2,1,0.971216,0.758147,10.826086956521738,9.75,1.5516999999999999,1.1065,STATUS_FULL_TIME
Bundesliga,2022-2023,2023-05-14 15:30:00,RasenBallsport Leipzig,Werder Bremen,2,1,1.7972,1.17378,8.24,22.733333333333334,1.8300999999999998,0.907,STATUS_FULL_TIME
Bundesliga,2022-2023,2023-05-14 13:30:00,VfB Stuttgart,Bayer Leverkusen,1,1,1.42711,1.57634,32.0,15.826086956521738,1.1938,1.4707,STATUS_FULL_TIME
Bundesliga,2022-2023,2023-05-19 18:30:00,Freiburg,Wolfsburg,2,0,1.44647,0.658973,11.833333333333334,9.08,2.0222,0.6998,STATUS_FULL_TIME
Bundesliga,2022-2023,2023-05-20 16:30:00,Bayern Munich,RasenBallsport Leipzig,1,3,1.63955,2.63992,11.75,11.181818181818182,0.7126,2.0866000000000002,STATUS_FULL_TIME
Bundesliga,2022-2023,2023-05-20 13:30:00,Hertha Berlin,Bochum,1,1,1.36159,1.65012,10.384615384615385,6.2,1.1325,1.6014,STATUS_FULL_TIME
Bundesliga,2022-2023,2023-05-20 13:30:00,Hoffenheim,Union Berlin,4,2,2.49016,1.67535,13.142857142857142,9.478260869565217,1.9969999999999999,0.7871,STATUS_FULL_TIME
Bundesliga,2022-2023,2023-05-20 13:30:00,Schalke 04,Eintracht Frankfurt,2,2,1.13388,1.36879,7.2592592592592595,7.090909090909091,1.0791,1.5975000000000001,STATUS_FULL_TIME
Bundesliga,2022-2023,2023-05-20 13:30:00,Werder Bremen,FC Cologne,1,1,1.96517,1.85587,17.941176470588236,15.466666666666667,1.432,1.3024,STATUS_FULL_TIME
Bundesliga,2022-2023,2023-05-21 15:30:00,Augsburg,Borussia Dortmund,0,3,0.407359,3.88007,13.333333333333334,11.277777777777779,0.0389,2.9356999999999998,STATUS_FULL_TIME
Bundesliga,2022-2023,2023-05-21 17:30:00,Bayer Leverkusen,Borussia M.Gladbach,2,2,1.89906,2.06056,28.25,11.416666666666666,1.2258,1.5095999999999998,STATUS_FULL_TIME
Bundesliga,2022-2023,2023-05-21 13:30:00,Mainz 05,VfB Stuttgart,1,4,1.41611,1.40314,12.76,15.647058823529411,1.3056999999999999,1.3483,STATUS_FULL_TIME
Bundesliga,2022-2023,2023-05-27 13:30:00,Bochum,Bayer Leverkusen,3,0,1.56183,0.863964,3.65,11.538461538461538,1.9144,0.8242,STATUS_FULL_TIME
Bundesliga,2022-2023,2023-05-27 13:30:00,Borussia Dortmund,Mainz 05,2,2,4.09921,1.68097,3.8666666666666667,16.294117647058822,2.6302,0.274,STATUS_FULL_TIME
Bundesliga,2022-2023,2023-05-27 13:30:00,Borussia M.Gladbach,Augsburg,2,0,2.98996,0.434493,8.166666666666666,26.88235294117647,2.8270999999999997,0.10999999999999999,STATUS_FULL_TIME
Bundesliga,2022-2023,2023-05-27 13:30:00,Eintracht Frankfurt,Freiburg,2,1,2.04195,1.46472,8.48,18.764705882352942,1.8512000000000002,0.9086,STATUS_FULL_TIME
Bundesliga,2022-2023,2023-05-27 13:30:00,FC Cologne,Bayern Munich,1,2,1.15669,1.68032,9.764705882352942,9.5,0.9207000000000001,1.7913,STATUS_FULL_TIME
Bundesliga,2022-2023,2023-05-27 13:30:00,RasenBallsport Leipzig,Schalke 04,4,2,2.97191,1.21648,11.352941176470589,9.083333333333334,2.4462,0.4113,STATUS_FULL_TIME
Bundesliga,2022-2023,2023-05-27 13:30:00,Union Berlin,Werder Bremen,1,0,0.783196,0.399601,14.1,10.857142857142858,1.6674,0.9230999999999999,STATUS_FULL_TIME
Bundesliga,2022-2023,2023-05-27 13:30:00,VfB Stuttgart,Hoffenheim,1,1,2.19198,1.16078,16.666666666666668,17.35,2.0964,0.6819000000000001,STATUS_FULL_TIME
Bundesliga,2022-2023,2023-05-27 13:30:00,Wolfsburg,Hertha Berlin,1,2,3.20986,1.44156,7.37037037037037,16.526315789473685,2.5254999999999996,0.3394,STATUS_FULL_TIME
DFB-Pokal,2022-2023,2022-08-01T16:01Z,Chemnitzer GC,1. FC Union Berlin,1,2,,,,,,,STATUS_FINAL_AET
DFB-Pokal,2022-2023,2022-08-01T16:01Z,Energie Cottbus,Werder Bremen,1,2,,,,,,,STATUS_FULL_TIME
DFB-Pokal,2022-2023,2022-08-01T16:01Z,FC Ingolstadt 04,SV Darmstadt 98,0,3,,,,,,,STATUS_FULL_TIME
DFB-Pokal,2022-2023,2022-08-01T18:46Z,1. FC Magdeburg,Eintracht Frankfurt,0,4,,,,,,,STATUS_FULL_TIME
DFB-Pokal,2022-2023,2022-08-30T18:46Z,Teutonia Ottensen,RB Leipzig,0,8,,,,,,,STATUS_FULL_TIME
DFB-Pokal,2022-2023,2022-08-31T18:46Z,Viktoria Köln,Bayern Munich,0,5,,,,,,,STATUS_FULL_TIME
DFB-Pokal,2022-2023,2022-10-18T16:00Z,RB Leipzig,Hamburg SV,4,0,,,,,,,STATUS_FULL_TIME
DFB-Pokal,2022-2023,2022-10-18T16:00Z,Stuttgarter Kickers,Eintracht Frankfurt,0,2,,,,,,,STATUS_FULL_TIME
DFB-Pokal,2022-2023,2022-10-18T16:00Z,SV Waldhof Mannheim,1. FC Nürnberg,0,1,,,,,,,STATUS_FULL_TIME
DFB-Pokal,2022-2023,2022-10-18T16:00Z,VfB Lübeck,Mainz,0,3,,,,,,,STATUS_FULL_TIME
DFB-Pokal,2022-2023,2022-10-18T18:45Z,SV Darmstadt 98,Borussia Mönchengladbach,2,1,,,,,,,STATUS_FULL_TIME
DFB-Pokal,2022-2023,2022-10-18T18:45Z,SV Elversberg,VfL Bochum,0,1,,,,,,,STATUS_FULL_TIME
DFB-Pokal,2022-2023,2022-10-18T18:45Z,TSG Hoffenheim,Schalke 04,5,1,,,,,,,STATUS_FULL_TIME
DFB-Pokal,2022-2023,2022-10-18T18:45Z,TSV Eintracht Braunschweig,VfL Wolfsburg,1,2,,,,,,,STATUS_FULL_TIME
DFB-Pokal,2022-2023,2022-10-19T16:00Z,Hannover 96,Borussia Dortmund,0,2,,,,,,,STATUS_FULL_TIME
DFB-Pokal,2022-2023,2022-10-19T16:00Z,SC Freiburg,St. Pauli,2,1,,,,,,,STATUS_FINAL_AET
DFB-Pokal,2022-2023,2022-10-19T16:00Z,SC Paderborn 07,Werder Bremen,2,2,,,,,,,STATUS_FINAL_PEN
DFB-Pokal,2022-2023,2022-10-19T16:00Z,SV Sandhausen,Karlsruher SC,2,2,,,,,,,STATUS_FINAL_PEN
DFB-Pokal,2022-2023,2022-10-19T18:45Z,1. FC Union Berlin,1. FC Heidenheim 1846,2,0,,,,,,,STATUS_FULL_TIME
DFB-Pokal,2022-2023,2022-10-19T18:45Z,FC Augsburg,Bayern Munich,2,5,,,,,,,STATUS_FULL_TIME
DFB-Pokal,2022-2023,2022-10-19T18:45Z,SSV Jahn Regensburg,Fortuna Düsseldorf,0,3,,,,,,,STATUS_FULL_TIME
DFB-Pokal,2022-2023,2022-10-19T18:45Z,VfB Stuttgart,Arminia Bielefeld,6,0,,,,,,,STATUS_FULL_TIME
DFB-Pokal,2022-2023,2023-01-31T17:00Z,SC Paderborn 07,VfB Stuttgart,1,2,,,,,,,STATUS_FULL_TIME
DFB-Pokal,2022-2023,2023-01-31T19:45Z,1. FC Union Berlin,VfL Wolfsburg,2,1,,,,,,,STATUS_FULL_TIME
DFB-Pokal,2022-2023,2023-02-01T17:00Z,RB Leipzig,TSG Hoffenheim,3,1,,,,,,,STATUS_FULL_TIME
DFB-Pokal,2022-2023,2023-02-01T19:45Z,Mainz,Bayern Munich,0,4,,,,,,,STATUS_FULL_TIME
DFB-Pokal,2022-2023,2023-02-07T17:00Z,SV Sandhausen,SC Freiburg,0,2,,,,,,,STATUS_FULL_TIME
DFB-Pokal,2022-2023,2023-02-07T19:45Z,Eintracht Frankfurt,SV Darmstadt 98,4,2,,,,,,,STATUS_FULL_TIME
DFB-Pokal,2022-2023,2023-02-08T17:00Z,1. FC Nürnberg,Fortuna Düsseldorf,1,1,,,,,,,STATUS_FINAL_PEN
DFB-Pokal,2022-2023,2023-02-08T19:45Z,VfL Bochum,Borussia Dortmund,1,2,,,,,,,STATUS_FULL_TIME
DFB-Pokal,2022-2023,2023-04-04T16:00Z,Eintracht Frankfurt,1. FC Union Berlin,2,0,,,,,,,STATUS_FULL_TIME
DFB-Pokal,2022-2023,2023-04-04T18:45Z,Bayern Munich,SC Freiburg,1,2,,,,,,,STATUS_FULL_TIME
DFB-Pokal,2022-2023,2023-04-05T16:30Z,1. FC Nürnberg,VfB Stuttgart,0,1,,,,,,,STATUS_FULL_TIME
DFB-Pokal,2022-2023,2023-04-05T18:45Z,RB Leipzig,Borussia Dortmund,2,0,,,,,,,STATUS_FULL_TIME
DFB-Pokal,2022-2023,2023-05-02T18:45Z,SC Freiburg,RB Leipzig,1,5,,,,,,,STATUS_FULL_TIME
DFB-Pokal,2022-2023,2023-05-03T18:45Z,VfB Stuttgart,Eintracht Frankfurt,2,3,,,,,,,STATUS_FULL_TIME
DFB-Pokal,2022-2023,2023-06-03T18:00Z,RB Leipzig,Eintracht Frankfurt,2,0,,,,,,,STATUS_FULL_TIME
Champions League,2022-2023,2022-09-06T16:45Z,Borussia Dortmund,F.C. København,3,0,,,,,,,STATUS_FULL_TIME
Champions League,2022-2023,2022-09-06T16:45Z,Dinamo Zagreb,Chelsea,1,0,,,,,,,STATUS_FULL_TIME
Champions League,2022-2023,2022-09-06T19:00Z,Benfica,Maccabi Haifa,2,0,,,,,,,STATUS_FULL_TIME
Champions League,2022-2023,2022-09-06T19:00Z,Celtic,Real Madrid,0,3,,,,,,,STATUS_FULL_TIME
Champions League,2022-2023,2022-09-06T19:00Z,Paris Saint-Germain,Juventus,2,1,,,,,,,STATUS_FULL_TIME
Champions League,2022-2023,2022-09-06T19:00Z,RB Leipzig,Shakhtar Donetsk,1,4,,,,,,,STATUS_FULL_TIME
Champions League,2022-2023,2022-09-06T19:00Z,RB Salzburg,AC Milan,1,1,,,,,,,STATUS_FULL_TIME
Champions League,2022-2023,2022-09-06T19:00Z,Sevilla,Manchester City,0,4,,,,,,,STATUS_FULL_TIME
Champions League,2022-2023,2022-09-07T16:45Z,Ajax Amsterdam,Rangers,4,0,,,,,,,STATUS_FULL_TIME
Champions League,2022-2023,2022-09-07T16:45Z,Eintracht Frankfurt,Sporting CP,0,3,,,,,,,STATUS_FULL_TIME
Champions League,2022-2023,2022-09-07T19:00Z,Atlético Madrid,FC Porto,2,1,,,,,,,STATUS_FULL_TIME
Champions League,2022-2023,2022-09-07T19:00Z,Barcelona,Viktoria Plzen,5,1,,,,,,,STATUS_FULL_TIME
Champions League,2022-2023,2022-09-07T19:00Z,Club Brugge,Bayer Leverkusen,1,0,,,,,,,STATUS_FULL_TIME
Champions League,2022-2023,2022-09-07T19:00Z,Internazionale,Bayern Munich,0,2,,,,,,,STATUS_FULL_TIME
Champions League,2022-2023,2022-09-07T19:00Z,Napoli,Liverpool,4,1,,,,,,,STATUS_FULL_TIME
Champions League,2022-2023,2022-09-07T19:00Z,Tottenham Hotspur,Marseille,2,0,,,,,,,STATUS_FULL_TIME
Champions League,2022-2023,2022-09-13T16:45Z,Sporting CP,Tottenham Hotspur,2,0,,,,,,,STATUS_FULL_TIME
Champions League,2022-2023,2022-09-13T16:45Z,Viktoria Plzen,Internazionale,0,2,,,,,,,STATUS_FULL_TIME
Champions League,2022-2023,2022-09-13T19:00Z,Bayer Leverkusen,Atlético Madrid,2,0,,,,,,,STATUS_FULL_TIME
Champions League,2022-2023,2022-09-13T19:00Z,Bayern Munich,Barcelona,2,0,,,,,,,STATUS_FULL_TIME
Champions League,2022-2023,2022-09-13T19:00Z,FC Porto,Club Brugge,0,4,,,,,,,STATUS_FULL_TIME
Champions League,2022-2023,2022-09-13T19:00Z,Liverpool,Ajax Amsterdam,2,1,,,,,,,STATUS_FULL_TIME
Champions League,2022-2023,2022-09-13T19:00Z,Marseille,Eintracht Frankfurt,0,1,,,,,,,STATUS_FULL_TIME
Champions League,2022-2023,2022-09-14T16:45Z,AC Milan,Dinamo Zagreb,3,1,,,,,,,STATUS_FULL_TIME
Champions League,2022-2023,2022-09-14T16:45Z,Shakhtar Donetsk,Celtic,1,1,,,,,,,STATUS_FULL_TIME
Champions League,2022-2023,2022-09-14T19:00Z,Chelsea,RB Salzburg,1,1,,,,,,,STATUS_FULL_TIME
Champions League,2022-2023,2022-09-14T19:00Z,F.C. København,Sevilla,0,0,,,,,,,STATUS_FULL_TIME
Champions League,2022-2023,2022-09-14T19:00Z,Juventus,Benfica,1,2,,,,,,,STATUS_FULL_TIME
Champions League,2022-2023,2022-09-14T19:00Z,Maccabi Haifa,Paris Saint-Germain,1,3,,,,,,,STATUS_FULL_TIME
Champions League,2022-2023,2022-09-14T19:00Z,Manchester City,Borussia Dortmund,2,1,,,,,,,STATUS_FULL_TIME
Champions League,2022-2023,2022-09-14T19:00Z,Rangers,Napoli,0,3,,,,,,,STATUS_FULL_TIME
Champions League,2022-2023,2022-09-14T19:00Z,Real Madrid,RB Leipzig,2,0,,,,,,,STATUS_FULL_TIME
Champions League,2022-2023,2022-10-04T16:45Z,Bayern Munich,Viktoria Plzen,5,0,,,,,,,STATUS_FULL_TIME
Champions League,2022-2023,2022-10-04T17:00Z,Marseille,Sporting CP,4,1,,,,,,,STATUS_FULL_TIME
Champions League,2022-2023,2022-10-04T19:00Z,Ajax Amsterdam,Napoli,1,6,,,,,,,STATUS_FULL_TIME
Champions League,2022-2023,2022-10-04T19:00Z,Club Brugge,Atlético Madrid,2,0,,,,,,,STATUS_FULL_TIME
Champions League,2022-2023,2022-10-04T19:00Z,Eintracht Frankfurt,Tottenham Hotspur,0,0,,,,,,,STATUS_FULL_TIME
Champions League,2022-2023,2022-10-04T19:00Z,FC Porto,Bayer Leverkusen,2,0,,,,,,,STATUS_FULL_TIME
Champions League,2022-2023,2022-10-04T19:00Z,Internazionale,Barcelona,1,0,,,,,,,STATUS_FULL_TIME
Champions League,2022-2023,2022-10-04T19:00Z,Liverpool,Rangers,2,0,,,,,,,STATUS_FULL_TIME
Champions League,2022-2023,2022-10-05T16:45Z,RB Leipzig,Celtic,3,1,,,,,,,STATUS_FULL_TIME
Champions League,2022-2023,2022-10-05T16:45Z,RB Salzburg,Dinamo Zagreb,1,0,,,,,,,STATUS_FULL_TIME
Champions League,2022-2023,2022-10-05T19:00Z,Benfica,Paris Saint-Germain,1,1,,,,,,,STATUS_FULL_TIME
Champions League,2022-2023,2022-10-05T19:00Z,Chelsea,AC Milan,3,0,,,,,,,STATUS_FULL_TIME
Champions League,2022-2023,2022-10-05T19:00Z,Juventus,Maccabi Haifa,3,1,,,,,,,STATUS_FULL_TIME
Champions League,2022-2023,2022-10-05T19:00Z,Manchester City,F.C. København,5,0,,,,,,,STATUS_FULL_TIME
Champions League,2022-2023,2022-10-05T19:00Z,Real Madrid,Shakhtar Donetsk,2,1,,,,,,,STATUS_FULL_TIME
Champions League,2022-2023,2022-10-05T19:00Z,Sevilla,Borussia Dortmund,1,4,,,,,,,STATUS_FULL_TIME
Champions League,2022-2023,2022-10-11T16:45Z,F.C. København,Manchester City,0,0,,,,,,,STATUS_FULL_TIME
Champions League,2022-2023,2022-10-11T16:45Z,Maccabi Haifa,Juventus,2,0,,,,,,,STATUS_FULL_TIME
Champions League,2022-2023,2022-10-11T19:00Z,AC Milan,Chelsea,0,2,,,,,,,STATUS_FULL_TIME
Champions League,2022-2023,2022-10-11T19:00Z,Borussia Dortmund,Sevilla,1,1,,,,,,,STATUS_FULL_TIME
Champions League,2022-2023,2022-10-11T19:00Z,Celtic,RB Leipzig,0,2,,,,,,,STATUS_FULL_TIME
Champions League,2022-2023,2022-10-11T19:00Z,Dinamo Zagreb,RB Salzburg,1,1,,,,,,,STATUS_FULL_TIME
Champions League,2022-2023,2022-10-11T19:00Z,Paris Saint-Germain,Benfica,1,1,,,,,,,STATUS_FULL_TIME
Champions League,2022-2023,2022-10-11T19:00Z,Shakhtar Donetsk,Real Madrid,1,1,,,,,,,STATUS_FULL_TIME
Champions League,2022-2023,2022-10-12T16:45Z,Atlético Madrid,Club Brugge,0,0,,,,,,,STATUS_FULL_TIME
Champions League,2022-2023,2022-10-12T16:45Z,Napoli,Ajax Amsterdam,4,2,,,,,,,STATUS_FULL_TIME
Champions League,2022-2023,2022-10-12T19:00Z,Barcelona,Internazionale,3,3,,,,,,,STATUS_FULL_TIME
Champions League,2022-2023,2022-10-12T19:00Z,Bayer Leverkusen,FC Porto,0,3,,,,,,,STATUS_FULL_TIME
Champions League,2022-2023,2022-10-12T19:00Z,Rangers,Liverpool,1,7,,,,,,,STATUS_FULL_TIME
Champions League,2022-2023,2022-10-12T19:00Z,Sporting CP,Marseille,0,2,,,,,,,STATUS_FULL_TIME
Champions League,2022-2023,2022-10-12T19:00Z,Tottenham Hotspur,Eintracht Frankfurt,3,2,,,,,,,STATUS_FULL_TIME
Champions League,2022-2023,2022-10-12T19:00Z,Viktoria Plzen,Bayern Munich,2,4,,,,,,,STATUS_FULL_TIME
Champions League,2022-2023,2022-10-25T16:45Z,RB Salzburg,Chelsea,1,2,,,,,,,STATUS_FULL_TIME
Champions League,2022-2023,2022-10-25T16:45Z,Sevilla,F.C. København,3,0,,,,,,,STATUS_FULL_TIME
Champions League,2022-2023,2022-10-25T19:00Z,Benfica,Juventus,4,3,,,,,,,STATUS_FULL_TIME
Champions League,2022-2023,2022-10-25T19:00Z,Borussia Dortmund,Manchester City,0,0,,,,,,,STATUS_FULL_TIME
Champions League,2022-2023,2022-10-25T19:00Z,Celtic,Shakhtar Donetsk,1,1,,,,,,,STATUS_FULL_TIME
Champions League,2022-2023,2022-10-25T19:00Z,Dinamo Zagreb,AC Milan,0,4,,,,,,,STATUS_FULL_TIME
Champions League,2022-2023,2022-10-25T19:00Z,Paris Saint-Germain,Maccabi Haifa,7,2,,,,,,,STATUS_FULL_TIME
Champions League,2022-2023,2022-10-25T19:00Z,RB Leipzig,Real Madrid,3,2,,,,,,,STATUS_FULL_TIME
Champions League,2022-2023,2022-10-26T16:45Z,Club Brugge,FC Porto,0,4,,,,,,,STATUS_FULL_TIME
Champions League,2022-2023,2022-10-26T16:45Z,Internazionale,Viktoria Plzen,4,0,,,,,,,STATUS_FULL_TIME
Champions League,2022-2023,2022-10-26T19:00Z,Ajax Amsterdam,Liverpool,0,3,,,,,,,STATUS_FULL_TIME
Champions League,2022-2023,2022-10-26T19:00Z,Atlético Madrid,Bayer Leverkusen,2,2,,,,,,,STATUS_FULL_TIME
Champions League,2022-2023,2022-10-26T19:00Z,Barcelona,Bayern Munich,0,3,,,,,,,STATUS_FULL_TIME
Champions League,2022-2023,2022-10-26T19:00Z,Eintracht Frankfurt,Marseille,2,1,,,,,,,STATUS_FULL_TIME
Champions League,2022-2023,2022-10-26T19:00Z,Napoli,Rangers,3,0,,,,,,,STATUS_FULL_TIME
Champions League,2022-2023,2022-10-26T19:00Z,Tottenham Hotspur,Sporting CP,1,1,,,,,,,STATUS_FULL_TIME
Champions League,2022-2023,2022-11-01T17:45Z,Bayer Leverkusen,Club Brugge,0,0,,,,,,,STATUS_FULL_TIME
Champions League,2022-2023,2022-11-01T17:45Z,FC Porto,Atlético Madrid,2,1,,,,,,,STATUS_FULL_TIME
Champions League,2022-2023,2022-11-01T20:00Z,Bayern Munich,Internazionale,2,0,,,,,,,STATUS_FULL_TIME
Champions League,2022-2023,2022-11-01T20:00Z,Liverpool,Napoli,2,0,,,,,,,STATUS_FULL_TIME
Champions League,2022-2023,2022-11-01T20:00Z,Marseille,Tottenham Hotspur,1,2,,,,,,,STATUS_FULL_TIME
Champions League,2022-2023,2022-11-01T20:00Z,Rangers,Ajax Amsterdam,1,3,,,,,,,STATUS_FULL_TIME
Champions League,2022-2023,2022-11-01T20:00Z,Sporting CP,Eintracht Frankfurt,1,2,,,,,,,STATUS_FULL_TIME
Champions League,2022-2023,2022-11-01T20:00Z,Viktoria Plzen,Barcelona,2,4,,,,,,,STATUS_FULL_TIME
Champions League,2022-2023,2022-11-02T17:45Z,Real Madrid,Celtic,5,1,,,,,,,STATUS_FULL_TIME
Champions League,2022-2023,2022-11-02T17:45Z,Shakhtar Donetsk,RB Leipzig,0,4,,,,,,,STATUS_FULL_TIME
Champions League,2022-2023,2022-11-02T20:00Z,AC Milan,RB Salzburg,4,0,,,,,,,STATUS_FULL_TIME
Champions League,2022-2023,2022-11-02T20:00Z,Chelsea,Dinamo Zagreb,2,1,,,,,,,STATUS_FULL_TIME
Champions League,2022-2023,2022-11-02T20:00Z,F.C. København,Borussia Dortmund,1,1,,,,,,,STATUS_FULL_TIME
Champions League,2022-2023,2022-11-02T20:00Z,Juventus,Paris Saint-Germain,1,2,,,,,,,STATUS_FULL_TIME
Champions League,2022-2023,2022-11-02T20:00Z,Maccabi Haifa,Benfica,1,6,,,,,,,STATUS_FULL_TIME
Champions League,2022-2023,2022-11-02T20:00Z,Manchester City,Sevilla,3,1,,,,,,,STATUS_FULL_TIME
Champions League,2022-2023,2023-02-14T20:00Z,AC Milan,Tottenham Hotspur,1,0,,,,,,,STATUS_FULL_TIME
Champions League,2022-2023,2023-02-14T20:00Z,Paris Saint-Germain,Bayern Munich,0,1,,,,,,,STATUS_FULL_TIME
Champions League,2022-2023,2023-02-15T20:00Z,Borussia Dortmund,Chelsea,1,0,,,,,,,STATUS_FULL_TIME
Champions League,2022-2023,2023-02-15T20:00Z,Club Brugge,Benfica,0,2,,,,,,,STATUS_FULL_TIME
Champions League,2022-2023,2023-02-21T20:00Z,Eintracht Frankfurt,Napoli,0,2,,,,,,,STATUS_FULL_TIME
Champions League,2022-2023,2023-02-21T20:00Z,Liverpool,Real Madrid,2,5,,,,,,,STATUS_FULL_TIME
Champions League,2022-2023,2023-02-22T20:00Z,Internazionale,FC Porto,1,0,,,,,,,STATUS_FULL_TIME
Champions League,2022-2023,2023-02-22T20:00Z,RB Leipzig,Manchester City,1,1,,,,,,,STATUS_FULL_TIME
Champions League,2022-2023,2023-03-07T20:00Z,Benfica,Club Brugge,5,1,,,,,,,STATUS_FULL_TIME
Champions League,2022-2023,2023-03-07T20:10Z,Chelsea,Borussia Dortmund,2,0,,,,,,,STATUS_FULL_TIME
Champions League,2022-2023,2023-03-08T20:00Z,Bayern Munich,Paris Saint-Germain,2,0,,,,,,,STATUS_FULL_TIME
Champions League,2022-2023,2023-03-08T20:10Z,Tottenham Hotspur,AC Milan,0,0,,,,,,,STATUS_FULL_TIME
Champions League,2022-2023,2023-03-14T20:00Z,FC Porto,Internazionale,0,0,,,,,,,STATUS_FULL_TIME
Champions League,2022-2023,2023-03-14T20:00Z,Manchester City,RB Leipzig,7,0,,,,,,,STATUS_FULL_TIME
Champions League,2022-2023,2023-03-15T20:00Z,Napoli,Eintracht Frankfurt,3,0,,,,,,,STATUS_FULL_TIME
Champions League,2022-2023,2023-03-15T20:00Z,Real Madrid,Liverpool,1,0,,,,,,,STATUS_FULL_TIME
Champions League,2022-2023,2023-04-11T19:00Z,Benfica,Internazionale,0,2,,,,,,,STATUS_FULL_TIME
Champions League,2022-2023,2023-04-11T19:00Z,Manchester City,Bayern Munich,3,0,,,,,,,STATUS_FULL_TIME
Champions League,2022-2023,2023-04-12T19:00Z,AC Milan,Napoli,1,0,,,,,,,STATUS_FULL_TIME
Champions League,2022-2023,2023-04-12T19:00Z,Real Madrid,Chelsea,2,0,,,,,,,STATUS_FULL_TIME
Champions League,2022-2023,2023-04-18T19:00Z,Chelsea,Real Madrid,0,2,,,,,,,STATUS_FULL_TIME
Champions League,2022-2023,2023-04-18T19:00Z,Napoli,AC Milan,1,1,,,,,,,STATUS_FULL_TIME
Champions League,2022-2023,2023-04-19T19:00Z,Bayern Munich,Manchester City,1,1,,,,,,,STATUS_FULL_TIME
Champions League,2022-2023,2023-04-19T19:00Z,Internazionale,Benfica,3,3,,,,,,,STATUS_FULL_TIME
Champions League,2022-2023,2023-05-09T19:00Z,Real Madrid,Manchester City,1,1,,,,,,,STATUS_FULL_TIME
Champions League,2022-2023,2023-05-10T19:00Z,AC Milan,Internazionale,0,2,,,,,,,STATUS_FULL_TIME
Champions League,2022-2023,2023-05-16T19:00Z,Internazionale,AC Milan,1,0,,,,,,,STATUS_FULL_TIME
Champions League,2022-2023,2023-05-17T19:00Z,Manchester City,Real Madrid,4,0,,,,,,,STATUS_FULL_TIME
Champions League,2022-2023,2023-06-10T19:00Z,Manchester City,Internazionale,1,0,,,,,,,STATUS_FULL_TIME
Europa League,2022-2023,2022-09-08T16:45Z,1. FC Union Berlin,Union St.-Gilloise,0,1,,,,,,,STATUS_FULL_TIME
Europa League,2022-2023,2022-09-08T16:45Z,AEK Larnaca,Stade Rennais,1,2,,,,,,,STATUS_FULL_TIME
Europa League,2022-2023,2022-09-08T16:45Z,FC Zürich,Arsenal,1,2,,,,,,,STATUS_FULL_TIME
Europa League,2022-2023,2022-09-08T16:45Z,Fenerbahce,Dynamo Kyiv,2,1,,,,,,,STATUS_FULL_TIME
Europa League,2022-2023,2022-09-08T16:45Z,HJK Helsinki,Real Betis,0,2,,,,,,,STATUS_FULL_TIME
Europa League,2022-2023,2022-09-08T16:45Z,Ludogorets Razgrad,AS Roma,2,1,,,,,,,STATUS_FULL_TIME
Europa League,2022-2023,2022-09-08T16:45Z,Malmö FF,Braga,0,2,,,,,,,STATUS_FULL_TIME
Europa League,2022-2023,2022-09-08T16:45Z,PSV Eindhoven,Bodo/Glimt,1,1,,,,,,,STATUS_FULL_TIME
Europa League,2022-2023,2022-09-08T19:00Z,Ferencvaros,Trabzonspor,3,2,,,,,,,STATUS_FULL_TIME
Europa League,2022-2023,2022-09-08T19:00Z,Lazio,Feyenoord Rotterdam,4,2,,,,,,,STATUS_FULL_TIME
Europa League,2022-2023,2022-09-08T19:00Z,Manchester United,Real Sociedad,0,1,,,,,,,STATUS_FULL_TIME
Europa League,2022-2023,2022-09-08T19:00Z,Nantes,Olympiacos,2,1,,,,,,,STATUS_FULL_TIME
Europa League,2022-2023,2022-09-08T19:00Z,Omonia Nicosia,Sheriff Tiraspol,0,3,,,,,,,STATUS_FULL_TIME
Europa League,2022-2023,2022-09-08T19:00Z,Red Star Belgrade,AS Monaco,0,1,,,,,,,STATUS_FULL_TIME
Europa League,2022-2023,2022-09-08T19:00Z,SC Freiburg,FK Qarabag,2,1,,,,,,,STATUS_FULL_TIME
Europa League,2022-2023,2022-09-08T19:00Z,SK Sturm Graz,FC Midtjylland,1,0,,,,,,,STATUS_FULL_TIME
Europa League,2022-2023,2022-09-15T16:45Z,AS Monaco,Ferencvaros,0,1,,,,,,,STATUS_FULL_TIME
Europa League,2022-2023,2022-09-15T16:45Z,FC Midtjylland,Lazio,5,1,,,,,,,STATUS_FULL_TIME
Europa League,2022-2023,2022-09-15T16:45Z,Feyenoord Rotterdam,SK Sturm Graz,6,0,,,,,,,STATUS_FULL_TIME
Europa League,2022-2023,2022-09-15T16:45Z,FK Qarabag,Nantes,3,0,,,,,,,STATUS_FULL_TIME
Europa League,2022-2023,2022-09-15T16:45Z,Olympiacos,SC Freiburg,0,3,,,,,,,STATUS_FULL_TIME
Europa League,2022-2023,2022-09-15T16:45Z,Real Sociedad,Omonia Nicosia,2,1,,,,,,,STATUS_FULL_TIME
Europa League,2022-2023,2022-09-15T16:45Z,Sheriff Tiraspol,Manchester United,0,2,,,,,,,STATUS_FULL_TIME
Europa League,2022-2023,2022-09-15T16:45Z,Trabzonspor,Red Star Belgrade,2,1,,,,,,,STATUS_FULL_TIME
Europa League,2022-2023,2022-09-15T19:00Z,AS Roma,HJK Helsinki,3,0,,,,,,,STATUS_FULL_TIME
Europa League,2022-2023,2022-09-15T19:00Z,Bodo/Glimt,FC Zürich,2,1,,,,,,,STATUS_FULL_TIME
Europa League,2022-2023,2022-09-15T19:00Z,Braga,1. FC Union Berlin,1,0,,,,,,,STATUS_FULL_TIME
Europa League,2022-2023,2022-09-15T19:00Z,Dynamo Kyiv,AEK Larnaca,0,1,,,,,,,STATUS_FULL_TIME
Europa League,2022-2023,2022-09-15T19:00Z,Real Betis,Ludogorets Razgrad,3,2,,,,,,,STATUS_FULL_TIME
Europa League,2022-2023,2022-09-15T19:00Z,Stade Rennais,Fenerbahce,2,2,,,,,,,STATUS_FULL_TIME
Europa League,2022-2023,2022-09-15T19:00Z,Union St.-Gilloise,Malmö FF,3,2,,,,,,,STATUS_FULL_TIME
Europa League,2022-2023,2022-10-06T16:45Z,AS Monaco,Trabzonspor,3,1,,,,,,,STATUS_FULL_TIME
Europa League,2022-2023,2022-10-06T16:45Z,FC Zürich,PSV Eindhoven,1,5,,,,,,,STATUS_FULL_TIME
Europa League,2022-2023,2022-10-06T16:45Z,HJK Helsinki,Ludogorets Razgrad,1,1,,,,,,,STATUS_FULL_TIME
Europa League,2022-2023,2022-10-06T16:45Z,Malmö FF,1. FC Union Berlin,0,1,,,,,,,STATUS_FULL_TIME
Europa League,2022-2023,2022-10-06T16:45Z,Omonia Nicosia,Manchester United,2,3,,,,,,,STATUS_FULL_TIME
Europa League,2022-2023,2022-10-06T16:45Z,Red Star Belgrade,Ferencvaros,4,1,,,,,,,STATUS_FULL_TIME
Europa League,2022-2023,2022-10-06T16:45Z,Sheriff Tiraspol,Real Sociedad,0,2,,,,,,,STATUS_FULL_TIME
Europa League,2022-2023,2022-10-06T16:45Z,SK Sturm Graz,Lazio,0,0,,,,,,,STATUS_FULL_TIME
Europa League,2022-2023,2022-10-06T19:00Z,Arsenal,Bodo/Glimt,3,0,,,,,,,STATUS_FULL_TIME
Europa League,2022-2023,2022-10-06T19:00Z,AS Roma,Real Betis,1,2,,,,,,,STATUS_FULL_TIME
Europa League,2022-2023,2022-10-06T19:00Z,Braga,Union St.-Gilloise,1,2,,,,,,,STATUS_FULL_TIME
Europa League,2022-2023,2022-10-06T19:00Z,FC Midtjylland,Feyenoord Rotterdam,2,2,,,,,,,STATUS_FULL_TIME
Europa League,2022-2023,2022-10-06T19:00Z,Fenerbahce,AEK Larnaca,2,0,,,,,,,STATUS_FULL_TIME
Europa League,2022-2023,2022-10-06T19:00Z,Olympiacos,FK Qarabag,0,3,,,,,,,STATUS_FULL_TIME
Europa League,2022-2023,2022-10-06T19:00Z,SC Freiburg,Nantes,2,0,,,,,,,STATUS_FULL_TIME
Europa League,2022-2023,2022-10-06T19:00Z,Stade Rennais,Dynamo Kyiv,2,1,,,,,,,STATUS_FULL_TIME
Europa League,2022-2023,2022-10-13T16:45Z,AEK Larnaca,Fenerbahce,1,2,,,,,,,STATUS_FULL_TIME
Europa League,2022-2023,2022-10-13T16:45Z,Bodo/Glimt,Arsenal,0,1,,,,,,,STATUS_FULL_TIME
Europa League,2022-2023,2022-10-13T16:45Z,Dynamo Kyiv,Stade Rennais,0,1,,,,,,,STATUS_FULL_TIME
Europa League,2022-2023,2022-10-13T16:45Z,Feyenoord Rotterdam,FC Midtjylland,2,2,,,,,,,STATUS_FULL_TIME
Europa League,2022-2023,2022-10-13T16:45Z,FK Qarabag,Olympiacos,0,0,,,,,,,STATUS_FULL_TIME
Europa League,2022-2023,2022-10-13T16:45Z,Nantes,SC Freiburg,0,4,,,,,,,STATUS_FULL_TIME
Europa League,2022-2023,2022-10-13T16:45Z,Real Betis,AS Roma,1,1,,,,,,,STATUS_FULL_TIME
Europa League,2022-2023,2022-10-13T16:45Z,Union St.-Gilloise,Braga,3,3,,,,,,,STATUS_FULL_TIME
Europa League,2022-2023,2022-10-13T19:00Z,1. FC Union Berlin,Malmö FF,1,0,,,,,,,STATUS_FULL_TIME
Europa League,2022-2023,2022-10-13T19:00Z,Ferencvaros,Red Star Belgrade,2,1,,,,,,,STATUS_FULL_TIME
Europa League,2022-2023,2022-10-13T19:00Z,Lazio,SK Sturm Graz,2,2,,,,,,,STATUS_FULL_TIME
Europa League,2022-2023,2022-10-13T19:00Z,Ludogorets Razgrad,HJK Helsinki,2,0,,,,,,,STATUS_FULL_TIME
Europa League,2022-2023,2022-10-13T19:00Z,Manchester United,Omonia Nicosia,1,0,,,,,,,STATUS_FULL_TIME
Europa League,2022-2023,2022-10-13T19:00Z,PSV Eindhoven,FC Zürich,5,0,,,,,,,STATUS_FULL_TIME
Europa League,2022-2023,2022-10-13T19:00Z,Real Sociedad,Sheriff Tiraspol,3,0,,,,,,,STATUS_FULL_TIME
Europa League,2022-2023,2022-10-13T19:00Z,Trabzonspor,AS Monaco,4,0,,,,,,,STATUS_FULL_TIME
Europa League,2022-2023,2022-10-20T17:00Z,Arsenal,PSV Eindhoven,1,0,,,,,,,STATUS_FULL_TIME
Europa League,2022-2023,2022-10-27T16:45Z,1. FC Union Berlin,Braga,1,0,,,,,,,STATUS_FULL_TIME
Europa League,2022-2023,2022-10-27T16:45Z,AEK Larnaca,Dynamo Kyiv,3,3,,,,,,,STATUS_FULL_TIME
Europa League,2022-2023,2022-10-27T16:45Z,FC Zürich,Bodo/Glimt,2,1,,,,,,,STATUS_FULL_TIME
Europa League,2022-2023,2022-10-27T16:45Z,Fenerbahce,Stade Rennais,3,3,,,,,,,STATUS_FULL_TIME
Europa League,2022-2023,2022-10-27T16:45Z,Lazio,FC Midtjylland,2,1,,,,,,,STATUS_FULL_TIME
Europa League,2022-2023,2022-10-27T16:45Z,Ludogorets Razgrad,Real Betis,0,1,,,,,,,STATUS_FULL_TIME
Europa League,2022-2023,2022-10-27T16:45Z,Malmö FF,Union St.-Gilloise,0,2,,,,,,,STATUS_FULL_TIME
Europa League,2022-2023,2022-10-27T16:45Z,PSV Eindhoven,Arsenal,2,0,,,,,,,STATUS_FULL_TIME
Europa League,2022-2023,2022-10-27T19:00Z,Ferencvaros,AS Monaco,1,1,,,,,,,STATUS_FULL_TIME
Europa League,2022-2023,2022-10-27T19:00Z,HJK Helsinki,AS Roma,1,2,,,,,,,STATUS_FULL_TIME
Europa League,2022-2023,2022-10-27T19:00Z,Manchester United,Sheriff Tiraspol,3,0,,,,,,,STATUS_FULL_TIME
Europa League,2022-2023,2022-10-27T19:00Z,Nantes,FK Qarabag,2,1,,,,,,,STATUS_FULL_TIME
Europa League,2022-2023,2022-10-27T19:00Z,Omonia Nicosia,Real Sociedad,0,2,,,,,,,STATUS_FULL_TIME
Europa League,2022-2023,2022-10-27T19:00Z,Red Star Belgrade,Trabzonspor,2,1,,,,,,,STATUS_FULL_TIME
Europa League,2022-2023,2022-10-27T19:00Z,SC Freiburg,Olympiacos,1,1,,,,,,,STATUS_FULL_TIME
Europa League,2022-2023,2022-10-27T19:00Z,SK Sturm Graz,Feyenoord Rotterdam,1,0,,,,,,,STATUS_FULL_TIME
Europa League,2022-2023,2022-11-03T17:45Z,AS Monaco,Red Star Belgrade,4,1,,,,,,,STATUS_FULL_TIME
Europa League,2022-2023,2022-11-03T17:45Z,FC Midtjylland,SK Sturm Graz,2,0,,,,,,,STATUS_FULL_TIME
Europa League,2022-2023,2022-11-03T17:45Z,Feyenoord Rotterdam,Lazio,1,0,,,,,,,STATUS_FULL_TIME
Europa League,2022-2023,2022-11-03T17:45Z,FK Qarabag,SC Freiburg,1,1,,,,,,,STATUS_FULL_TIME
Europa League,2022-2023,2022-11-03T17:45Z,Olympiacos,Nantes,0,2,,,,,,,STATUS_FULL_TIME
Europa League,2022-2023,2022-11-03T17:45Z,Real Sociedad,Manchester United,0,1,,,,,,,STATUS_FULL_TIME
Europa League,2022-2023,2022-11-03T17:45Z,Sheriff Tiraspol,Omonia Nicosia,1,0,,,,,,,STATUS_FULL_TIME
Europa League,2022-2023,2022-11-03T17:45Z,Trabzonspor,Ferencvaros,1,0,,,,,,,STATUS_FULL_TIME
Europa League,2022-2023,2022-11-03T20:00Z,Arsenal,FC Zürich,1,0,,,,,,,STATUS_FULL_TIME
Europa League,2022-2023,2022-11-03T20:00Z,AS Roma,Ludogorets Razgrad,3,1,,,,,,,STATUS_FULL_TIME
Europa League,2022-2023,2022-11-03T20:00Z,Bodo/Glimt,PSV Eindhoven,1,2,,,,,,,STATUS_FULL_TIME
Europa League,2022-2023,2022-11-03T20:00Z,Braga,Malmö FF,2,1,,,,,,,STATUS_FULL_TIME
Europa League,2022-2023,2022-11-03T20:00Z,Dynamo Kyiv,Fenerbahce,0,2,,,,,,,STATUS_FULL_TIME
Europa League,2022-2023,2022-11-03T20:00Z,Real Betis,HJK Helsinki,3,0,,,,,,,STATUS_FULL_TIME
Europa League,2022-2023,2022-11-03T20:00Z,Stade Rennais,AEK Larnaca,1,1,,,,,,,STATUS_FULL_TIME
Europa League,2022-2023,2022-11-03T20:00Z,Union St.-Gilloise,1. FC Union Berlin,0,1,,,,,,,STATUS_FULL_TIME
Europa League,2022-2023,2023-02-16T17:45Z,Ajax Amsterdam,1. FC Union Berlin,0,0,,,,,,,STATUS_FULL_TIME
Europa League,2022-2023,2023-02-16T17:45Z,Barcelona,Manchester United,2,2,,,,,,,STATUS_FULL_TIME
Europa League,2022-2023,2023-02-16T17:45Z,RB Salzburg,AS Roma,1,0,,,,,,,STATUS_FULL_TIME
Europa League,2022-2023,2023-02-16T17:45Z,Shakhtar Donetsk,Stade Rennais,2,1,,,,,,,STATUS_FULL_TIME
Europa League,2022-2023,2023-02-16T20:00Z,Bayer Leverkusen,AS Monaco,2,3,,,,,,,STATUS_FULL_TIME
Europa League,2022-2023,2023-02-16T20:00Z,Juventus,Nantes,1,1,,,,,,,STATUS_FULL_TIME
Europa League,2022-2023,2023-02-16T20:00Z,Sevilla,PSV Eindhoven,3,0,,,,,,,STATUS_FULL_TIME
Europa League,2022-2023,2023-02-16T20:00Z,Sporting CP,FC Midtjylland,1,1,,,,,,,STATUS_FULL_TIME
Europa League,2022-2023,2023-02-23T17:45Z,AS Monaco,Bayer Leverkusen,2,3,,,,,,,STATUS_FINAL_PEN
Europa League,2022-2023,2023-02-23T17:45Z,FC Midtjylland,Sporting CP,0,4,,,,,,,STATUS_FULL_TIME
Europa League,2022-2023,2023-02-23T17:45Z,Nantes,Juventus,0,3,,,,,,,STATUS_FULL_TIME
Europa League,2022-2023,2023-02-23T17:45Z,PSV Eindhoven,Sevilla,2,0,,,,,,,STATUS_FULL_TIME
Europa League,2022-2023,2023-02-23T20:00Z,1. FC Union Berlin,Ajax Amsterdam,3,1,,,,,,,STATUS_FULL_TIME
Europa League,2022-2023,2023-02-23T20:00Z,AS Roma,RB Salzburg,2,0,,,,,,,STATUS_FULL_TIME
Europa League,2022-2023,2023-02-23T20:00Z,Manchester United,Barcelona,2,1,,,,,,,STATUS_FULL_TIME
Europa League,2022-2023,2023-02-23T20:00Z,Stade Rennais,Shakhtar Donetsk,2,1,,,,,,,STATUS_FINAL_PEN
Europa League,2022-2023,2023-03-09T17:45Z,1. FC Union Berlin,Union St.-Gilloise,3,3,,,,,,,STATUS_FULL_TIME
Europa League,2022-2023,2023-03-09T17:45Z,AS Roma,Real Sociedad,2,0,,,,,,,STATUS_FULL_TIME
Europa League,2022-2023,2023-03-09T17:45Z,Bayer Leverkusen,Ferencvaros,2,0,,,,,,,STATUS_FULL_TIME
Europa League,2022-2023,2023-03-09T17:45Z,Sporting CP,Arsenal,2,2,,,,,,,STATUS_FULL_TIME
Europa League,2022-2023,2023-03-09T20:00Z,Juventus,SC Freiburg,1,0,,,,,,,STATUS_FULL_TIME
Europa League,2022-2023,2023-03-09T20:00Z,Manchester United,Real Betis,4,1,,,,,,,STATUS_FULL_TIME
Europa League,2022-2023,2023-03-09T20:00Z,Sevilla,Fenerbahce,2,0,,,,,,,STATUS_FULL_TIME
Europa League,2022-2023,2023-03-09T20:00Z,Shakhtar Donetsk,Feyenoord Rotterdam,1,1,,,,,,,STATUS_FULL_TIME
Europa League,2022-2023,2023-03-16T17:45Z,Fenerbahce,Sevilla,1,0,,,,,,,STATUS_FULL_TIME
Europa League,2022-2023,2023-03-16T17:45Z,Feyenoord Rotterdam,Shakhtar Donetsk,7,1,,,,,,,STATUS_FULL_TIME
Europa League,2022-2023,2023-03-16T17:45Z,Real Betis,Manchester United,0,1,,,,,,,STATUS_FULL_TIME
Europa League,2022-2023,2023-03-16T17:45Z,SC Freiburg,Juventus,0,2,,,,,,,STATUS_FULL_TIME
Europa League,2022-2023,2023-03-16T20:00Z,Arsenal,Sporting CP,1,1,,,,,,,STATUS_FINAL_PEN
Europa League,2022-2023,2023-03-16T20:00Z,Ferencvaros,Bayer Leverkusen,0,2,,,,,,,STATUS_FULL_TIME
Europa League,2022-2023,2023-03-16T20:00Z,Real Sociedad,AS Roma,0,0,,,,,,,STATUS_FULL_TIME
Europa League,2022-2023,2023-03-16T20:00Z,Union St.-Gilloise,1. FC Union Berlin,3,0,,,,,,,STATUS_FULL_TIME
Europa League,2022-2023,2023-04-13T16:45Z,Feyenoord Rotterdam,AS Roma,1,0,,,,,,,STATUS_FULL_TIME
Europa League,2022-2023,2023-04-13T19:00Z,Bayer Leverkusen,Union St.-Gilloise,1,1,,,,,,,STATUS_FULL_TIME
Europa League,2022-2023,2023-04-13T19:00Z,Juventus,Sporting CP,1,0,,,,,,,STATUS_FULL_TIME
Europa League,2022-2023,2023-04-13T19:00Z,Manchester United,Sevilla,2,2,,,,,,,STATUS_FULL_TIME
Europa League,2022-2023,2023-04-20T19:00Z,AS Roma,Feyenoord Rotterdam,4,1,,,,,,,STATUS_FINAL_AET
Europa League,2022-2023,2023-04-20T19:00Z,Sevilla,Manchester United,3,0,,,,,,,STATUS_FULL_TIME
Europa League,2022-2023,2023-04-20T19:00Z,Sporting CP,Juventus,1,1,,,,,,,STATUS_FULL_TIME
Europa League,2022-2023,2023-04-20T19:00Z,Union St.-Gilloise,Bayer Leverkusen,1,4,,,,,,,STATUS_FULL_TIME
Europa League,2022-2023,2023-05-11T19:00Z,AS Roma,Bayer Leverkusen,1,0,,,,,,,STATUS_FULL_TIME
Europa League,2022-2023,2023-05-11T19:00Z,Juventus,Sevilla,1,1,,,,,,,STATUS_FULL_TIME
Europa League,2022-2023,2023-05-18T19:00Z,Bayer Leverkusen,AS Roma,0,0,,,,,,,STATUS_FULL_TIME
Europa League,2022-2023,2023-05-18T19:00Z,Sevilla,Juventus,2,1,,,,,,,STATUS_FINAL_AET
Europa League,2022-2023,2023-05-31T19:00Z,Sevilla,AS Roma,1,1,,,,,,,STATUS_FINAL_PEN
Bundesliga,2023-2024,2023-08-18 18:30:00,Werder Bremen,Bayern Munich,0,4,0.63974,2.89704,12.433333333333334,19.714285714285715,0.18130000000000002,2.7229,STATUS_FULL_TIME
Bundesliga,2023-2024,2023-08-19 13:30:00,Augsburg,Borussia M.Gladbach,4,4,2.53482,1.91849,11.176470588235293,19.5,1.8311000000000002,0.9212,STATUS_FULL_TIME
Bundesliga,2023-2024,2023-08-19 13:30:00,Bayer Leverkusen,RasenBallsport Leipzig,3,2,1.73279,1.60393,14.333333333333334,12.105263157894736,1.4839,1.2526,STATUS_FULL_TIME
Bundesliga,2023-2024,2023-08-19 16:30:00,Borussia Dortmund,FC Cologne,1,0,1.72317,1.51393,8.272727272727273,19.608695652173914,1.5453,1.1679,STATUS_FULL_TIME
Bundesliga,2023-2024,2023-08-19 13:30:00,Hoffenheim,Freiburg,1,2,1.67186,3.24821,11.045454545454545,21.727272727272727,0.5233,2.3344,STATUS_FULL_TIME
Bundesliga,2023-2024,2023-08-19 13:30:00,VfB Stuttgart,Bochum,5,0,3.98664,0.669108,24.2,18.235294117647058,2.9129,0.0536,STATUS_FULL_TIME
Bundesliga,2023-2024,2023-08-19 13:30:00,Wolfsburg,FC Heidenheim,2,0,3.21449,1.17776,16.58823529411765,16.57894736842105,2.556,0.3192,STATUS_FULL_TIME
Bundesliga,2023-2024,2023-08-20 15:30:00,Eintracht Frankfurt,Darmstadt,1,0,1.2399,0.813333,10.55,22.88235294117647,1.7585,0.8804,STATUS_FULL_TIME
Bundesliga,2023-2024,2023-08-20 13:30:00,Union Berlin,Mainz 05,4,1,2.11281,2.51995,16.25,9.52,1.0337,1.7135000000000002,STATUS_FULL_TIME
Bundesliga,2023-2024,2023-08-25 18:30:00,RasenBallsport Leipzig,VfB Stuttgart,5,1,2.0934,1.18326,12.772727272727273,19.066666666666666,2.0311,0.7339,STATUS_FULL_TIME
Bundesliga,2023-2024,2023-08-26 13:30:00,Bochum,Borussia Dortmund,1,1,1.01164,1.17241,8.9,10.090909090909092,1.2096,1.4873999999999998,STATUS_FULL_TIME
Bundesliga,2023-2024,2023-08-26 16:30:00,Borussia M.Gladbach,Bayer Leverkusen,0,3,1.76423,3.65301,15.916666666666666,14.823529411764707,0.4108,2.4562,STATUS_FULL_TIME
Bundesliga,2023-2024,2023-08-26 13:30:00,Darmstadt,Union Berlin,1,4,2.59994,1.6379,5.705882352941177,14.090909090909092,2.0173,0.7795000000000001,STATUS_FULL_TIME
Bundesliga,2023-2024,2023-08-26 13:30:00,FC Cologne,Wolfsburg,1,2,0.64301,2.26952,13.333333333333334,10.153846153846153,0.2495,2.6195000000000004,STATUS_FULL_TIME
Bundesliga,2023-2024,2023-08-26 13:30:00,FC Heidenheim,Hoffenheim,2,3,2.72999,2.75768,17.5,6.444444444444445,1.343,1.4165,STATUS_FULL_TIME
Bundesliga,2023-2024,2023-08-26 13:30:00,Freiburg,Werder Bremen,1,0,1.71877,0.696983,15.5625,13.875,2.2155,0.5646,STATUS_FULL_TIME
Bundesliga,2023-2024,2023-08-27 15:30:00,Bayern Munich,Augsburg,3,1,2.82296,0.726241,10.08,16.545454545454547,2.6955,0.201,STATUS_FULL_TIME
Bundesliga,2023-2024,2023-08-27 13:30:00,Mainz 05,Eintracht Frankfurt,1,1,1.44234,1.15731,8.848484848484848,8.055555555555555,1.5438,1.1585999999999999,STATUS_FULL_TIME
Bundesliga,2023-2024,2023-09-01 18:30:00,Borussia Dortmund,FC Heidenheim,2,2,2.74794,2.09517,11.23076923076923,12.708333333333334,1.8089,0.9521,STATUS_FULL_TIME
Bundesliga,2023-2024,2023-09-02 13:30:00,Augsburg,Bochum,2,2,1.88106,1.86494,18.0,5.666666666666667,1.3996,1.3236999999999999,STATUS_FULL_TIME
Bundesliga,2023-2024,2023-09-02 13:30:00,Bayer Leverkusen,Darmstadt,5,1,3.42599,0.681851,13.23076923076923,22.058823529411764,2.8233,0.1152,STATUS_FULL_TIME
Bundesliga,2023-2024,2023-09-02 16:30:00,Borussia M.Gladbach,Bayern Munich,1,2,0.201237,2.14949,38.25,6.516129032258065,0.1638,2.7231,STATUS_FULL_TIME
Bundesliga,2023-2024,2023-09-02 13:30:00,Hoffenheim,Wolfsburg,3,1,1.78689,1.4154,27.166666666666668,13.2,1.6682000000000001,1.0699999999999998,STATUS_FULL_TIME
Bundesliga,2023-2024,2023-09-02 13:30:00,VfB Stuttgart,Freiburg,5,0,2.09598,1.50372,24.866666666666667,13.75,1.8283999999999998,0.9128000000000001,STATUS_FULL_TIME
Bundesliga,2023-2024,2023-09-02 13:30:00,Werder Bremen,Mainz 05,4,0,3.01318,0.65805,12.277777777777779,6.275862068965517,2.78,0.1496,STATUS_FULL_TIME
Bundesliga,2023-2024,2023-09-03 13:30:00,Eintracht Frankfurt,FC Cologne,1,1,1.2824,0.931141,11.15,16.366666666666667,1.5966,1.0539,STATUS_FULL_TIME
Bundesliga,2023-2024,2023-09-03 15:30:00,Union Berlin,RasenBallsport Leipzig,0,3,0.17815,1.21402,15.10344827586207,7.0,0.4213,2.2996000000000003,STATUS_FULL_TIME
Bundesliga,2023-2024,2023-09-15 18:30:00,Bayern Munich,Bayer Leverkusen,2,2,2.74374,2.4584,15.73913043478261,16.47826086956522,1.5792,1.2026999999999999,STATUS_FULL_TIME
Bundesliga,2023-2024,2023-09-16 16:30:00,Bochum,Eintracht Frankfurt,1,1,2.17324,0.737999,7.382352941176471,9.619047619047619,2.4523,0.3835,STATUS_FULL_TIME
Bundesliga,2023-2024,2023-09-16 13:30:00,FC Cologne,Hoffenheim,1,3,1.19432,1.06988,5.666666666666667,12.5625,1.4346999999999999,1.2799,STATUS_FULL_TIME
Bundesliga,2023-2024,2023-09-16 13:30:00,Freiburg,Borussia Dortmund,2,4,1.14667,3.37255,12.894736842105264,19.076923076923077,0.2092,2.6971000000000003,STATUS_FULL_TIME
Bundesliga,2023-2024,2023-09-16 13:30:00,Mainz 05,VfB Stuttgart,1,3,1.16545,2.06366,17.58823529411765,12.588235294117647,0.7387,2.0365,STATUS_FULL_TIME
Bundesliga,2023-2024,2023-09-16 13:30:00,RasenBallsport Leipzig,Augsburg,3,0,1.46279,1.34046,13.736842105263158,17.9,1.4503000000000001,1.2679,STATUS_FULL_TIME
Bundesliga,2023-2024,2023-09-16 13:30:00,Wolfsburg,Union Berlin,2,1,0.566932,1.56941,18.88235294117647,9.958333333333334,0.5829,2.1719999999999997,STATUS_FULL_TIME
Bundesliga,2023-2024,2023-09-17 15:30:00,Darmstadt,Borussia M.Gladbach,3,3,1.328,3.49324,18.375,12.307692307692308,0.315,2.5803,STATUS_FULL_TIME
Bundesliga,2023-2024,2023-09-17 13:30:00,FC Heidenheim,Werder Bremen,4,2,1.96235,2.55978,8.25,9.05,0.9114,1.8528,STATUS_FULL_TIME
Bundesliga,2023-2024,2023-09-22 18:30:00,VfB Stuttgart,Darmstadt,3,1,3.04946,0.272376,11.576923076923077,16.26086956521739,2.8816,0.07,STATUS_FULL_TIME
Bundesliga,2023-2024,2023-09-23 13:30:00,Augsburg,Mainz 05,2,1,1.04683,0.487325,13.363636363636363,7.892857142857143,1.9351,0.7441,STATUS_FULL_TIME
Bundesliga,2023-2024,2023-09-23 13:30:00,Bayern Munich,Bochum,7,0,6.02607,0.0892044,8.92,12.074074074074074,2.9992,0.0004,STATUS_FULL_TIME
Bundesliga,2023-2024,2023-09-23 13:30:00,Borussia Dortmund,Wolfsburg,1,0,2.16482,0.343309,6.888888888888889,22.0,2.6393,0.2321,STATUS_FULL_TIME
Bundesliga,2023-2024,2023-09-23 13:30:00,Borussia M.Gladbach,RasenBallsport Leipzig,0,1,0.771966,1.03744,17.526315789473685,12.285714285714286,1.0508,1.6159999999999999,STATUS_FULL_TIME
Bundesliga,2023-2024,2023-09-23 13:30:00,Union Berlin,Hoffenheim,0,2,1.62442,2.15364,13.941176470588236,10.0,0.9631,1.8018999999999998,STATUS_FULL_TIME
Bundesliga,2023-2024,2023-09-23 16:30:00,Werder Bremen,FC Cologne,2,1,1.59965,1.98951,8.517241379310345,6.666666666666667,1.0781,1.6648999999999998,STATUS_FULL_TIME
Bundesliga,2023-2024,2023-09-24 13:30:00,Bayer Leverkusen,FC Heidenheim,4,1,3.97445,0.659741,9.75,24.94736842105263,2.9312,0.040999999999999995,STATUS_FULL_TIME
Bundesliga,2023-2024,2023-09-24 15:30:00,Eintracht Frankfurt,Freiburg,0,0,0.754063,0.407479,8.892857142857142,15.608695652173912,1.6171,0.9718,STATUS_FULL_TIME
Bundesliga,2023-2024,2023-09-29 18:30:00,Hoffenheim,Borussia Dortmund,1,3,1.85129,1.69401,8.375,16.153846153846153,1.476,1.2501,STATUS_FULL_TIME
Bundesliga,2023-2024,2023-09-30 13:30:00,Bochum,Borussia M.Gladbach,1,3,1.46515,2.86793,6.45,11.5625,0.5272,2.2957,STATUS_FULL_TIME
Bundesliga,2023-2024,2023-09-30 13:30:00,FC Cologne,VfB Stuttgart,0,2,0.803426,2.06666,15.25,8.23076923076923,0.4885,2.3215,STATUS_FULL_TIME
Bundesliga,2023-2024,2023-09-30 13:30:00,FC Heidenheim,Union Berlin,1,0,0.542933,2.1613,16.6,11.045454545454545,0.2966,2.5571,STATUS_FULL_TIME
Bundesliga,2023-2024,2023-09-30 13:30:00,Mainz 05,Bayer Leverkusen,0,3,0.388975,0.811962,16.541666666666668,15.0,0.8396,1.7669,STATUS_FULL_TIME
Bundesliga,2023-2024,2023-09-30 16:30:00,RasenBallsport Leipzig,Bayern Munich,2,2,0.793383,1.95099,15.538461538461538,9.2,0.4635,2.3247,STATUS_FULL_TIME
Bundesliga,2023-2024,2023-09-30 13:30:00,Wolfsburg,Eintracht Frankfurt,2,0,2.77737,1.09205,10.08,17.235294117647058,2.5407,0.3105,STATUS_FULL_TIME
Bundesliga,2023-2024,2023-10-01 13:30:00,Darmstadt,Werder Bremen,4,2,2.34923,1.54627,13.136363636363637,6.857142857142857,1.9917,0.7725,STATUS_FULL_TIME
Bundesliga,2023-2024,2023-10-01 15:30:00,Freiburg,Augsburg,2,0,1.2721,1.00081,15.6,11.565217391304348,1.6111,1.0663,STATUS_FULL_TIME
Bundesliga,2023-2024,2023-10-06 18:30:00,Borussia M.Gladbach,Mainz 05,2,2,3.01512,1.21309,7.548387096774194,16.68421052631579,2.5113999999999996,0.34930000000000005,STATUS_FULL_TIME
Bundesliga,2023-2024,2023-10-07 13:30:00,Augsburg,Darmstadt,1,2,1.18473,1.96153,9.64,11.375,0.8072999999999999,1.9707,STATUS_FULL_TIME
Bundesliga,2023-2024,2023-10-07 13:30:00,Borussia Dortmund,Union Berlin,4,2,1.76935,1.5245,13.727272727272727,15.16,1.5529,1.1323,STATUS_FULL_TIME
Bundesliga,2023-2024,2023-10-07 13:30:00,RasenBallsport Leipzig,Bochum,0,0,2.22631,0.741054,5.647058823529412,18.823529411764707,2.5285,0.319,STATUS_FULL_TIME
Bundesliga,2023-2024,2023-10-07 13:30:00,VfB Stuttgart,Wolfsburg,3,1,3.02575,1.06355,8.153846153846153,16.2,2.6759,0.2198,STATUS_FULL_TIME
Bundesliga,2023-2024,2023-10-07 16:30:00,Werder Bremen,Hoffenheim,2,3,1.03064,1.52805,11.038461538461538,11.136363636363637,0.9367,1.7818,STATUS_FULL_TIME
Bundesliga,2023-2024,2023-10-08 13:30:00,Bayer Leverkusen,FC Cologne,3,0,3.72502,1.41915,12.619047619047619,47.27272727272727,2.6664,0.2355,STATUS_FULL_TIME
Bundesliga,2023-2024,2023-10-08 15:30:00,Bayern Munich,Freiburg,3,0,2.37438,0.0704987,11.411764705882353,45.36363636363637,2.8859,0.062,STATUS_FULL_TIME
Bundesliga,2023-2024,2023-10-08 17:30:00,Eintracht Frankfurt,FC Heidenheim,2,0,1.83609,0.625618,10.827586206896552,15.05,2.3882,0.4043,STATUS_FULL_TIME
Bundesliga,2023-2024,2023-10-20 18:30:00,Borussia Dortmund,Werder Bremen,1,0,2.7285,0.53973,22.76923076923077,17.055555555555557,2.6867,0.2096,STATUS_FULL_TIME
Bundesliga,2023-2024,2023-10-21 13:30:00,Darmstadt,RasenBallsport Leipzig,1,3,1.68331,1.83161,7.04,16.625,1.258,1.4770000000000003,STATUS_FULL_TIME
Bundesliga,2023-2024,2023-10-21 13:30:00,Freiburg,Bochum,2,1,2.5274,1.37705,9.0,12.761904761904763,2.1968,0.611,STATUS_FULL_TIME
Bundesliga,2023-2024,2023-10-21 13:30:00,Hoffenheim,Eintracht Frankfurt,1,3,1.13281,2.13235,18.11764705882353,25.583333333333332,0.6780999999999999,2.1088,STATUS_FULL_TIME
Bundesliga,2023-2024,2023-10-21 16:30:00,Mainz 05,Bayern Munich,1,3,0.975025,1.68693,12.4,12.705882352941176,0.8082,1.9512,STATUS_FULL_TIME
Bundesliga,2023-2024,2023-10-21 13:30:00,Union Berlin,VfB Stuttgart,0,3,0.573025,1.87513,11.451612903225806,26.444444444444443,0.41459999999999997,2.3898,STATUS_FULL_TIME
Bundesliga,2023-2024,2023-10-21 13:30:00,Wolfsburg,Bayer Leverkusen,1,2,1.3318,2.27695,14.384615384615385,13.368421052631579,0.7427,2.0459,STATUS_FULL_TIME
Bundesliga,2023-2024,2023-10-22 13:30:00,FC Cologne,Borussia M.Gladbach,3,1,2.72755,0.407008,10.7,21.642857142857142,2.8475,0.0902,STATUS_FULL_TIME
Bundesliga,2023-2024,2023-10-22 15:30:00,FC Heidenheim,Augsburg,2,5,1.99327,2.82353,16.142857142857142,22.8125,0.7886,1.9913,STATUS_FULL_TIME
Bundesliga,2023-2024,2023-10-27 18:30:00,Bochum,Mainz 05,2,2,2.13405,0.443599,7.678571428571429,6.423076923076923,2.7372,0.16620000000000001,STATUS_FULL_TIME
Bundesliga,2023-2024,2023-10-28 13:30:00,Augsburg,Wolfsburg,3,2,1.59374,1.25516,16.736842105263158,12.6875,1.6435,1.0528,STATUS_FULL_TIME
Bundesliga,2023-2024,2023-10-28 13:30:00,Bayern Munich,Darmstadt,8,0,5.884,0.924873,10.214285714285714,16.0625,2.979,0.012299999999999998,STATUS_FULL_TIME
Bundesliga,2023-2024,2023-10-28 13:30:00,Borussia M.Gladbach,FC Heidenheim,2,1,0.981009,0.395956,15.7,15.884615384615385,1.8668999999999998,0.7671,STATUS_FULL_TIME
Bundesliga,2023-2024,2023-10-28 16:30:00,RasenBallsport Leipzig,FC Cologne,6,0,4.85886,1.32863,20.545454545454547,26.133333333333333,2.9088000000000003,0.0606,STATUS_FULL_TIME
Bundesliga,2023-2024,2023-10-28 13:30:00,VfB Stuttgart,Hoffenheim,2,3,3.15109,1.74412,6.555555555555555,27.307692307692307,2.3469,0.4707,STATUS_FULL_TIME
Bundesliga,2023-2024,2023-10-28 13:30:00,Werder Bremen,Union Berlin,2,0,0.690799,0.368624,12.894736842105264,18.272727272727273,1.6404999999999998,0.9330999999999999,STATUS_FULL_TIME
Bundesliga,2023-2024,2023-10-29 16:30:00,Bayer Leverkusen,Freiburg,2,1,1.60773,1.02333,8.35,20.11111111111111,1.8027000000000002,0.924,STATUS_FULL_TIME
Bundesliga,2023-2024,2023-10-29 14:30:00,Eintracht Frankfurt,Borussia Dortmund,3,3,3.67492,2.41687,25.692307692307693,8.24,2.2056999999999998,0.6199,STATUS_FULL_TIME
Bundesliga,2023-2024,2023-11-03 19:30:00,Darmstadt,Bochum,1,2,0.854923,1.56273,7.1875,7.25,0.7707000000000002,1.974,STATUS_FULL_TIME
Bundesliga,2023-2024,2023-11-04 17:30:00,Borussia Dortmund,Bayern Munich,0,4,1.47623,2.86067,9.702702702702704,16.705882352941178,0.5307,2.3028,STATUS_FULL_TIME
Bundesliga,2023-2024,2023-11-04 14:30:00,FC Cologne,Augsburg,1,1,2.22618,2.54685,8.875,16.0,1.1477,1.6294999999999997,STATUS_FULL_TIME
Bundesliga,2023-2024,2023-11-04 14:30:00,Freiburg,Borussia M.Gladbach,3,3,3.3903,1.92375,18.133333333333333,22.642857142857142,2.3773,0.46209999999999996,STATUS_FULL_TIME
Bundesliga,2023-2024,2023-11-04 14:30:00,Hoffenheim,Bayer Leverkusen,2,3,1.27214,1.05046,30.09090909090909,21.857142857142858,1.5462000000000002,1.1505,STATUS_FULL_TIME
Bundesliga,2023-2024,2023-11-04 14:30:00,Mainz 05,RasenBallsport Leipzig,2,0,1.49686,0.507864,20.22222222222222,8.631578947368421,2.2365,0.531,STATUS_FULL_TIME
Bundesliga,2023-2024,2023-11-04 14:30:00,Union Berlin,Eintracht Frankfurt,0,3,1.066,1.56887,11.571428571428571,12.941176470588236,0.8445,1.8531,STATUS_FULL_TIME
Bundesliga,2023-2024,2023-11-05 16:30:00,FC Heidenheim,VfB Stuttgart,2,0,0.78335,2.57296,25.428571428571427,6.0,0.2559,2.6258999999999997,STATUS_FULL_TIME
Bundesliga,2023-2024,2023-11-05 14:30:00,Wolfsburg,Werder Bremen,2,2,1.81371,1.40324,15.68421052631579,17.647058823529413,1.7129999999999999,1.0301999999999998,STATUS_FULL_TIME
Bundesliga,2023-2024,2023-11-10 19:30:00,Borussia M.Gladbach,Wolfsburg,4,0,2.094,0.500797,23.466666666666665,8.256410256410257,2.5220000000000002,0.3245,STATUS_FULL_TIME
Bundesliga,2023-2024,2023-11-11 14:30:00,Augsburg,Hoffenheim,1,1,0.937133,0.897413,15.083333333333334,7.7894736842105265,1.3417,1.3245999999999998,STATUS_FULL_TIME
Bundesliga,2023-2024,2023-11-11 14:30:00,Bayern Munich,FC Heidenheim,4,2,2.60786,1.04526,10.375,21.91304347826087,2.412,0.42389999999999994,STATUS_FULL_TIME
Bundesliga,2023-2024,2023-11-11 17:30:00,Bochum,FC Cologne,1,1,5.05629,1.07591,7.538461538461538,9.473684210526315,2.9426,0.0374,STATUS_FULL_TIME
Bundesliga,2023-2024,2023-11-11 14:30:00,Darmstadt,Mainz 05,0,0,0.449952,0.624718,7.52,13.538461538461538,1.0977000000000001,1.4556,STATUS_FULL_TIME
Bundesliga,2023-2024,2023-11-11 14:30:00,VfB Stuttgart,Borussia Dortmund,2,1,4.1718,0.7643,11.5,18.2,2.9517,0.029400000000000003,STATUS_FULL_TIME
Bundesliga,2023-2024,2023-11-12 14:30:00,Bayer Leverkusen,Union Berlin,4,0,3.04223,0.0283806,14.533333333333333,105.0,2.9482000000000004,0.0271,STATUS_FULL_TIME
Bundesliga,2023-2024,2023-11-12 19:30:00,RasenBallsport Leipzig,Freiburg,3,1,1.90144,0.398988,14.533333333333333,18.181818181818183,2.573,0.2762,STATUS_FULL_TIME
Bundesliga,2023-2024,2023-11-12 16:30:00,Werder Bremen,Eintracht Frankfurt,2,2,1.93909,2.02339,23.285714285714285,23.4,1.2997,1.4299,STATUS_FULL_TIME
Bundesliga,2023-2024,2023-11-24 19:30:00,FC Cologne,Bayern Munich,0,1,0.189125,3.8999,20.16,13.133333333333333,0.011099999999999999,2.9802000000000004,STATUS_FULL_TIME
Bundesliga,2023-2024,2023-11-25 14:30:00,Borussia Dortmund,Borussia M.Gladbach,4,2,3.36754,0.789918,11.518518518518519,18.736842105263158,2.7691000000000003,0.15489999999999998,STATUS_FULL_TIME
Bundesliga,2023-2024,2023-11-25 17:30:00,Eintracht Frankfurt,VfB Stuttgart,1,2,0.787582,2.29764,9.846153846153847,16.5,0.38650000000000007,2.4571,STATUS_FULL_TIME
Bundesliga,2023-2024,2023-11-25 14:30:00,Freiburg,Darmstadt,1,1,1.34505,0.34181,9.588235294117647,27.214285714285715,2.2968,0.45330000000000004,STATUS_FULL_TIME
Bundesliga,2023-2024,2023-11-25 14:30:00,Union Berlin,Augsburg,1,1,2.40798,1.84043,7.730769230769231,17.09090909090909,1.7684,0.9818,STATUS_FULL_TIME
Bundesliga,2023-2024,2023-11-25 14:30:00,Werder Bremen,Bayer Leverkusen,0,3,0.306657,1.7528,16.0,28.363636363636363,0.3052,2.5132,STATUS_FULL_TIME
Bundesliga,2023-2024,2023-11-25 14:30:00,Wolfsburg,RasenBallsport Leipzig,2,1,0.634004,2.90646,12.538461538461538,8.476190476190476,0.205,2.7045999999999997,STATUS_FULL_TIME
Bundesliga,2023-2024,2023-11-26 14:30:00,FC Heidenheim,Bochum,0,0,0.748895,0.359399,10.304347826086957,12.157894736842104,1.7165,0.8738,STATUS_FULL_TIME
Bundesliga,2023-2024,2023-11-26 16:30:00,Hoffenheim,Mainz 05,1,1,0.7002,1.96701,10.181818181818182,10.692307692307692,0.4357,2.3709999999999996,STATUS_FULL_TIME
Bundesliga,2023-2024,2023-12-01 18:30:00,Darmstadt,FC Cologne,0,1,0.61755,1.30112,14.263157894736842,16.53846153846154,0.7148000000000001,2.0006,STATUS_FULL_TIME
Bundesliga,2023-2024,2023-12-02 14:30:00,Bochum,Wolfsburg,3,1,2.07603,1.03452,12.095238095238095,10.722222222222221,2.1258,0.6663,STATUS_FULL_TIME
Bundesliga,2023-2024,2023-12-02 14:30:00,Borussia M.Gladbach,Hoffenheim,2,1,1.60234,1.33696,18.4,11.708333333333334,1.6196000000000002,1.0988,STATUS_FULL_TIME
Bundesliga,2023-2024,2023-12-02 14:30:00,RasenBallsport Leipzig,FC Heidenheim,2,1,4.71075,1.17851,6.3,19.857142857142858,2.8941,0.07289999999999999,STATUS_FULL_TIME
Bundesliga,2023-2024,2023-12-02 17:30:00,VfB Stuttgart,Werder Bremen,2,0,4.01803,0.65905,11.041666666666666,29.583333333333332,2.9362999999999997,0.040400000000000005,STATUS_FULL_TIME
Bundesliga,2023-2024,2023-12-03 18:30:00,Augsburg,Eintracht Frankfurt,2,1,1.95055,0.906933,14.107142857142858,10.823529411764707,2.2363,0.5503,STATUS_FULL_TIME
Bundesliga,2023-2024,2023-12-03 16:30:00,Bayer Leverkusen,Borussia Dortmund,1,1,1.96389,1.26088,5.161290322580645,19.615384615384617,1.9241,0.7922,STATUS_FULL_TIME
Bundesliga,2023-2024,2023-12-03 14:30:00,Mainz 05,Freiburg,0,1,2.86869,1.34097,8.619047619047619,18.6875,2.3518000000000003,0.49060000000000004,STATUS_FULL_TIME
Bundesliga,2023-2024,2023-12-08 19:30:00,Hoffenheim,Bochum,3,1,2.27533,1.82523,11.32,7.72,1.6655999999999997,1.1058,STATUS_FULL_TIME
Bundesliga,2023-2024,2023-12-09 17:30:00,Borussia Dortmund,RasenBallsport Leipzig,2,3,1.71347,3.63569,16.923076923076923,13.708333333333334,0.4039,2.4715,STATUS_FULL_TIME
Bundesliga,2023-2024,2023-12-09 14:30:00,Eintracht Frankfurt,Bayern Munich,5,1,1.84651,2.59277,24.22222222222222,10.65,0.8748,1.9158,STATUS_FULL_TIME
Bundesliga,2023-2024,2023-12-09 14:30:00,FC Heidenheim,Darmstadt,3,2,1.86894,1.00759,11.85,8.058823529411764,2.0041,0.766,STATUS_FULL_TIME
Bundesliga,2023-2024,2023-12-09 14:30:00,Union Berlin,Borussia M.Gladbach,3,1,2.5675,1.03267,13.92,9.1,2.4444000000000004,0.39690000000000003,STATUS_FULL_TIME
Bundesliga,2023-2024,2023-12-09 14:30:00,Werder Bremen,Augsburg,2,0,1.84577,0.627715,13.647058823529411,13.1,2.283,0.5016,STATUS_FULL_TIME
Bundesliga,2023-2024,2023-12-09 14:30:00,Wolfsburg,Freiburg,0,1,1.32934,0.511263,9.24,27.615384615384617,2.1048999999999998,0.6118,STATUS_FULL_TIME
Bundesliga,2023-2024,2023-12-10 16:30:00,FC Cologne,Mainz 05,0,0,0.248621,1.87569,11.192307692307692,12.10344827586207,0.2396,2.6102,STATUS_FULL_TIME
Bundesliga,2023-2024,2023-12-10 14:30:00,VfB Stuttgart,Bayer Leverkusen,1,1,2.61136,1.47429,9.46875,16.9,2.1818,0.6275000000000001,STATUS_FULL_TIME
Bundesliga,2023-2024,2023-12-15 19:30:00,Borussia M.Gladbach,Werder Bremen,2,2,1.20813,1.64723,14.391304347826088,16.285714285714285,1.0077,1.7259,STATUS_FULL_TIME
Bundesliga,2023-2024,2023-12-16 14:30:00,Augsburg,Borussia Dortmund,1,1,1.509,2.02537,13.0,12.642857142857142,1.009,1.7656,STATUS_FULL_TIME
Bundesliga,2023-2024,2023-12-16 14:30:00,Bochum,Union Berlin,3,0,3.57797,0.670719,13.764705882352942,15.285714285714286,2.8572999999999995,0.0931,STATUS_FULL_TIME
Bundesliga,2023-2024,2023-12-16 14:30:00,Darmstadt,Wolfsburg,0,1,0.942093,0.587028,6.72,24.53846153846154,1.69,0.9499,STATUS_FULL_TIME
Bundesliga,2023-2024,2023-12-16 14:30:00,Mainz 05,FC Heidenheim,0,1,1.21178,0.756363,8.307692307692308,10.272727272727273,1.6986999999999999,0.9862,STATUS_FULL_TIME
Bundesliga,2023-2024,2023-12-16 17:30:00,RasenBallsport Leipzig,Hoffenheim,3,1,2.91669,1.04243,14.235294117647058,18.1875,2.6008,0.27790000000000004,STATUS_FULL_TIME
Bundesliga,2023-2024,2023-12-17 16:30:00,Bayer Leverkusen,Eintracht Frankfurt,3,0,2.4919,0.205245,26.727272727272727,14.323529411764707,2.8510999999999997,0.0869,STATUS_FULL_TIME
Bundesliga,2023-2024,2023-12-17 18:30:00,Bayern Munich,VfB Stuttgart,3,0,3.41522,0.309157,15.413793103448276,8.555555555555555,2.9189000000000003,0.049100000000000005,STATUS_FULL_TIME
Bundesliga,2023-2024,2023-12-17 14:30:00,Freiburg,FC Cologne,2,0,3.46957,1.24601,12.565217391304348,13.88888888888889,2.6901,0.2142,STATUS_FULL_TIME
Bundesliga,2023-2024,2023-12-19 19:30:00,Borussia Dortmund,Mainz 05,1,1,1.33337,1.06262,10.166666666666666,11.875,1.5311000000000001,1.1771,STATUS_FULL_TIME
Bundesliga,2023-2024,2023-12-19 19:30:00,Hoffenheim,Darmstadt,3,3,2.81806,0.952662,29.363636363636363,10.952380952380953,2.6078,0.2693,STATUS_FULL_TIME
Bundesliga,2023-2024,2023-12-19 17:30:00,Werder Bremen,RasenBallsport Leipzig,1,1,1.48185,1.99449,13.333333333333334,12.545454545454545,0.9867,1.7573999999999999,STATUS_FULL_TIME
Bundesliga,2023-2024,2023-12-20 19:30:00,Bayer Leverkusen,Bochum,4,0,3.32375,0.325421,12.571428571428571,13.324324324324325,2.9186,0.049100000000000005,STATUS_FULL_TIME
Bundesliga,2023-2024,2023-12-20 19:30:00,Eintracht Frankfurt,Borussia M.Gladbach,2,1,1.53912,0.552196,9.75,13.875,2.2664999999999997,0.4911,STATUS_FULL_TIME
Bundesliga,2023-2024,2023-12-20 19:30:00,FC Heidenheim,Freiburg,3,2,1.75628,1.59052,7.821428571428571,12.454545454545455,1.4712,1.2252,STATUS_FULL_TIME
Bundesliga,2023-2024,2023-12-20 17:30:00,Union Berlin,FC Cologne,2,0,1.86539,0.897866,13.5,8.25,2.1749,0.5939,STATUS_FULL_TIME
Bundesliga,2023-2024,2023-12-20 19:30:00,VfB Stuttgart,Augsburg,3,0,2.65007,0.224572,12.266666666666667,11.942857142857143,2.8391,0.0968,STATUS_FULL_TIME
Bundesliga,2023-2024,2023-12-20 19:30:00,Wolfsburg,Bayern Munich,1,2,0.313193,3.15053,13.448275862068966,14.0,0.0513,2.9135999999999997,STATUS_FULL_TIME
Bundesliga,2023-2024,2024-01-12 19:30:00,Bayern Munich,Hoffenheim,3,0,3.4164,1.61888,8.06060606060606,23.363636363636363,2.4137,0.4442,STATUS_FULL_TIME
Bundesliga,2023-2024,2024-01-13 14:30:00,Augsburg,Bayer Leverkusen,0,1,0.445211,2.31757,15.791666666666666,7.3,0.23759999999999998,2.6328,STATUS_FULL_TIME
Bundesliga,2023-2024,2024-01-13 17:30:00,Darmstadt,Borussia Dortmund,0,3,0.825788,3.14682,9.40625,24.272727272727273,0.1623,2.7585,STATUS_FULL_TIME
Bundesliga,2023-2024,2024-01-13 14:30:00,FC Cologne,FC Heidenheim,1,1,0.641578,1.27869,10.958333333333334,9.68,0.7521,1.9614,STATUS_FULL_TIME
Bundesliga,2023-2024,2024-01-13 14:30:00,Freiburg,Union Berlin,0,0,2.1675,0.424997,18.470588235294116,24.11764705882353,2.6092,0.2536,STATUS_FULL_TIME
Bundesliga,2023-2024,2024-01-13 14:30:00,Mainz 05,Wolfsburg,1,1,0.366084,0.419404,8.166666666666666,14.38888888888889,1.1827999999999999,1.2818,STATUS_FULL_TIME
Bundesliga,2023-2024,2024-01-13 14:30:00,RasenBallsport Leipzig,Eintracht Frankfurt,0,1,2.67312,1.07791,7.4411764705882355,21.533333333333335,2.3798,0.4547,STATUS_FULL_TIME
Bundesliga,2023-2024,2024-01-14 14:30:00,Bochum,Werder Bremen,1,1,1.24017,0.934194,6.9375,10.941176470588236,1.6502999999999999,1.0455,STATUS_FULL_TIME
Bundesliga,2023-2024,2024-01-14 16:30:00,Borussia M.Gladbach,VfB Stuttgart,3,1,2.02288,1.24703,27.8125,7.032258064516129,1.9886000000000001,0.7814,STATUS_FULL_TIME
Bundesliga,2023-2024,2024-01-20 14:30:00,Bochum,VfB Stuttgart,1,0,0.71453,1.99316,13.157894736842104,6.181818181818182,0.4961,2.2984999999999998,STATUS_FULL_TIME
Bundesliga,2023-2024,2024-01-20 14:30:00,Darmstadt,Eintracht Frankfurt,2,2,1.3877,1.28892,22.2,20.6875,1.3828999999999998,1.3175,STATUS_FULL_TIME
Bundesliga,2023-2024,2024-01-20 14:30:00,FC Cologne,Borussia Dortmund,0,4,1.3929,3.48032,20.863636363636363,13.666666666666666,0.23170000000000002,2.6698,STATUS_FULL_TIME
Bundesliga,2023-2024,2024-01-20 14:30:00,FC Heidenheim,Wolfsburg,1,1,1.19211,1.22104,13.3,14.578947368421053,1.3687,1.3239999999999998,STATUS_FULL_TIME
Bundesliga,2023-2024,2024-01-20 14:30:00,Freiburg,Hoffenheim,3,2,2.47971,1.76349,9.222222222222221,12.0,1.8859000000000001,0.8965000000000001,STATUS_FULL_TIME
Bundesliga,2023-2024,2024-01-20 17:30:00,RasenBallsport Leipzig,Bayer Leverkusen,2,3,1.59453,2.17224,18.047619047619047,11.5,0.9413,1.8077,STATUS_FULL_TIME
Bundesliga,2023-2024,2024-01-21 14:30:00,Bayern Munich,Werder Bremen,0,1,1.54562,0.429252,6.888888888888889,22.692307692307693,2.2596,0.5007,STATUS_FULL_TIME
Bundesliga,2023-2024,2024-01-21 16:30:00,Borussia M.Gladbach,Augsburg,1,2,1.87919,1.61193,11.529411764705882,8.93939393939394,1.553,1.1723000000000001,STATUS_FULL_TIME
Bundesliga,2023-2024,2024-01-24 18:30:00,Bayern Munich,Union Berlin,1,0,2.172,0.477644,14.583333333333334,40.44444444444444,2.6022,0.258,STATUS_FULL_TIME
Bundesliga,2023-2024,2024-01-26 19:30:00,Eintracht Frankfurt,Mainz 05,1,0,1.13826,0.815239,10.25925925925926,21.166666666666668,1.6651,0.9577,STATUS_FULL_TIME
Bundesliga,2023-2024,2024-01-27 14:30:00,Augsburg,Bayern Munich,2,3,2.68517,2.27504,10.90625,13.5,1.6848,1.0656,STATUS_FULL_TIME
Bundesliga,2023-2024,2024-01-27 17:30:00,Bayer Leverkusen,Borussia M.Gladbach,0,0,3.32828,0.278864,6.151515151515151,38.888888888888886,2.9168000000000003,0.0509,STATUS_FULL_TIME
Bundesliga,2023-2024,2024-01-27 14:30:00,Hoffenheim,FC Heidenheim,1,1,3.23703,1.10065,5.074074074074074,22.6875,2.6711000000000005,0.22699999999999998,STATUS_FULL_TIME
Bundesliga,2023-2024,2024-01-27 14:30:00,VfB Stuttgart,RasenBallsport Leipzig,5,2,3.13056,0.495967,15.0,18.263157894736842,2.8742,0.0728,STATUS_FULL_TIME
Bundesliga,2023-2024,2024-01-27 14:30:00,Werder Bremen,Freiburg,3,1,2.33032,1.33739,22.529411764705884,10.24,2.2015000000000002,0.5623,STATUS_FULL_TIME
Bundesliga,2023-2024,2024-01-27 14:30:00,Wolfsburg,FC Cologne,1,1,2.13999,0.365929,7.777777777777778,15.0625,2.6583,0.21989999999999998,STATUS_FULL_TIME
Bundesliga,2023-2024,2024-01-28 16:30:00,Borussia Dortmund,Bochum,3,1,3.09919,0.388377,8.4375,10.035714285714286,2.8948000000000005,0.0643,STATUS_FULL_TIME
Bundesliga,2023-2024,2024-01-28 14:30:00,Union Berlin,Darmstadt,1,0,3.54733,1.00135,10.23076923076923,18.8,2.7348,0.1896,STATUS_FULL_TIME
Bundesliga,2023-2024,2024-02-02 19:30:00,FC Heidenheim,Borussia Dortmund,0,0,1.00945,0.8117,16.72,7.095238095238095,1.5286000000000002,1.1434,STATUS_FULL_TIME
Bundesliga,2023-2024,2024-02-03 14:30:00,Bayern Munich,Borussia M.Gladbach,3,1,2.58401,0.780069,14.227272727272727,19.5,2.5404999999999998,0.32320000000000004,STATUS_FULL_TIME
Bundesliga,2023-2024,2024-02-03 14:30:00,Bochum,Augsburg,1,1,1.16731,1.39431,6.7,4.7407407407407405,1.1329,1.5553000000000001,STATUS_FULL_TIME
Bundesliga,2023-2024,2024-02-03 14:30:00,Darmstadt,Bayer Leverkusen,0,2,0.432778,2.18207,22.043478260869566,7.538461538461538,0.2701,2.5972,STATUS_FULL_TIME
Bundesliga,2023-2024,2024-02-03 17:30:00,FC Cologne,Eintracht Frankfurt,2,0,2.09653,1.16049,18.7,9.956521739130435,2.1378,0.6246,STATUS_FULL_TIME
Bundesliga,2023-2024,2024-02-03 14:30:00,Freiburg,VfB Stuttgart,1,3,1.15964,2.73728,27.352941176470587,20.2,0.4431,2.3925,STATUS_FULL_TIME
Bundesliga,2023-2024,2024-02-03 14:30:00,Mainz 05,Werder Bremen,0,1,1.04044,0.395044,3.6923076923076925,17.153846153846153,1.9384000000000001,0.7315,STATUS_FULL_TIME
Bundesliga,2023-2024,2024-02-04 16:30:00,RasenBallsport Leipzig,Union Berlin,2,0,1.7598,0.65912,9.695652173913043,32.15384615384615,2.2477,0.5386,STATUS_FULL_TIME
Bundesliga,2023-2024,2024-02-04 14:30:00,Wolfsburg,Hoffenheim,2,2,1.60418,1.93269,17.5,7.115384615384615,1.1809,1.5720999999999998,STATUS_FULL_TIME
Bundesliga,2023-2024,2024-02-07 17:30:00,Mainz 05,Union Berlin,1,1,1.37814,1.53583,6.84,8.285714285714286,1.2548,1.472,STATUS_FULL_TIME
Bundesliga,2023-2024,2024-02-09 19:30:00,Borussia Dortmund,Freiburg,3,0,3.21996,0.230074,7.9523809523809526,37.38461538461539,2.9076999999999997,0.0547,STATUS_FULL_TIME
Bundesliga,2023-2024,2024-02-10 14:30:00,Augsburg,RasenBallsport Leipzig,2,2,0.965916,1.78901,12.863636363636363,9.5,0.7088000000000001,2.0456,STATUS_FULL_TIME
Bundesliga,2023-2024,2024-02-10 17:30:00,Bayer Leverkusen,Bayern Munich,3,0,1.22993,0.710198,18.952380952380953,7.294117647058823,1.7971,0.8898999999999999,STATUS_FULL_TIME
Bundesliga,2023-2024,2024-02-10 14:30:00,Borussia M.Gladbach,Darmstadt,0,0,1.47353,0.817722,9.285714285714286,13.695652173913043,1.9241000000000001,0.764,STATUS_FULL_TIME
Bundesliga,2023-2024,2024-02-10 14:30:00,Eintracht Frankfurt,Bochum,1,1,2.44154,1.27691,9.95,8.62962962962963,2.2681999999999998,0.5426,STATUS_FULL_TIME
Bundesliga,2023-2024,2024-02-10 14:30:00,Union Berlin,Wolfsburg,1,0,0.575454,1.08099,13.117647058823529,10.052631578947368,0.8953,1.7767000000000002,STATUS_FULL_TIME
Bundesliga,2023-2024,2024-02-10 14:30:00,Werder Bremen,FC Heidenheim,1,2,1.62589,2.1722,9.4375,17.38095238095238,0.8822,1.8515,STATUS_FULL_TIME
Bundesliga,2023-2024,2024-02-11 16:30:00,Hoffenheim,FC Cologne,1,1,0.726907,0.172441,8.32,18.555555555555557,1.8536000000000001,0.6923,STATUS_FULL_TIME
Bundesliga,2023-2024,2024-02-11 14:30:00,VfB Stuttgart,Mainz 05,3,1,2.17007,1.61535,9.5,16.869565217391305,1.7852999999999999,0.9801000000000001,STATUS_FULL_TIME
Bundesliga,2023-2024,2024-02-16 19:30:00,FC Cologne,Werder Bremen,0,1,0.627448,1.35198,9.125,9.64516129032258,0.6940999999999999,2.0305999999999997,STATUS_FULL_TIME
Bundesliga,2023-2024,2024-02-17 14:30:00,Darmstadt,VfB Stuttgart,1,2,2.66748,1.74454,10.526315789473685,15.666666666666666,2.0182,0.7771,STATUS_FULL_TIME
Bundesliga,2023-2024,2024-02-17 14:30:00,FC Heidenheim,Bayer Leverkusen,1,2,0.698981,1.87986,11.096774193548388,10.0,0.5031,2.2683,STATUS_FULL_TIME
Bundesliga,2023-2024,2024-02-17 14:30:00,Hoffenheim,Union Berlin,0,1,1.24508,2.1649,9.05,24.75,0.6834,2.0913,STATUS_FULL_TIME
Bundesliga,2023-2024,2024-02-17 14:30:00,Mainz 05,Augsburg,1,0,2.62289,0.612185,7.44,5.65,2.6947,0.20500000000000002,STATUS_FULL_TIME
Bundesliga,2023-2024,2024-02-17 17:30:00,RasenBallsport Leipzig,Borussia M.Gladbach,2,0,1.49022,0.944074,10.25925925925926,10.92,1.7803999999999998,0.9481999999999999,STATUS_FULL_TIME
Bundesliga,2023-2024,2024-02-17 14:30:00,Wolfsburg,Borussia Dortmund,1,1,2.11967,1.21109,10.421052631578947,13.545454545454545,2.1189,0.6396,STATUS_FULL_TIME
Bundesliga,2023-2024,2024-02-18 16:30:00,Bochum,Bayern Munich,3,2,2.08495,2.86883,11.931034482758621,6.315789473684211,0.945,1.8474,STATUS_FULL_TIME
Bundesliga,2023-2024,2024-02-18 14:30:00,Freiburg,Eintracht Frankfurt,3,3,2.77236,1.35483,25.615384615384617,17.095238095238095,2.3474999999999997,0.48,STATUS_FULL_TIME
Bundesliga,2023-2024,2024-02-23 19:30:00,Bayer Leverkusen,Mainz 05,2,1,1.47222,0.471019,8.708333333333334,17.894736842105264,2.2119999999999997,0.5503,STATUS_FULL_TIME
Bundesliga,2023-2024,2024-02-24 17:30:00,Bayern Munich,RasenBallsport Leipzig,2,1,1.83179,0.57703,11.56,21.789473684210527,2.3163,0.483,STATUS_FULL_TIME
Bundesliga,2023-2024,2024-02-24 14:30:00,Borussia M.Gladbach,Bochum,5,2,3.64941,2.13723,10.631578947368421,7.888888888888889,2.2887,0.5625,STATUS_FULL_TIME
Bundesliga,2023-2024,2024-02-24 14:30:00,Union Berlin,FC Heidenheim,2,2,1.20933,1.33022,10.052631578947368,13.409090909090908,1.2541,1.4482000000000002,STATUS_FULL_TIME
Bundesliga,2023-2024,2024-02-24 14:30:00,VfB Stuttgart,FC Cologne,1,1,1.87785,1.43669,4.566666666666666,18.85185185185185,1.7111999999999998,1.0323,STATUS_FULL_TIME
Bundesliga,2023-2024,2024-02-24 14:30:00,Werder Bremen,Darmstadt,1,1,1.5891,0.890186,9.88,17.15,1.9397000000000002,0.8035999999999999,STATUS_FULL_TIME
Bundesliga,2023-2024,2024-02-25 18:30:00,Augsburg,Freiburg,2,1,2.40818,1.42649,5.56,17.176470588235293,2.1047,0.6539,STATUS_FULL_TIME
Bundesliga,2023-2024,2024-02-25 16:30:00,Borussia Dortmund,Hoffenheim,2,3,3.06361,1.31588,8.75,22.529411764705884,2.4663,0.3891,STATUS_FULL_TIME
Bundesliga,2023-2024,2024-02-25 14:30:00,Eintracht Frankfurt,Wolfsburg,2,2,1.53623,1.18165,10.157894736842104,14.904761904761905,1.6362999999999999,1.093,STATUS_FULL_TIME
Bundesliga,2023-2024,2024-03-01 19:30:00,Freiburg,Bayern Munich,2,2,1.53977,2.4424,17.22222222222222,9.80952380952381,0.8017000000000001,1.993,STATUS_FULL_TIME
Bundesliga,2023-2024,2024-03-02 14:30:00,Bochum,RasenBallsport Leipzig,1,4,0.562887,2.11704,7.8108108108108105,11.727272727272727,0.29159999999999997,2.568,STATUS_FULL_TIME
Bundesliga,2023-2024,2024-03-02 14:30:00,Darmstadt,Augsburg,0,6,1.113,3.39611,21.785714285714285,13.266666666666667,0.24810000000000001,2.6513999999999998,STATUS_FULL_TIME
Bundesliga,2023-2024,2024-03-02 14:30:00,FC Heidenheim,Eintracht Frankfurt,1,2,0.847831,1.57778,14.142857142857142,15.5625,0.7471,1.9975,STATUS_FULL_TIME
Bundesliga,2023-2024,2024-03-02 14:30:00,Mainz 05,Borussia M.Gladbach,1,1,1.08864,1.55082,9.692307692307692,6.954545454545454,0.9895999999999999,1.7492,STATUS_FULL_TIME
Bundesliga,2023-2024,2024-03-02 14:30:00,Union Berlin,Borussia Dortmund,0,2,0.999042,1.63921,13.666666666666666,9.80952380952381,0.8371,1.8931,STATUS_FULL_TIME
Bundesliga,2023-2024,2024-03-02 17:30:00,Wolfsburg,VfB Stuttgart,2,3,0.964288,1.04058,13.433333333333334,12.105263157894736,1.2077,1.4428999999999998,STATUS_FULL_TIME
Bundesliga,2023-2024,2024-03-03 14:30:00,FC Cologne,Bayer Leverkusen,0,2,1.29405,1.63841,36.0,6.2272727272727275,1.062,1.6374,STATUS_FULL_TIME
Bundesliga,2023-2024,2024-03-03 16:30:00,Hoffenheim,Werder Bremen,2,1,2.06582,1.34942,14.473684210526315,12.85,1.9092,0.8682,STATUS_FULL_TIME
Bundesliga,2023-2024,2024-03-08 19:30:00,VfB Stuttgart,Union Berlin,2,0,1.30933,0.839212,11.047619047619047,20.92,1.7490999999999999,0.9526,STATUS_FULL_TIME
Bundesliga,2023-2024,2024-03-09 14:30:00,Augsburg,FC Heidenheim,1,0,0.740927,0.267511,6.1923076923076925,9.25,1.8284,0.746,STATUS_FULL_TIME
Bundesliga,2023-2024,2024-03-09 14:30:00,Bayern Munich,Mainz 05,8,1,6.78137,1.07439,12.705882352941176,15.238095238095237,2.9908,0.0060999999999999995,STATUS_FULL_TIME
Bundesliga,2023-2024,2024-03-09 14:30:00,Borussia M.Gladbach,FC Cologne,3,3,2.54696,0.924707,7.625,16.842105263157894,2.4512,0.3923,STATUS_FULL_TIME
Bundesliga,2023-2024,2024-03-09 14:30:00,RasenBallsport Leipzig,Darmstadt,2,0,4.25377,0.394275,16.214285714285715,19.61111111111111,2.9587,0.0253,STATUS_FULL_TIME
Bundesliga,2023-2024,2024-03-09 17:30:00,Werder Bremen,Borussia Dortmund,1,2,1.34789,1.23563,15.846153846153847,17.6,1.4419,1.2778,STATUS_FULL_TIME
Bundesliga,2023-2024,2024-03-10 18:30:00,Bayer Leverkusen,Wolfsburg,2,0,2.09982,0.354851,9.375,50.666666666666664,2.6571,0.2133,STATUS_FULL_TIME
Bundesliga,2023-2024,2024-03-10 14:30:00,Bochum,Freiburg,1,2,1.28237,1.43573,7.190476190476191,11.444444444444445,1.1807999999999998,1.5312,STATUS_FULL_TIME
Bundesliga,2023-2024,2024-03-10 16:30:00,Eintracht Frankfurt,Hoffenheim,3,1,3.53168,0.695868,7.37037037037037,17.72222222222222,2.8386,0.1026,STATUS_FULL_TIME
Bundesliga,2023-2024,2024-03-15 19:30:00,FC Cologne,RasenBallsport Leipzig,1,5,1.18251,3.92775,20.705882352941178,7.318181818181818,0.12309999999999999,2.8146999999999998,STATUS_FULL_TIME
Bundesliga,2023-2024,2024-03-16 14:30:00,Darmstadt,Bayern Munich,2,5,1.2476,5.11913,19.75,4.9523809523809526,0.0601,2.9092,STATUS_FULL_TIME
Bundesliga,2023-2024,2024-03-16 14:30:00,FC Heidenheim,Borussia M.Gladbach,1,1,1.61096,0.820339,7.470588235294118,15.235294117647058,1.9687,0.7605999999999999,STATUS_FULL_TIME
Bundesliga,2023-2024,2024-03-16 17:30:00,Hoffenheim,VfB Stuttgart,0,3,0.229186,3.1752,11.64,10.761904761904763,0.0598,2.9019999999999997,STATUS_FULL_TIME
Bundesliga,2023-2024,2024-03-16 14:30:00,Mainz 05,Bochum,2,0,2.33802,0.590727,6.826086956521739,7.619047619047619,2.6389,0.2419,STATUS_FULL_TIME
Bundesliga,2023-2024,2024-03-16 14:30:00,Union Berlin,Werder Bremen,2,1,1.42836,0.833042,6.675675675675675,10.434782608695652,1.8868999999999998,0.8243,STATUS_FULL_TIME
Bundesliga,2023-2024,2024-03-16 14:30:00,Wolfsburg,Augsburg,1,3,1.67932,0.971481,7.2,6.428571428571429,1.9196,0.8399000000000001,STATUS_FULL_TIME
Bundesliga,2023-2024,2024-03-17 16:30:00,Borussia Dortmund,Eintracht Frankfurt,3,1,2.83411,0.86903,10.666666666666666,37.27272727272727,2.6896,0.20679999999999998,STATUS_FULL_TIME
Bundesliga,2023-2024,2024-03-17 14:30:00,Freiburg,Bayer Leverkusen,2,3,0.916618,2.50336,18.727272727272727,16.333333333333332,0.4093,2.4276999999999997,STATUS_FULL_TIME
Bundesliga,2023-2024,2024-03-30 14:30:00,Bayer Leverkusen,Hoffenheim,2,1,3.03672,0.657688,8.681818181818182,34.833333333333336,2.7484,0.1651,STATUS_FULL_TIME
Bundesliga,2023-2024,2024-03-30 17:30:00,Bayern Munich,Borussia Dortmund,0,2,1.90876,1.25844,9.0,24.857142857142858,1.8759000000000001,0.8829,STATUS_FULL_TIME
Bundesliga,2023-2024,2024-03-30 14:30:00,Borussia M.Gladbach,Freiburg,0,3,1.84419,2.08769,14.65,12.23076923076923,1.174,1.5777999999999999,STATUS_FULL_TIME
Bundesliga,2023-2024,2024-03-30 14:30:00,Eintracht Frankfurt,Union Berlin,0,0,1.3089,1.07679,6.785714285714286,15.047619047619047,1.521,1.1892,STATUS_FULL_TIME
Bundesliga,2023-2024,2024-03-30 14:30:00,RasenBallsport Leipzig,Mainz 05,0,0,2.91967,1.00565,7.0,11.88,2.5845,0.2874,STATUS_FULL_TIME
Bundesliga,2023-2024,2024-03-30 14:30:00,Werder Bremen,Wolfsburg,0,2,0.738782,2.44615,11.142857142857142,15.4,0.304,2.5516,STATUS_FULL_TIME
Bundesliga,2023-2024,2024-03-31 14:30:00,Augsburg,FC Cologne,1,1,2.13131,1.6795,7.625,8.8,1.6802000000000001,1.0484,STATUS_FULL_TIME
Bundesliga,2023-2024,2024-03-31 18:30:00,Bochum,Darmstadt,2,2,2.29251,0.879015,8.7,14.125,2.3522,0.4706,STATUS_FULL_TIME
Bundesliga,2023-2024,2024-03-31 16:30:00,VfB Stuttgart,FC Heidenheim,3,3,3.0588,1.62523,7.222222222222222,25.85,2.2953,0.5283,STATUS_FULL_TIME
Bundesliga,2023-2024,2024-04-05 18:30:00,Eintracht Frankfurt,Werder Bremen,1,1,2.18898,1.60098,7.9411764705882355,12.692307692307692,1.7712,0.9873000000000001,STATUS_FULL_TIME
Bundesliga,2023-2024,2024-04-06 16:30:00,Borussia Dortmund,VfB Stuttgart,0,1,2.95333,1.82865,16.15,15.55,2.1224,0.6917,STATUS_FULL_TIME
Bundesliga,2023-2024,2024-04-06 13:30:00,FC Cologne,Bochum,2,1,1.23733,0.777136,6.157894736842105,7.6,1.7185,0.9709,STATUS_FULL_TIME
Bundesliga,2023-2024,2024-04-06 13:30:00,FC Heidenheim,Bayern Munich,3,2,1.35048,2.12066,23.466666666666665,7.7272727272727275,0.8442999999999999,1.9206999999999996,STATUS_FULL_TIME
Bundesliga,2023-2024,2024-04-06 13:30:00,Freiburg,RasenBallsport Leipzig,1,4,1.55898,2.88698,17.1,11.714285714285714,0.5226,2.2905,STATUS_FULL_TIME
Bundesliga,2023-2024,2024-04-06 13:30:00,Mainz 05,Darmstadt,4,0,3.84973,0.558152,9.473684210526315,21.066666666666666,2.9055,0.059699999999999996,STATUS_FULL_TIME
Bundesliga,2023-2024,2024-04-06 13:30:00,Union Berlin,Bayer Leverkusen,0,1,0.269865,2.7617,20.166666666666668,9.7,0.0859,2.8545999999999996,STATUS_FULL_TIME
Bundesliga,2023-2024,2024-04-07 13:30:00,Hoffenheim,Augsburg,3,1,2.21977,0.806763,14.428571428571429,8.84375,2.3938,0.4375,STATUS_FULL_TIME
Bundesliga,2023-2024,2024-04-07 15:30:00,Wolfsburg,Borussia M.Gladbach,1,3,1.26689,1.38704,20.53846153846154,19.608695652173914,1.2605,1.4561000000000002,STATUS_FULL_TIME
Bundesliga,2023-2024,2024-04-12 18:30:00,Augsburg,Union Berlin,2,0,1.7073,1.55042,13.333333333333334,10.80952380952381,1.5118,1.2298,STATUS_FULL_TIME
Bundesliga,2023-2024,2024-04-13 13:30:00,Bayern Munich,FC Cologne,2,0,2.34705,0.766768,12.846153846153847,12.030303030303031,2.4455,0.38930000000000003,STATUS_FULL_TIME
Bundesliga,2023-2024,2024-04-13 13:30:00,Bochum,FC Heidenheim,1,1,1.11714,1.40689,4.586206896551724,13.944444444444445,1.1255,1.6039999999999999,STATUS_FULL_TIME
Bundesliga,2023-2024,2024-04-13 13:30:00,Borussia M.Gladbach,Borussia Dortmund,1,2,1.17228,1.80703,17.94736842105263,16.625,0.8471,1.8974000000000002,STATUS_FULL_TIME
Bundesliga,2023-2024,2024-04-13 13:30:00,Mainz 05,Hoffenheim,4,1,2.58388,0.529727,11.470588235294118,7.761904761904762,2.7298,0.16899999999999998,STATUS_FULL_TIME
Bundesliga,2023-2024,2024-04-13 13:30:00,RasenBallsport Leipzig,Wolfsburg,3,0,1.68139,0.323042,11.962962962962964,15.80952380952381,2.4303000000000003,0.3678,STATUS_FULL_TIME
Bundesliga,2023-2024,2024-04-13 16:30:00,VfB Stuttgart,Eintracht Frankfurt,3,0,1.26199,0.565621,19.9375,14.333333333333334,1.9850999999999999,0.7239,STATUS_FULL_TIME
Bundesliga,2023-2024,2024-04-14 15:30:00,Bayer Leverkusen,Werder Bremen,5,0,3.33579,0.885426,15.772727272727273,26.466666666666665,2.7857,0.14179999999999998,STATUS_FULL_TIME
Bundesliga,2023-2024,2024-04-14 13:30:00,Darmstadt,Freiburg,0,1,0.962275,1.34437,12.476190476190476,21.846153846153847,1.0373,1.6732999999999998,STATUS_FULL_TIME
Bundesliga,2023-2024,2024-04-19 18:30:00,Eintracht Frankfurt,Augsburg,3,1,1.88744,0.597958,16.818181818181817,15.5,2.3818,0.4231,STATUS_FULL_TIME
Bundesliga,2023-2024,2024-04-20 13:30:00,FC Cologne,Darmstadt,0,2,1.1117,1.95124,8.380952380952381,11.80952380952381,0.7285,2.0395000000000003,STATUS_FULL_TIME
Bundesliga,2023-2024,2024-04-20 13:30:00,FC Heidenheim,RasenBallsport Leipzig,1,2,1.35248,1.58114,15.875,17.5,1.1562,1.5468,STATUS_FULL_TIME
Bundesliga,2023-2024,2024-04-20 13:30:00,Hoffenheim,Borussia M.Gladbach,4,3,2.77278,1.36369,12.55,26.0,2.2674000000000003,0.5634,STATUS_FULL_TIME
Bundesliga,2023-2024,2024-04-20 16:30:00,Union Berlin,Bayern Munich,1,5,1.06863,1.92795,17.958333333333332,11.521739130434783,0.776,1.9954999999999998,STATUS_FULL_TIME
Bundesliga,2023-2024,2024-04-20 13:30:00,Wolfsburg,Bochum,1,0,1.34814,1.37904,8.636363636363637,5.961538461538462,1.3281999999999998,1.369,STATUS_FULL_TIME
Bundesliga,2023-2024,2024-04-21 15:30:00,Borussia Dortmund,Bayer Leverkusen,1,1,0.773997,1.51278,13.636363636363637,14.590909090909092,0.7342,1.9993,STATUS_FULL_TIME
Bundesliga,2023-2024,2024-04-21 17:30:00,Freiburg,Mainz 05,1,1,1.25572,1.47938,10.241379310344827,6.241379310344827,1.2156,1.5081,STATUS_FULL_TIME
Bundesliga,2023-2024,2024-04-21 13:30:00,Werder Bremen,VfB Stuttgart,2,1,1.40776,3.32355,22.88888888888889,5.121212121212121,0.2783,2.6029999999999998,STATUS_FULL_TIME
Bundesliga,2023-2024,2024-04-26 18:30:00,Bochum,Hoffenheim,3,2,3.91029,1.28293,9.727272727272727,7.764705882352941,2.7525999999999997,0.16959999999999997,STATUS_FULL_TIME
Bundesliga,2023-2024,2024-04-27 13:30:00,Augsburg,Werder Bremen,0,3,0.54257,2.53138,4.818181818181818,11.052631578947368,0.2016,2.6919,STATUS_FULL_TIME
Bundesliga,2023-2024,2024-04-27 16:30:00,Bayer Leverkusen,VfB Stuttgart,2,2,1.66579,2.02009,16.2,10.304347826086957,1.0873,1.6558000000000002,STATUS_FULL_TIME
Bundesliga,2023-2024,2024-04-27 13:30:00,Bayern Munich,Eintracht Frankfurt,2,1,3.29649,0.392852,8.161290322580646,24.3125,2.9045,0.0611,STATUS_FULL_TIME
Bundesliga,2023-2024,2024-04-27 13:30:00,Freiburg,Wolfsburg,1,2,1.86256,0.583145,11.0,11.944444444444445,2.3917,0.4165,STATUS_FULL_TIME
Bundesliga,2023-2024,2024-04-27 13:30:00,RasenBallsport Leipzig,Borussia Dortmund,4,1,2.74912,1.7764,15.227272727272727,9.272727272727273,2.0451,0.7482,STATUS_FULL_TIME
Bundesliga,2023-2024,2024-04-28 13:30:00,Borussia M.Gladbach,Union Berlin,0,0,1.21021,1.11351,20.571428571428573,10.866666666666667,1.3912000000000002,1.2970000000000002,STATUS_FULL_TIME
Bundesliga,2023-2024,2024-04-28 17:30:00,Darmstadt,FC Heidenheim,0,1,0.532047,1.49165,12.4,9.0,0.5563,2.1991,STATUS_FULL_TIME
Bundesliga,2023-2024,2024-04-28 15:30:00,Mainz 05,FC Cologne,1,1,1.88933,2.85686,10.095238095238095,7.3076923076923075,0.7031,2.0855,STATUS_FULL_TIME
Bundesliga,2023-2024,2024-05-03 18:30:00,Hoffenheim,RasenBallsport Leipzig,1,1,1.80367,1.03434,19.5,37.375,1.9387,0.8125000000000001,STATUS_FULL_TIME
Bundesliga,2023-2024,2024-05-04 13:30:00,Borussia Dortmund,Augsburg,5,1,3.67101,2.56978,16.333333333333332,17.17391304347826,2.0288,0.7955,STATUS_FULL_TIME
Bundesliga,2023-2024,2024-05-04 16:30:00,FC Cologne,Freiburg,0,0,1.08936,1.12733,8.185185185185185,15.6,1.2533999999999998,1.4133,STATUS_FULL_TIME
Bundesliga,2023-2024,2024-05-04 13:30:00,VfB Stuttgart,Bayern Munich,3,1,2.0106,1.92761,11.785714285714286,36.6,1.3977,1.3521,STATUS_FULL_TIME
Bundesliga,2023-2024,2024-05-04 13:30:00,Werder Bremen,Borussia M.Gladbach,2,2,1.31618,2.28533,12.869565217391305,19.27777777777778,0.7001,2.0915000000000004,STATUS_FULL_TIME
Bundesliga,2023-2024,2024-05-04 13:30:00,Wolfsburg,Darmstadt,3,0,3.16035,0.372357,21.428571428571427,17.22222222222222,2.8809,0.0732,STATUS_FULL_TIME
Bundesliga,2023-2024,2024-05-05 15:30:00,Eintracht Frankfurt,Bayer Leverkusen,1,5,1.57584,3.11322,9.814814814814815,66.6,0.4411,2.4133,STATUS_FULL_TIME
Bundesliga,2023-2024,2024-05-05 17:30:00,FC Heidenheim,Mainz 05,1,1,1.42565,2.2312,19.866666666666667,12.15,0.8078000000000001,1.9739000000000002,STATUS_FULL_TIME
Bundesliga,2023-2024,2024-05-05 13:30:00,Union Berlin,Bochum,3,4,1.49561,1.84679,7.636363636363637,8.777777777777779,1.1125,1.6407999999999998,STATUS_FULL_TIME
Bundesliga,2023-2024,2024-05-10 18:30:00,Augsburg,VfB Stuttgart,0,1,0.562362,1.82603,21.041666666666668,9.636363636363637,0.4799,2.3146999999999998,STATUS_FULL_TIME
Bundesliga,2023-2024,2024-05-11 13:30:00,Borussia M.Gladbach,Eintracht Frankfurt,1,1,0.323547,2.33139,12.407407407407407,13.3,0.17350000000000002,2.7265,STATUS_FULL_TIME
Bundesliga,2023-2024,2024-05-11 13:30:00,FC Cologne,Union Berlin,3,2,3.02417,1.66062,5.476190476190476,13.444444444444445,2.3553,0.4704,STATUS_FULL_TIME
Bundesliga,2023-2024,2024-05-11 13:30:00,Freiburg,FC Heidenheim,1,1,1.8695,0.634464,15.117647058823529,19.571428571428573,2.3422,0.44620000000000004,STATUS_FULL_TIME
Bundesliga,2023-2024,2024-05-11 16:30:00,Mainz 05,Borussia Dortmund,3,0,3.05403,0.398966,12.433333333333334,8.5,2.8663,0.0835,STATUS_FULL_TIME
Bundesliga,2023-2024,2024-05-11 13:30:00,RasenBallsport Leipzig,Werder Bremen,1,1,1.60961,1.0305,16.75,13.285714285714286,1.8444,0.8889,STATUS_FULL_TIME
Bundesliga,2023-2024,2024-05-12 15:30:00,Bayern Munich,Wolfsburg,2,0,0.37152,0.132383,18.944444444444443,27.77777777777778,1.4843,0.8888,STATUS_FULL_TIME
Bundesliga,2023-2024,2024-05-12 17:30:00,Bochum,Bayer Leverkusen,0,5,0.221516,4.59495,21.357142857142858,7.631578947368421,0.006200000000000001,2.9894,STATUS_FULL_TIME
Bundesliga,2023-2024,2024-05-12 13:30:00,Darmstadt,Hoffenheim,0,6,0.467229,3.67135,25.526315789473685,21.916666666666668,0.0453,2.9271000000000003,STATUS_FULL_TIME
Bundesliga,2023-2024,2024-05-18 13:30:00,Bayer Leverkusen,Augsburg,2,1,2.40225,1.19936,14.375,27.2,2.2242,0.5874,STATUS_FULL_TIME
Bundesliga,2023-2024,2024-05-18 13:30:00,Borussia Dortmund,Darmstadt,4,0,3.0526,0.281801,11.461538461538462,17.44,2.928,0.042300000000000004,STATUS_FULL_TIME
Bundesliga,2023-2024,2024-05-18 13:30:00,Eintracht Frankfurt,RasenBallsport Leipzig,2,2,2.62491,1.79078,11.724137931034482,12.833333333333334,1.9581000000000002,0.804,STATUS_FULL_TIME
Bundesliga,2023-2024,2024-05-18 13:30:00,FC Heidenheim,FC Cologne,4,1,1.46315,2.70114,15.0,8.777777777777779,0.5461,2.2603,STATUS_FULL_TIME
Bundesliga,2023-2024,2024-05-18 13:30:00,Hoffenheim,Bayern Munich,4,2,2.44188,1.69159,14.416666666666666,13.31578947368421,1.9072999999999998,0.8741,STATUS_FULL_TIME
Bundesliga,2023-2024,2024-05-18 13:30:00,Union Berlin,Freiburg,2,1,2.28943,0.963773,13.869565217391305,10.8125,2.4062,0.41869999999999996,STATUS_FULL_TIME
Bundesliga,2023-2024,2024-05-18 13:30:00,VfB Stuttgart,Borussia M.Gladbach,4,0,2.1075,1.65395,20.705882352941178,19.833333333333332,1.6742000000000001,1.0928000000000002,STATUS_FULL_TIME
Bundesliga,2023-2024,2024-05-18 13:30:00,Werder Bremen,Bochum,4,1,3.80667,2.14301,14.133333333333333,7.407407407407407,2.2918999999999996,0.5672,STATUS_FULL_TIME
Bundesliga,2023-2024,2024-05-18 13:30:00,Wolfsburg,Mainz 05,1,3,1.5246,2.37382,4.458333333333333,12.55,0.6938000000000001,2.0606,STATUS_FULL_TIME
DFB-Pokal,2023-2024,2023-08-11T16:00Z,Saarbrücken,Karlsruher SC,2,1,,,,,,,STATUS_FULL_TIME
DFB-Pokal,2023-2024,2023-08-11T16:00Z,SV Sandhausen,Hannover 96,3,3,,,,,,,STATUS_FINAL_PEN
DFB-Pokal,2023-2024,2023-08-11T16:00Z,TuS Bersenbrück,Borussia Mönchengladbach,0,7,,,,,,,STATUS_FULL_TIME
DFB-Pokal,2023-2024,2023-08-11T18:45Z,TSV Eintracht Braunschweig,Schalke 04,1,3,,,,,,,STATUS_FULL_TIME
DFB-Pokal,2023-2024,2023-08-12T11:00Z,FC Carl Zeiss Jena,Hertha Berlin,0,5,,,,,,,STATUS_FULL_TIME
DFB-Pokal,2023-2024,2023-08-12T11:00Z,TSG Balingen,VfB Stuttgart,0,4,,,,,,,STATUS_FULL_TIME
DFB-Pokal,2023-2024,2023-08-12T13:30Z,FC Gütersloh 2000,Holstein Kiel,0,2,,,,,,,STATUS_FULL_TIME
DFB-Pokal,2023-2024,2023-08-12T13:30Z,Schott,Borussia Dortmund,1,6,,,,,,,STATUS_FULL_TIME
DFB-Pokal,2023-2024,2023-08-12T13:30Z,SV Atlas Delmenhorst,St. Pauli,0,5,,,,,,,STATUS_FULL_TIME
DFB-Pokal,2023-2024,2023-08-12T13:30Z,Teutonia Ottensen,Bayer Leverkusen,0,8,,,,,,,STATUS_FULL_TIME
DFB-Pokal,2023-2024,2023-08-12T13:30Z,Viktoria Köln,Werder Bremen,3,2,,,,,,,STATUS_FULL_TIME
DFB-Pokal,2023-2024,2023-08-12T13:45Z,FC Oberneuland,1. FC Nürnberg,1,9,,,,,,,STATUS_FULL_TIME
DFB-Pokal,2023-2024,2023-08-12T16:00Z,Arminia Bielefeld,VfL Bochum,2,2,,,,,,,STATUS_FINAL_PEN
DFB-Pokal,2023-2024,2023-08-12T16:00Z,Hallescher FC,SpVgg Greuther Fürth,0,1,,,,,,,STATUS_FULL_TIME
DFB-Pokal,2023-2024,2023-08-12T16:00Z,SV Elversberg,Mainz,0,1,,,,,,,STATUS_FULL_TIME
DFB-Pokal,2023-2024,2023-08-13T11:00Z,Rostock FC,1. FC Heidenheim 1846,0,8,,,,,,,STATUS_FULL_TIME
DFB-Pokal,2023-2024,2023-08-13T11:00Z,Rot-Weiss Essen,Hamburg SV,3,4,,,,,,,STATUS_FINAL_AET
DFB-Pokal,2023-2024,2023-08-13T13:30Z,1. FC Lokomotive Leipzig,Eintracht Frankfurt,0,7,,,,,,,STATUS_FULL_TIME
DFB-Pokal,2023-2024,2023-08-13T13:30Z,FV Illertissen,Fortuna Düsseldorf,1,3,,,,,,,STATUS_FULL_TIME
DFB-Pokal,2023-2024,2023-08-13T13:30Z,Oberachern,SC Freiburg,0,2,,,,,,,STATUS_FULL_TIME
DFB-Pokal,2023-2024,2023-08-13T13:30Z,SpVgg Unterhaching,FC Augsburg,2,0,,,,,,,STATUS_FULL_TIME
DFB-Pokal,2023-2024,2023-08-13T13:30Z,TuS Makkabi,VfL Wolfsburg,0,6,,,,,,,STATUS_FULL_TIME
DFB-Pokal,2023-2024,2023-08-13T13:30Z,TuS Rot-Weiß Koblenz,Kaiserslautern,0,5,,,,,,,STATUS_FULL_TIME
DFB-Pokal,2023-2024,2023-08-13T16:00Z,Energie Cottbus,SC Paderborn 07,0,7,,,,,,,STATUS_FULL_TIME
DFB-Pokal,2023-2024,2023-08-13T16:00Z,FC Astoria Walldorf,1. FC Union Berlin,0,4,,,,,,,STATUS_FULL_TIME
DFB-Pokal,2023-2024,2023-08-13T16:00Z,FSV Frankfurt,Hansa Rostock,1,1,,,,,,,STATUS_FINAL_PEN
DFB-Pokal,2023-2024,2023-08-14T16:00Z,FC 08 Homburg,SV Darmstadt 98,3,0,,,,,,,STATUS_FULL_TIME
DFB-Pokal,2023-2024,2023-08-14T16:00Z,SSV Jahn Regensburg,1. FC Magdeburg,1,2,,,,,,,STATUS_FULL_TIME
DFB-Pokal,2023-2024,2023-08-14T16:00Z,VfB Lübeck,TSG Hoffenheim,1,4,,,,,,,STATUS_FULL_TIME
DFB-Pokal,2023-2024,2023-08-14T18:45Z,VfL Osnabruck,FC Cologne,1,3,,,,,,,STATUS_FINAL_AET
DFB-Pokal,2023-2024,2023-09-26T18:45Z,Preußen Münster,Bayern Munich,0,4,,,,,,,STATUS_FULL_TIME
DFB-Pokal,2023-2024,2023-09-27T18:45Z,SV Wehen Wiesbaden,RB Leipzig,2,3,,,,,,,STATUS_FULL_TIME
DFB-Pokal,2023-2024,2023-10-31T17:00Z,FC 08 Homburg,SpVgg Greuther Fürth,2,1,,,,,,,STATUS_FULL_TIME
DFB-Pokal,2023-2024,2023-10-31T17:00Z,St. Pauli,Schalke 04,2,1,,,,,,,STATUS_FINAL_AET
DFB-Pokal,2023-2024,2023-10-31T17:00Z,VfB Stuttgart,1. FC Union Berlin,1,0,,,,,,,STATUS_FULL_TIME
DFB-Pokal,2023-2024,2023-10-31T17:00Z,VfL Wolfsburg,RB Leipzig,1,0,,,,,,,STATUS_FULL_TIME
DFB-Pokal,2023-2024,2023-10-31T19:45Z,Arminia Bielefeld,Hamburg SV,1,1,,,,,,,STATUS_FINAL_PEN
DFB-Pokal,2023-2024,2023-10-31T19:45Z,Borussia Mönchengladbach,1. FC Heidenheim 1846,3,1,,,,,,,STATUS_FULL_TIME
DFB-Pokal,2023-2024,2023-10-31T19:45Z,Kaiserslautern,FC Cologne,3,2,,,,,,,STATUS_FULL_TIME
DFB-Pokal,2023-2024,2023-10-31T19:45Z,SpVgg Unterhaching,Fortuna Düsseldorf,3,6,,,,,,,STATUS_FINAL_AET
DFB-Pokal,2023-2024,2023-11-01T17:00Z,Borussia Dortmund,TSG Hoffenheim,1,0,,,,,,,STATUS_FULL_TIME
DFB-Pokal,2023-2024,2023-11-01T17:00Z,Holstein Kiel,1. FC Magdeburg,3,3,,,,,,,STATUS_FINAL_PEN
DFB-Pokal,2023-2024,2023-11-01T17:00Z,SC Freiburg,SC Paderborn 07,1,3,,,,,,,STATUS_FULL_TIME
DFB-Pokal,2023-2024,2023-11-01T17:00Z,SV Sandhausen,Bayer Leverkusen,2,5,,,,,,,STATUS_FULL_TIME
DFB-Pokal,2023-2024,2023-11-01T19:45Z,1. FC Nürnberg,Hansa Rostock,3,2,,,,,,,STATUS_FINAL_AET
DFB-Pokal,2023-2024,2023-11-01T19:45Z,Hertha Berlin,Mainz,3,0,,,,,,,STATUS_FULL_TIME
DFB-Pokal,2023-2024,2023-11-01T19:45Z,Saarbrücken,Bayern Munich,2,1,,,,,,,STATUS_FULL_TIME
DFB-Pokal,2023-2024,2023-11-01T19:45Z,Viktoria Köln,Eintracht Frankfurt,0,2,,,,,,,STATUS_FULL_TIME
DFB-Pokal,2023-2024,2023-12-05T17:00Z,1. FC Magdeburg,Fortuna Düsseldorf,1,2,,,,,,,STATUS_FULL_TIME
DFB-Pokal,2023-2024,2023-12-05T17:00Z,Kaiserslautern,1. FC Nürnberg,2,0,,,,,,,STATUS_FULL_TIME
DFB-Pokal,2023-2024,2023-12-05T19:45Z,Borussia Mönchengladbach,VfL Wolfsburg,1,0,,,,,,,STATUS_FINAL_AET
DFB-Pokal,2023-2024,2023-12-05T19:45Z,FC 08 Homburg,St. Pauli,1,4,,,,,,,STATUS_FULL_TIME
DFB-Pokal,2023-2024,2023-12-06T17:00Z,Bayer Leverkusen,SC Paderborn 07,3,1,,,,,,,STATUS_FULL_TIME
DFB-Pokal,2023-2024,2023-12-06T17:00Z,Saarbrücken,Eintracht Frankfurt,2,0,,,,,,,STATUS_FULL_TIME
DFB-Pokal,2023-2024,2023-12-06T19:45Z,Hertha Berlin,Hamburg SV,3,3,,,,,,,STATUS_FINAL_PEN
DFB-Pokal,2023-2024,2023-12-06T19:45Z,VfB Stuttgart,Borussia Dortmund,2,0,,,,,,,STATUS_FULL_TIME
DFB-Pokal,2023-2024,2024-01-30T19:45Z,St. Pauli,Fortuna Düsseldorf,2,2,,,,,,,STATUS_FINAL_PEN
DFB-Pokal,2023-2024,2024-01-31T19:45Z,Hertha Berlin,Kaiserslautern,1,3,,,,,,,STATUS_FULL_TIME
DFB-Pokal,2023-2024,2024-02-06T19:45Z,Bayer Leverkusen,VfB Stuttgart,3,2,,,,,,,STATUS_FULL_TIME
DFB-Pokal,2023-2024,2024-03-12T19:30Z,Saarbrücken,Borussia Mönchengladbach,2,1,,,,,,,STATUS_FULL_TIME
DFB-Pokal,2023-2024,2024-04-02T18:45Z,Saarbrücken,Kaiserslautern,0,2,,,,,,,STATUS_FULL_TIME
DFB-Pokal,2023-2024,2024-04-03T18:45Z,Bayer Leverkusen,Fortuna Düsseldorf,4,0,,,,,,,STATUS_FULL_TIME
DFB-Pokal,2023-2024,2024-05-25T18:00Z,Kaiserslautern,Bayer Leverkusen,0,1,,,,,,,STATUS_FULL_TIME
Champions League,2023-2024,2023-09-19T16:45Z,AC Milan,Newcastle United,0,0,,,,,,,STATUS_FULL_TIME
Champions League,2023-2024,2023-09-19T16:45Z,Young Boys,RB Leipzig,1,3,,,,,,,STATUS_FULL_TIME
Champions League,2023-2024,2023-09-19T19:00Z,Barcelona,Antwerp,5,0,,,,,,,STATUS_FULL_TIME
Champions League,2023-2024,2023-09-19T19:00Z,Feyenoord Rotterdam,Celtic,2,0,,,,,,,STATUS_FULL_TIME
Champions League,2023-2024,2023-09-19T19:00Z,Lazio,Atlético Madrid,1,1,,,,,,,STATUS_FULL_TIME
Champions League,2023-2024,2023-09-19T19:00Z,Manchester City,Red Star Belgrade,3,1,,,,,,,STATUS_FULL_TIME
Champions League,2023-2024,2023-09-19T19:00Z,Paris Saint-Germain,Borussia Dortmund,2,0,,,,,,,STATUS_FULL_TIME
Champions League,2023-2024,2023-09-19T19:00Z,Shakhtar Donetsk,FC Porto,1,3,,,,,,,STATUS_FULL_TIME
Champions League,2023-2024,2023-09-20T16:45Z,Galatasaray,F.C. København,2,2,,,,,,,STATUS_FULL_TIME
Champions League,2023-2024,2023-09-20T16:45Z,Real Madrid,1. FC Union Berlin,1,0,,,,,,,STATUS_FULL_TIME
Champions League,2023-2024,2023-09-20T19:00Z,Arsenal,PSV Eindhoven,4,0,,,,,,,STATUS_FULL_TIME
Champions League,2023-2024,2023-09-20T19:00Z,Bayern Munich,Manchester United,4,3,,,,,,,STATUS_FULL_TIME
Champions League,2023-2024,2023-09-20T19:00Z,Benfica,RB Salzburg,0,2,,,,,,,STATUS_FULL_TIME
Champions League,2023-2024,2023-09-20T19:00Z,Braga,Napoli,1,2,,,,,,,STATUS_FULL_TIME
Champions League,2023-2024,2023-09-20T19:00Z,Real Sociedad,Internazionale,1,1,,,,,,,STATUS_FULL_TIME
Champions League,2023-2024,2023-09-20T19:00Z,Sevilla,Lens,1,1,,,,,,,STATUS_FULL_TIME
Champions League,2023-2024,2023-10-03T16:45Z,1. FC Union Berlin,Braga,2,3,,,,,,,STATUS_FULL_TIME
Champions League,2023-2024,2023-10-03T16:45Z,RB Salzburg,Real Sociedad,0,2,,,,,,,STATUS_FULL_TIME
Champions League,2023-2024,2023-10-03T19:00Z,F.C. København,Bayern Munich,1,2,,,,,,,STATUS_FULL_TIME
Champions League,2023-2024,2023-10-03T19:00Z,Internazionale,Benfica,1,0,,,,,,,STATUS_FULL_TIME
Champions League,2023-2024,2023-10-03T19:00Z,Lens,Arsenal,2,1,,,,,,,STATUS_FULL_TIME
Champions League,2023-2024,2023-10-03T19:00Z,Manchester United,Galatasaray,2,3,,,,,,,STATUS_FULL_TIME
Champions League,2023-2024,2023-10-03T19:00Z,Napoli,Real Madrid,2,3,,,,,,,STATUS_FULL_TIME
Champions League,2023-2024,2023-10-03T19:00Z,PSV Eindhoven,Sevilla,2,2,,,,,,,STATUS_FULL_TIME
Champions League,2023-2024,2023-10-04T16:45Z,Antwerp,Shakhtar Donetsk,2,3,,,,,,,STATUS_FULL_TIME
Champions League,2023-2024,2023-10-04T16:45Z,Atlético Madrid,Feyenoord Rotterdam,3,2,,,,,,,STATUS_FULL_TIME
Champions League,2023-2024,2023-10-04T19:00Z,Borussia Dortmund,AC Milan,0,0,,,,,,,STATUS_FULL_TIME
Champions League,2023-2024,2023-10-04T19:00Z,Celtic,Lazio,1,2,,,,,,,STATUS_FULL_TIME
Champions League,2023-2024,2023-10-04T19:00Z,FC Porto,Barcelona,0,1,,,,,,,STATUS_FULL_TIME
Champions League,2023-2024,2023-10-04T19:00Z,Newcastle United,Paris Saint-Germain,4,1,,,,,,,STATUS_FULL_TIME
Champions League,2023-2024,2023-10-04T19:00Z,RB Leipzig,Manchester City,1,3,,,,,,,STATUS_FULL_TIME
Champions League,2023-2024,2023-10-04T19:00Z,Red Star Belgrade,Young Boys,2,2,,,,,,,STATUS_FULL_TIME
Champions League,2023-2024,2023-10-24T16:45Z,Galatasaray,Bayern Munich,1,3,,,,,,,STATUS_FULL_TIME
Champions League,2023-2024,2023-10-24T16:45Z,Internazionale,RB Salzburg,2,1,,,,,,,STATUS_FULL_TIME
Champions League,2023-2024,2023-10-24T19:00Z,1. FC Union Berlin,Napoli,0,1,,,,,,,STATUS_FULL_TIME
Champions League,2023-2024,2023-10-24T19:00Z,Benfica,Real Sociedad,0,1,,,,,,,STATUS_FULL_TIME
Champions League,2023-2024,2023-10-24T19:00Z,Braga,Real Madrid,1,2,,,,,,,STATUS_FULL_TIME
Champions League,2023-2024,2023-10-24T19:00Z,Lens,PSV Eindhoven,1,1,,,,,,,STATUS_FULL_TIME
Champions League,2023-2024,2023-10-24T19:00Z,Manchester United,F.C. København,1,0,,,,,,,STATUS_FULL_TIME
Champions League,2023-2024,2023-10-24T19:00Z,Sevilla,Arsenal,1,2,,,,,,,STATUS_FULL_TIME
Champions League,2023-2024,2023-10-25T16:45Z,Barcelona,Shakhtar Donetsk,2,1,,,,,,,STATUS_FULL_TIME
Champions League,2023-2024,2023-10-25T16:45Z,Feyenoord Rotterdam,Lazio,3,1,,,,,,,STATUS_FULL_TIME
Champions League,2023-2024,2023-10-25T19:00Z,Antwerp,FC Porto,1,4,,,,,,,STATUS_FULL_TIME
Champions League,2023-2024,2023-10-25T19:00Z,Celtic,Atlético Madrid,2,2,,,,,,,STATUS_FULL_TIME
Champions League,2023-2024,2023-10-25T19:00Z,Newcastle United,Borussia Dortmund,0,1,,,,,,,STATUS_FULL_TIME
Champions League,2023-2024,2023-10-25T19:00Z,Paris Saint-Germain,AC Milan,3,0,,,,,,,STATUS_FULL_TIME
Champions League,2023-2024,2023-10-25T19:00Z,RB Leipzig,Red Star Belgrade,3,1,,,,,,,STATUS_FULL_TIME
Champions League,2023-2024,2023-10-25T19:00Z,Young Boys,Manchester City,1,3,,,,,,,STATUS_FULL_TIME
Champions League,2023-2024,2023-11-07T17:45Z,Borussia Dortmund,Newcastle United,2,0,,,,,,,STATUS_FULL_TIME
Champions League,2023-2024,2023-11-07T17:45Z,Shakhtar Donetsk,Barcelona,1,0,,,,,,,STATUS_FULL_TIME
Champions League,2023-2024,2023-11-07T20:00Z,AC Milan,Paris Saint-Germain,2,1,,,,,,,STATUS_FULL_TIME
Champions League,2023-2024,2023-11-07T20:00Z,Atlético Madrid,Celtic,6,0,,,,,,,STATUS_FULL_TIME
Champions League,2023-2024,2023-11-07T20:00Z,FC Porto,Antwerp,2,0,,,,,,,STATUS_FULL_TIME
Champions League,2023-2024,2023-11-07T20:00Z,Lazio,Feyenoord Rotterdam,1,0,,,,,,,STATUS_FULL_TIME
Champions League,2023-2024,2023-11-07T20:00Z,Manchester City,Young Boys,3,0,,,,,,,STATUS_FULL_TIME
Champions League,2023-2024,2023-11-07T20:00Z,Red Star Belgrade,RB Leipzig,1,2,,,,,,,STATUS_FULL_TIME
Champions League,2023-2024,2023-11-08T17:45Z,Napoli,1. FC Union Berlin,1,1,,,,,,,STATUS_FULL_TIME
Champions League,2023-2024,2023-11-08T17:45Z,Real Sociedad,Benfica,3,1,,,,,,,STATUS_FULL_TIME
Champions League,2023-2024,2023-11-08T20:00Z,Arsenal,Sevilla,2,0,,,,,,,STATUS_FULL_TIME
Champions League,2023-2024,2023-11-08T20:00Z,Bayern Munich,Galatasaray,2,1,,,,,,,STATUS_FULL_TIME
Champions League,2023-2024,2023-11-08T20:00Z,F.C. København,Manchester United,4,3,,,,,,,STATUS_FULL_TIME
Champions League,2023-2024,2023-11-08T20:00Z,PSV Eindhoven,Lens,1,0,,,,,,,STATUS_FULL_TIME
Champions League,2023-2024,2023-11-08T20:00Z,RB Salzburg,Internazionale,0,1,,,,,,,STATUS_FULL_TIME
Champions League,2023-2024,2023-11-08T20:00Z,Real Madrid,Braga,3,0,,,,,,,STATUS_FULL_TIME
Champions League,2023-2024,2023-11-28T17:45Z,Lazio,Celtic,2,0,,,,,,,STATUS_FULL_TIME
Champions League,2023-2024,2023-11-28T17:45Z,Shakhtar Donetsk,Antwerp,1,0,,,,,,,STATUS_FULL_TIME
Champions League,2023-2024,2023-11-28T20:00Z,AC Milan,Borussia Dortmund,1,3,,,,,,,STATUS_FULL_TIME
Champions League,2023-2024,2023-11-28T20:00Z,Barcelona,FC Porto,2,1,,,,,,,STATUS_FULL_TIME
Champions League,2023-2024,2023-11-28T20:00Z,Feyenoord Rotterdam,Atlético Madrid,1,3,,,,,,,STATUS_FULL_TIME
Champions League,2023-2024,2023-11-28T20:00Z,Manchester City,RB Leipzig,3,2,,,,,,,STATUS_FULL_TIME
Champions League,2023-2024,2023-11-28T20:00Z,Paris Saint-Germain,Newcastle United,1,1,,,,,,,STATUS_FULL_TIME
Champions League,2023-2024,2023-11-28T20:00Z,Young Boys,Red Star Belgrade,2,0,,,,,,,STATUS_FULL_TIME
Champions League,2023-2024,2023-11-29T17:45Z,Galatasaray,Manchester United,3,3,,,,,,,STATUS_FULL_TIME
Champions League,2023-2024,2023-11-29T17:45Z,Sevilla,PSV Eindhoven,2,3,,,,,,,STATUS_FULL_TIME
Champions League,2023-2024,2023-11-29T20:00Z,Arsenal,Lens,6,0,,,,,,,STATUS_FULL_TIME
Champions League,2023-2024,2023-11-29T20:00Z,Bayern Munich,F.C. København,0,0,,,,,,,STATUS_FULL_TIME
Champions League,2023-2024,2023-11-29T20:00Z,Benfica,Internazionale,3,3,,,,,,,STATUS_FULL_TIME
Champions League,2023-2024,2023-11-29T20:00Z,Braga,1. FC Union Berlin,1,1,,,,,,,STATUS_FULL_TIME
Champions League,2023-2024,2023-11-29T20:00Z,Real Madrid,Napoli,4,2,,,,,,,STATUS_FULL_TIME
Champions League,2023-2024,2023-11-29T20:00Z,Real Sociedad,RB Salzburg,0,0,,,,,,,STATUS_FULL_TIME
Champions League,2023-2024,2023-12-12T17:45Z,Lens,Sevilla,2,1,,,,,,,STATUS_FULL_TIME
Champions League,2023-2024,2023-12-12T17:45Z,PSV Eindhoven,Arsenal,1,1,,,,,,,STATUS_FULL_TIME
Champions League,2023-2024,2023-12-12T20:00Z,1. FC Union Berlin,Real Madrid,2,3,,,,,,,STATUS_FULL_TIME
Champions League,2023-2024,2023-12-12T20:00Z,F.C. København,Galatasaray,1,0,,,,,,,STATUS_FULL_TIME
Champions League,2023-2024,2023-12-12T20:00Z,Internazionale,Real Sociedad,0,0,,,,,,,STATUS_FULL_TIME
Champions League,2023-2024,2023-12-12T20:00Z,Manchester United,Bayern Munich,0,1,,,,,,,STATUS_FULL_TIME
Champions League,2023-2024,2023-12-12T20:00Z,Napoli,Braga,2,0,,,,,,,STATUS_FULL_TIME
Champions League,2023-2024,2023-12-12T20:00Z,RB Salzburg,Benfica,1,3,,,,,,,STATUS_FULL_TIME
Champions League,2023-2024,2023-12-13T17:45Z,RB Leipzig,Young Boys,2,1,,,,,,,STATUS_FULL_TIME
Champions League,2023-2024,2023-12-13T17:45Z,Red Star Belgrade,Manchester City,2,3,,,,,,,STATUS_FULL_TIME
Champions League,2023-2024,2023-12-13T20:00Z,Antwerp,Barcelona,3,2,,,,,,,STATUS_FULL_TIME
Champions League,2023-2024,2023-12-13T20:00Z,Atlético Madrid,Lazio,2,0,,,,,,,STATUS_FULL_TIME
Champions League,2023-2024,2023-12-13T20:00Z,Borussia Dortmund,Paris Saint-Germain,1,1,,,,,,,STATUS_FULL_TIME
Champions League,2023-2024,2023-12-13T20:00Z,Celtic,Feyenoord Rotterdam,2,1,,,,,,,STATUS_FULL_TIME
Champions League,2023-2024,2023-12-13T20:00Z,FC Porto,Shakhtar Donetsk,5,3,,,,,,,STATUS_FULL_TIME
Champions League,2023-2024,2023-12-13T20:00Z,Newcastle United,AC Milan,1,2,,,,,,,STATUS_FULL_TIME
Champions League,2023-2024,2024-02-13T20:00Z,F.C. København,Manchester City,1,3,,,,,,,STATUS_FULL_TIME
Champions League,2023-2024,2024-02-13T20:00Z,RB Leipzig,Real Madrid,0,1,,,,,,,STATUS_FULL_TIME
Champions League,2023-2024,2024-02-14T20:00Z,Lazio,Bayern Munich,1,0,,,,,,,STATUS_FULL_TIME
Champions League,2023-2024,2024-02-14T20:00Z,Paris Saint-Germain,Real Sociedad,2,0,,,,,,,STATUS_FULL_TIME
Champions League,2023-2024,2024-02-20T20:00Z,Internazionale,Atlético Madrid,1,0,,,,,,,STATUS_FULL_TIME
Champions League,2023-2024,2024-02-20T20:00Z,PSV Eindhoven,Borussia Dortmund,1,1,,,,,,,STATUS_FULL_TIME
Champions League,2023-2024,2024-02-21T20:00Z,FC Porto,Arsenal,1,0,,,,,,,STATUS_FULL_TIME
Champions League,2023-2024,2024-02-21T20:00Z,Napoli,Barcelona,1,1,,,,,,,STATUS_FULL_TIME
Champions League,2023-2024,2024-03-05T20:00Z,Bayern Munich,Lazio,3,0,,,,,,,STATUS_FULL_TIME
Champions League,2023-2024,2024-03-05T20:00Z,Real Sociedad,Paris Saint-Germain,1,2,,,,,,,STATUS_FULL_TIME
Champions League,2023-2024,2024-03-06T20:00Z,Manchester City,F.C. København,3,1,,,,,,,STATUS_FULL_TIME
Champions League,2023-2024,2024-03-06T20:00Z,Real Madrid,RB Leipzig,1,1,,,,,,,STATUS_FULL_TIME
Champions League,2023-2024,2024-03-12T20:00Z,Arsenal,FC Porto,1,0,,,,,,,STATUS_FINAL_PEN
Champions League,2023-2024,2024-03-12T20:00Z,Barcelona,Napoli,3,1,,,,,,,STATUS_FULL_TIME
Champions League,2023-2024,2024-03-13T20:00Z,Atlético Madrid,Internazionale,2,1,,,,,,,STATUS_FINAL_PEN
Champions League,2023-2024,2024-03-13T20:00Z,Borussia Dortmund,PSV Eindhoven,2,0,,,,,,,STATUS_FULL_TIME
Champions League,2023-2024,2024-04-09T19:00Z,Arsenal,Bayern Munich,2,2,,,,,,,STATUS_FULL_TIME
Champions League,2023-2024,2024-04-09T19:00Z,Real Madrid,Manchester City,3,3,,,,,,,STATUS_FULL_TIME
Champions League,2023-2024,2024-04-10T19:00Z,Atlético Madrid,Borussia Dortmund,2,1,,,,,,,STATUS_FULL_TIME
Champions League,2023-2024,2024-04-10T19:00Z,Paris Saint-Germain,Barcelona,2,3,,,,,,,STATUS_FULL_TIME
Champions League,2023-2024,2024-04-16T19:00Z,Barcelona,Paris Saint-Germain,1,4,,,,,,,STATUS_FULL_TIME
Champions League,2023-2024,2024-04-16T19:00Z,Borussia Dortmund,Atlético Madrid,4,2,,,,,,,STATUS_FULL_TIME
Champions League,2023-2024,2024-04-17T19:00Z,Bayern Munich,Arsenal,1,0,,,,,,,STATUS_FULL_TIME
Champions League,2023-2024,2024-04-17T19:00Z,Manchester City,Real Madrid,1,1,,,,,,,STATUS_FINAL_PEN
Champions League,2023-2024,2024-04-30T19:00Z,Bayern Munich,Real Madrid,2,2,,,,,,,STATUS_FULL_TIME
Champions League,2023-2024,2024-05-01T19:00Z,Borussia Dortmund,Paris Saint-Germain,1,0,,,,,,,STATUS_FULL_TIME
Champions League,2023-2024,2024-05-07T19:00Z,Paris Saint-Germain,Borussia Dortmund,0,1,,,,,,,STATUS_FULL_TIME
Champions League,2023-2024,2024-05-08T19:00Z,Real Madrid,Bayern Munich,2,1,,,,,,,STATUS_FULL_TIME
Champions League,2023-2024,2024-06-01T19:00Z,Borussia Dortmund,Real Madrid,0,2,,,,,,,STATUS_FULL_TIME
Europa League,2023-2024,2023-09-21T16:45Z,Bayer Leverkusen,BK Häcken,4,0,,,,,,,STATUS_FULL_TIME
Europa League,2023-2024,2023-09-21T16:45Z,FK Qarabag,Molde,1,0,,,,,,,STATUS_FULL_TIME
Europa League,2023-2024,2023-09-21T16:45Z,LASK Linz,Liverpool,1,3,,,,,,,STATUS_FULL_TIME
Europa League,2023-2024,2023-09-21T16:45Z,Panathinaikos,Villarreal,2,0,,,,,,,STATUS_FULL_TIME
Europa League,2023-2024,2023-09-21T16:45Z,Servette,Slavia Prague,0,2,,,,,,,STATUS_FULL_TIME
Europa League,2023-2024,2023-09-21T16:45Z,Sheriff Tiraspol,AS Roma,1,2,,,,,,,STATUS_FULL_TIME
Europa League,2023-2024,2023-09-21T16:45Z,Stade Rennais,Maccabi Haifa,3,0,,,,,,,STATUS_FULL_TIME
Europa League,2023-2024,2023-09-21T16:55Z,Union St.-Gilloise,Toulouse,1,1,,,,,,,STATUS_FULL_TIME
Europa League,2023-2024,2023-09-21T19:00Z,Ajax Amsterdam,Marseille,3,3,,,,,,,STATUS_FULL_TIME
Europa League,2023-2024,2023-09-21T19:00Z,Atalanta,Raków Czestochowa,2,0,,,,,,,STATUS_FULL_TIME
Europa League,2023-2024,2023-09-21T19:00Z,Brighton & Hove Albion,AEK Athens,2,3,,,,,,,STATUS_FULL_TIME
Europa League,2023-2024,2023-09-21T19:00Z,Olympiacos,SC Freiburg,2,3,,,,,,,STATUS_FULL_TIME
Europa League,2023-2024,2023-09-21T19:00Z,Rangers,Real Betis,1,0,,,,,,,STATUS_FULL_TIME
Europa League,2023-2024,2023-09-21T19:00Z,SK Sturm Graz,Sporting CP,1,2,,,,,,,STATUS_FULL_TIME
Europa League,2023-2024,2023-09-21T19:00Z,Sparta Prague,Aris Limassol,3,2,,,,,,,STATUS_FULL_TIME
Europa League,2023-2024,2023-09-21T19:00Z,West Ham United,FK TSC,3,1,,,,,,,STATUS_FULL_TIME
Europa League,2023-2024,2023-10-05T16:45Z,AEK Athens,Ajax Amsterdam,1,1,,,,,,,STATUS_FULL_TIME
Europa League,2023-2024,2023-10-05T16:45Z,Aris Limassol,Rangers,2,1,,,,,,,STATUS_FULL_TIME
Europa League,2023-2024,2023-10-05T16:45Z,FK TSC,Olympiacos,2,2,,,,,,,STATUS_FULL_TIME
Europa League,2023-2024,2023-10-05T16:45Z,Marseille,Brighton & Hove Albion,2,2,,,,,,,STATUS_FULL_TIME
Europa League,2023-2024,2023-10-05T16:45Z,Raków Czestochowa,SK Sturm Graz,0,1,,,,,,,STATUS_FULL_TIME
Europa League,2023-2024,2023-10-05T16:45Z,Real Betis,Sparta Prague,2,1,,,,,,,STATUS_FULL_TIME
Europa League,2023-2024,2023-10-05T16:45Z,SC Freiburg,West Ham United,1,2,,,,,,,STATUS_FULL_TIME
Europa League,2023-2024,2023-10-05T16:45Z,Sporting CP,Atalanta,1,2,,,,,,,STATUS_FULL_TIME
Europa League,2023-2024,2023-10-05T19:00Z,AS Roma,Servette,4,0,,,,,,,STATUS_FULL_TIME
Europa League,2023-2024,2023-10-05T19:00Z,BK Häcken,FK Qarabag,0,1,,,,,,,STATUS_FULL_TIME
Europa League,2023-2024,2023-10-05T19:00Z,Liverpool,Union St.-Gilloise,2,0,,,,,,,STATUS_FULL_TIME
Europa League,2023-2024,2023-10-05T19:00Z,Maccabi Haifa,Panathinaikos,0,0,,,,,,,STATUS_FULL_TIME
Europa League,2023-2024,2023-10-05T19:00Z,Molde,Bayer Leverkusen,1,2,,,,,,,STATUS_FULL_TIME
Europa League,2023-2024,2023-10-05T19:00Z,Slavia Prague,Sheriff Tiraspol,6,0,,,,,,,STATUS_FULL_TIME
Europa League,2023-2024,2023-10-05T19:00Z,Toulouse,LASK Linz,1,0,,,,,,,STATUS_FULL_TIME
Europa League,2023-2024,2023-10-05T19:00Z,Villarreal,Stade Rennais,1,0,,,,,,,STATUS_FULL_TIME
Europa League,2023-2024,2023-10-26T16:45Z,Aris Limassol,Real Betis,0,1,,,,,,,STATUS_FULL_TIME
Europa League,2023-2024,2023-10-26T16:45Z,FK TSC,SC Freiburg,1,3,,,,,,,STATUS_FULL_TIME
Europa League,2023-2024,2023-10-26T16:45Z,Marseille,AEK Athens,3,1,,,,,,,STATUS_FULL_TIME
Europa League,2023-2024,2023-10-26T16:45Z,Molde,BK Häcken,5,1,,,,,,,STATUS_FULL_TIME
Europa League,2023-2024,2023-10-26T16:45Z,Olympiacos,West Ham United,2,1,,,,,,,STATUS_FULL_TIME
Europa League,2023-2024,2023-10-26T16:45Z,Raków Czestochowa,Sporting CP,1,1,,,,,,,STATUS_FULL_TIME
Europa League,2023-2024,2023-10-26T16:45Z,SK Sturm Graz,Atalanta,2,2,,,,,,,STATUS_FULL_TIME
Europa League,2023-2024,2023-10-26T16:45Z,Sparta Prague,Rangers,0,0,,,,,,,STATUS_FULL_TIME
Europa League,2023-2024,2023-10-26T19:00Z,AS Roma,Slavia Prague,2,0,,,,,,,STATUS_FULL_TIME
Europa League,2023-2024,2023-10-26T19:00Z,Bayer Leverkusen,FK Qarabag,5,1,,,,,,,STATUS_FULL_TIME
Europa League,2023-2024,2023-10-26T19:00Z,Brighton & Hove Albion,Ajax Amsterdam,2,0,,,,,,,STATUS_FULL_TIME
Europa League,2023-2024,2023-10-26T19:00Z,Liverpool,Toulouse,5,1,,,,,,,STATUS_FULL_TIME
Europa League,2023-2024,2023-10-26T19:00Z,Panathinaikos,Stade Rennais,1,2,,,,,,,STATUS_FULL_TIME
Europa League,2023-2024,2023-10-26T19:00Z,Sheriff Tiraspol,Servette,1,1,,,,,,,STATUS_FULL_TIME
Europa League,2023-2024,2023-10-26T19:00Z,Union St.-Gilloise,LASK Linz,2,1,,,,,,,STATUS_FULL_TIME
Europa League,2023-2024,2023-11-09T17:45Z,Ajax Amsterdam,Brighton & Hove Albion,0,2,,,,,,,STATUS_FULL_TIME
Europa League,2023-2024,2023-11-09T17:45Z,FK Qarabag,Bayer Leverkusen,0,1,,,,,,,STATUS_FULL_TIME
Europa League,2023-2024,2023-11-09T17:45Z,LASK Linz,Union St.-Gilloise,3,0,,,,,,,STATUS_FULL_TIME
Europa League,2023-2024,2023-11-09T17:45Z,Maccabi Haifa,Villarreal,1,2,,,,,,,STATUS_FULL_TIME
Europa League,2023-2024,2023-11-09T17:45Z,Servette,Sheriff Tiraspol,2,1,,,,,,,STATUS_FULL_TIME
Europa League,2023-2024,2023-11-09T17:45Z,Slavia Prague,AS Roma,2,0,,,,,,,STATUS_FULL_TIME
Europa League,2023-2024,2023-11-09T17:45Z,Stade Rennais,Panathinaikos,3,1,,,,,,,STATUS_FULL_TIME
Europa League,2023-2024,2023-11-09T17:45Z,Toulouse,Liverpool,3,2,,,,,,,STATUS_FULL_TIME
Europa League,2023-2024,2023-11-09T20:00Z,AEK Athens,Marseille,0,2,,,,,,,STATUS_FULL_TIME
Europa League,2023-2024,2023-11-09T20:00Z,Atalanta,SK Sturm Graz,1,0,,,,,,,STATUS_FULL_TIME
Europa League,2023-2024,2023-11-09T20:00Z,BK Häcken,Molde,1,3,,,,,,,STATUS_FULL_TIME
Europa League,2023-2024,2023-11-09T20:00Z,Rangers,Sparta Prague,2,1,,,,,,,STATUS_FULL_TIME
Europa League,2023-2024,2023-11-09T20:00Z,Real Betis,Aris Limassol,4,1,,,,,,,STATUS_FULL_TIME
Europa League,2023-2024,2023-11-09T20:00Z,SC Freiburg,FK TSC,5,0,,,,,,,STATUS_FULL_TIME
Europa League,2023-2024,2023-11-09T20:00Z,Sporting CP,Raków Czestochowa,2,1,,,,,,,STATUS_FULL_TIME
Europa League,2023-2024,2023-11-09T20:00Z,West Ham United,Olympiacos,1,0,,,,,,,STATUS_FULL_TIME
Europa League,2023-2024,2023-11-30T17:45Z,AEK Athens,Brighton & Hove Albion,0,1,,,,,,,STATUS_FULL_TIME
Europa League,2023-2024,2023-11-30T17:45Z,Atalanta,Sporting CP,1,1,,,,,,,STATUS_FULL_TIME
Europa League,2023-2024,2023-11-30T17:45Z,FK TSC,West Ham United,0,1,,,,,,,STATUS_FULL_TIME
Europa League,2023-2024,2023-11-30T17:45Z,Maccabi Haifa,Stade Rennais,0,3,,,,,,,STATUS_FULL_TIME
Europa League,2023-2024,2023-11-30T17:45Z,SC Freiburg,Olympiacos,5,0,,,,,,,STATUS_FULL_TIME
Europa League,2023-2024,2023-11-30T17:45Z,SK Sturm Graz,Raków Czestochowa,0,1,,,,,,,STATUS_FULL_TIME
Europa League,2023-2024,2023-11-30T17:45Z,Sparta Prague,Real Betis,1,0,,,,,,,STATUS_FULL_TIME
Europa League,2023-2024,2023-11-30T20:00Z,BK Häcken,Bayer Leverkusen,0,2,,,,,,,STATUS_FULL_TIME
Europa League,2023-2024,2023-11-30T20:00Z,Liverpool,LASK Linz,4,0,,,,,,,STATUS_FULL_TIME
Europa League,2023-2024,2023-11-30T20:00Z,Marseille,Ajax Amsterdam,4,3,,,,,,,STATUS_FULL_TIME
Europa League,2023-2024,2023-11-30T20:00Z,Molde,FK Qarabag,2,2,,,,,,,STATUS_FULL_TIME
Europa League,2023-2024,2023-11-30T20:00Z,Rangers,Aris Limassol,1,1,,,,,,,STATUS_FULL_TIME
Europa League,2023-2024,2023-11-30T20:00Z,Servette,AS Roma,1,1,,,,,,,STATUS_FULL_TIME
Europa League,2023-2024,2023-11-30T20:00Z,Sheriff Tiraspol,Slavia Prague,2,3,,,,,,,STATUS_FULL_TIME
Europa League,2023-2024,2023-11-30T20:00Z,Toulouse,Union St.-Gilloise,0,0,,,,,,,STATUS_FULL_TIME
Europa League,2023-2024,2023-11-30T20:00Z,Villarreal,Panathinaikos,3,2,,,,,,,STATUS_FULL_TIME
Europa League,2023-2024,2023-12-06T20:00Z,Villarreal,Maccabi Haifa,0,0,,,,,,,STATUS_FULL_TIME
Europa League,2023-2024,2023-12-14T17:45Z,AS Roma,Sheriff Tiraspol,3,0,,,,,,,STATUS_FULL_TIME
Europa League,2023-2024,2023-12-14T17:45Z,Bayer Leverkusen,Molde,5,1,,,,,,,STATUS_FULL_TIME
Europa League,2023-2024,2023-12-14T17:45Z,FK Qarabag,BK Häcken,2,1,,,,,,,STATUS_FULL_TIME
Europa League,2023-2024,2023-12-14T17:45Z,LASK Linz,Toulouse,1,2,,,,,,,STATUS_FULL_TIME
Europa League,2023-2024,2023-12-14T17:45Z,Panathinaikos,Maccabi Haifa,1,2,,,,,,,STATUS_FULL_TIME
Europa League,2023-2024,2023-12-14T17:45Z,Slavia Prague,Servette,4,0,,,,,,,STATUS_FULL_TIME
Europa League,2023-2024,2023-12-14T17:45Z,Stade Rennais,Villarreal,2,3,,,,,,,STATUS_FULL_TIME
Europa League,2023-2024,2023-12-14T17:45Z,Union St.-Gilloise,Liverpool,2,1,,,,,,,STATUS_FULL_TIME
Europa League,2023-2024,2023-12-14T20:00Z,Ajax Amsterdam,AEK Athens,3,1,,,,,,,STATUS_FULL_TIME
Europa League,2023-2024,2023-12-14T20:00Z,Aris Limassol,Sparta Prague,1,3,,,,,,,STATUS_FULL_TIME
Europa League,2023-2024,2023-12-14T20:00Z,Brighton & Hove Albion,Marseille,1,0,,,,,,,STATUS_FULL_TIME
Europa League,2023-2024,2023-12-14T20:00Z,Olympiacos,FK TSC,5,2,,,,,,,STATUS_FULL_TIME
Europa League,2023-2024,2023-12-14T20:00Z,Raków Czestochowa,Atalanta,0,4,,,,,,,STATUS_FULL_TIME
Europa League,2023-2024,2023-12-14T20:00Z,Real Betis,Rangers,2,3,,,,,,,STATUS_FULL_TIME
Europa League,2023-2024,2023-12-14T20:00Z,Sporting CP,SK Sturm Graz,3,0,,,,,,,STATUS_FULL_TIME
Europa League,2023-2024,2023-12-14T20:00Z,West Ham United,SC Freiburg,2,0,,,,,,,STATUS_FULL_TIME
Europa League,2023-2024,2024-02-15T17:45Z,Feyenoord Rotterdam,AS Roma,1,1,,,,,,,STATUS_FULL_TIME
Europa League,2023-2024,2024-02-15T17:45Z,Galatasaray,Sparta Prague,3,2,,,,,,,STATUS_FULL_TIME
Europa League,2023-2024,2024-02-15T17:45Z,Shakhtar Donetsk,Marseille,2,2,,,,,,,STATUS_FULL_TIME
Europa League,2023-2024,2024-02-15T17:45Z,Young Boys,Sporting CP,1,3,,,,,,,STATUS_FULL_TIME
Europa League,2023-2024,2024-02-15T20:00Z,AC Milan,Stade Rennais,3,0,,,,,,,STATUS_FULL_TIME
Europa League,2023-2024,2024-02-15T20:00Z,Benfica,Toulouse,2,1,,,,,,,STATUS_FULL_TIME
Europa League,2023-2024,2024-02-15T20:00Z,Braga,FK Qarabag,2,4,,,,,,,STATUS_FULL_TIME
Europa League,2023-2024,2024-02-15T20:00Z,Lens,SC Freiburg,0,0,,,,,,,STATUS_FULL_TIME
Europa League,2023-2024,2024-02-22T17:45Z,FK Qarabag,Braga,2,3,,,,,,,STATUS_FINAL_AET
Europa League,2023-2024,2024-02-22T17:45Z,SC Freiburg,Lens,3,2,,,,,,,STATUS_FINAL_AET
Europa League,2023-2024,2024-02-22T17:45Z,Stade Rennais,AC Milan,3,2,,,,,,,STATUS_FULL_TIME
Europa League,2023-2024,2024-02-22T17:45Z,Toulouse,Benfica,0,0,,,,,,,STATUS_FULL_TIME
Europa League,2023-2024,2024-02-22T20:00Z,AS Roma,Feyenoord Rotterdam,1,1,,,,,,,STATUS_FINAL_PEN
Europa League,2023-2024,2024-02-22T20:00Z,Marseille,Shakhtar Donetsk,3,1,,,,,,,STATUS_FULL_TIME
Europa League,2023-2024,2024-02-22T20:00Z,Sparta Prague,Galatasaray,4,1,,,,,,,STATUS_FULL_TIME
Europa League,2023-2024,2024-02-22T20:00Z,Sporting CP,Young Boys,1,1,,,,,,,STATUS_FULL_TIME
Europa League,2023-2024,2024-03-06T17:45Z,Sporting CP,Atalanta,1,1,,,,,,,STATUS_FULL_TIME
Europa League,2023-2024,2024-03-07T17:45Z,AS Roma,Brighton & Hove Albion,4,0,,,,,,,STATUS_FULL_TIME
Europa League,2023-2024,2024-03-07T17:45Z,FK Qarabag,Bayer Leverkusen,2,2,,,,,,,STATUS_FULL_TIME
Europa League,2023-2024,2024-03-07T17:45Z,Sparta Prague,Liverpool,1,5,,,,,,,STATUS_FULL_TIME
Europa League,2023-2024,2024-03-07T20:00Z,AC Milan,Slavia Prague,4,2,,,,,,,STATUS_FULL_TIME
Europa League,2023-2024,2024-03-07T20:00Z,Benfica,Rangers,2,2,,,,,,,STATUS_FULL_TIME
Europa League,2023-2024,2024-03-07T20:00Z,Marseille,Villarreal,4,0,,,,,,,STATUS_FULL_TIME
Europa League,2023-2024,2024-03-07T20:00Z,SC Freiburg,West Ham United,1,0,,,,,,,STATUS_FULL_TIME
Europa League,2023-2024,2024-03-14T17:45Z,Rangers,Benfica,0,1,,,,,,,STATUS_FULL_TIME
Europa League,2023-2024,2024-03-14T17:45Z,Slavia Prague,AC Milan,1,3,,,,,,,STATUS_FULL_TIME
Europa League,2023-2024,2024-03-14T17:45Z,Villarreal,Marseille,3,1,,,,,,,STATUS_FULL_TIME
Europa League,2023-2024,2024-03-14T17:45Z,West Ham United,SC Freiburg,5,0,,,,,,,STATUS_FULL_TIME
Europa League,2023-2024,2024-03-14T20:00Z,Atalanta,Sporting CP,2,1,,,,,,,STATUS_FULL_TIME
Europa League,2023-2024,2024-03-14T20:00Z,Bayer Leverkusen,FK Qarabag,3,2,,,,,,,STATUS_FULL_TIME
Europa League,2023-2024,2024-03-14T20:00Z,Brighton & Hove Albion,AS Roma,1,0,,,,,,,STATUS_FULL_TIME
Europa League,2023-2024,2024-03-14T20:00Z,Liverpool,Sparta Prague,6,1,,,,,,,STATUS_FULL_TIME
Europa League,2023-2024,2024-04-11T19:00Z,AC Milan,AS Roma,0,1,,,,,,,STATUS_FULL_TIME
Europa League,2023-2024,2024-04-11T19:00Z,Bayer Leverkusen,West Ham United,2,0,,,,,,,STATUS_FULL_TIME
Europa League,2023-2024,2024-04-11T19:00Z,Benfica,Marseille,2,1,,,,,,,STATUS_FULL_TIME
Europa League,2023-2024,2024-04-11T19:00Z,Liverpool,Atalanta,0,3,,,,,,,STATUS_FULL_TIME
Europa League,2023-2024,2024-04-18T19:00Z,AS Roma,AC Milan,2,1,,,,,,,STATUS_FULL_TIME
Europa League,2023-2024,2024-04-18T19:00Z,Atalanta,Liverpool,0,1,,,,,,,STATUS_FULL_TIME
Europa League,2023-2024,2024-04-18T19:00Z,Marseille,Benfica,1,0,,,,,,,STATUS_FINAL_PEN
Europa League,2023-2024,2024-04-18T19:00Z,West Ham United,Bayer Leverkusen,1,1,,,,,,,STATUS_FULL_TIME
Europa League,2023-2024,2024-05-02T19:00Z,AS Roma,Bayer Leverkusen,0,2,,,,,,,STATUS_FULL_TIME
Europa League,2023-2024,2024-05-02T19:00Z,Marseille,Atalanta,1,1,,,,,,,STATUS_FULL_TIME
Europa League,2023-2024,2024-05-09T19:00Z,Atalanta,Marseille,3,0,,,,,,,STATUS_FULL_TIME
Europa League,2023-2024,2024-05-09T19:00Z,Bayer Leverkusen,AS Roma,2,2,,,,,,,STATUS_FULL_TIME
Europa League,2023-2024,2024-05-22T19:00Z,Atalanta,Bayer Leverkusen,3,0,,,,,,,STATUS_FULL_TIME
Bundesliga,2024-2025,2024-08-23 18:30:00,Borussia M.Gladbach,Bayer Leverkusen,2,3,1.51665,3.23588,14.227272727272727,18.2,0.3707,2.4806,STATUS_FULL_TIME
Bundesliga,2024-2025,2024-08-24 13:30:00,Augsburg,Werder Bremen,2,2,1.31571,1.54312,14.75,10.789473684210526,1.193,1.5149000000000001,STATUS_FULL_TIME
Bundesliga,2024-2025,2024-08-24 16:30:00,Borussia Dortmund,Eintracht Frankfurt,2,0,1.9263,1.15188,10.055555555555555,34.90909090909091,1.9957000000000003,0.7252000000000001,STATUS_FULL_TIME
Bundesliga,2024-2025,2024-08-24 13:30:00,Freiburg,VfB Stuttgart,3,1,3.0149,0.374185,34.25,10.11111111111111,2.8978,0.06340000000000001,STATUS_FULL_TIME
Bundesliga,2024-2025,2024-08-24 13:30:00,Hoffenheim,Holstein Kiel,3,2,3.73706,1.97238,12.95,12.055555555555555,2.3924,0.4709,STATUS_FULL_TIME
Bundesliga,2024-2025,2024-08-24 13:30:00,Mainz 05,Union Berlin,1,1,1.77023,0.731569,13.166666666666666,8.791666666666666,2.1965,0.5789,STATUS_FULL_TIME
Bundesliga,2024-2025,2024-08-24 13:30:00,RasenBallsport Leipzig,Bochum,1,0,0.937134,1.31541,12.916666666666666,10.758620689655173,0.9835,1.7233,STATUS_FULL_TIME
Bundesliga,2024-2025,2024-08-25 15:30:00,St. Pauli,FC Heidenheim,0,2,1.1609,1.16833,7.956521739130435,13.333333333333334,1.2938,1.3808000000000002,STATUS_FULL_TIME
Bundesliga,2024-2025,2024-08-25 13:30:00,Wolfsburg,Bayern Munich,2,3,2.08125,2.17538,14.0,7.125,1.3304,1.418,STATUS_FULL_TIME
Bundesliga,2024-2025,2024-08-30 18:30:00,Union Berlin,St. Pauli,1,0,1.0488,0.644857,25.133333333333333,11.333333333333334,1.7003,0.9653,STATUS_FULL_TIME
Bundesliga,2024-2025,2024-08-31 16:30:00,Bayer Leverkusen,RasenBallsport Leipzig,2,3,3.42266,1.50532,15.0,12.391304347826088,2.4935,0.3728,STATUS_FULL_TIME
Bundesliga,2024-2025,2024-08-31 13:30:00,Bochum,Borussia M.Gladbach,0,2,0.918629,2.66887,12.88888888888889,15.0,0.27,2.6088,STATUS_FULL_TIME
Bundesliga,2024-2025,2024-08-31 13:30:00,Eintracht Frankfurt,Hoffenheim,3,1,2.68507,0.832386,9.8,17.25,2.6611999999999996,0.212,STATUS_FULL_TIME
Bundesliga,2024-2025,2024-08-31 13:30:00,Holstein Kiel,Wolfsburg,0,2,0.89489,1.4619,8.0,9.5,0.8815999999999999,1.8455,STATUS_FULL_TIME
Bundesliga,2024-2025,2024-08-31 13:30:00,VfB Stuttgart,Mainz 05,3,3,4.2134,1.95179,9.705882352941176,13.391304347826088,2.6429,0.2549,STATUS_FULL_TIME
Bundesliga,2024-2025,2024-08-31 13:30:00,Werder Bremen,Borussia Dortmund,0,0,0.278533,0.918302,18.263157894736842,12.521739130434783,0.6456999999999999,1.9953999999999998,STATUS_FULL_TIME
Bundesliga,2024-2025,2024-09-01 15:30:00,Bayern Munich,Freiburg,2,0,1.62797,0.970892,9.35,18.0,1.9385000000000001,0.7345999999999999,STATUS_FULL_TIME
Bundesliga,2024-2025,2024-09-01 13:30:00,FC Heidenheim,Augsburg,4,0,3.09376,0.641534,13.130434782608695,7.619047619047619,2.8447999999999998,0.10099999999999999,STATUS_FULL_TIME
Bundesliga,2024-2025,2024-09-13 18:30:00,Borussia Dortmund,FC Heidenheim,4,2,2.84066,1.61406,9.904761904761905,15.409090909090908,2.2349,0.5768,STATUS_FULL_TIME
Bundesliga,2024-2025,2024-09-14 13:30:00,Borussia M.Gladbach,VfB Stuttgart,1,3,2.05136,2.7214,9.82857142857143,10.136363636363637,0.9375,1.8456000000000004,STATUS_FULL_TIME
Bundesliga,2024-2025,2024-09-14 13:30:00,Freiburg,Bochum,2,1,3.95617,1.10732,9.85,10.04,2.8066,0.1333,STATUS_FULL_TIME
Bundesliga,2024-2025,2024-09-14 13:30:00,Hoffenheim,Bayer Leverkusen,1,4,1.06356,3.41829,23.285714285714285,10.631578947368421,0.2169,2.6919,STATUS_FULL_TIME
Bundesliga,2024-2025,2024-09-14 16:30:00,Holstein Kiel,Bayern Munich,1,6,0.299776,4.13442,17.333333333333332,10.736842105263158,0.0204,2.9657999999999998,STATUS_FULL_TIME
Bundesliga,2024-2025,2024-09-14 13:30:00,RasenBallsport Leipzig,Union Berlin,0,0,1.29462,0.859112,8.727272727272727,28.352941176470587,1.7808,0.9119999999999999,STATUS_FULL_TIME
Bundesliga,2024-2025,2024-09-14 13:30:00,Wolfsburg,Eintracht Frankfurt,1,2,1.23249,2.86858,9.26086956521739,14.0,0.339,2.5173,STATUS_FULL_TIME
Bundesliga,2024-2025,2024-09-15 13:30:00,Augsburg,St. Pauli,3,1,2.61475,0.49314,13.578947368421053,9.722222222222221,2.6852,0.2126,STATUS_FULL_TIME
Bundesliga,2024-2025,2024-09-15 15:30:00,Mainz 05,Werder Bremen,1,2,1.67115,1.8089,7.285714285714286,18.166666666666668,1.2564,1.4729999999999999,STATUS_FULL_TIME
Bundesliga,2024-2025,2024-09-20 18:30:00,Augsburg,Mainz 05,2,3,2.79562,1.25788,4.2105263157894735,23.77777777777778,2.3741,0.4544,STATUS_FULL_TIME
Bundesliga,2024-2025,2024-09-21 13:30:00,Bochum,Holstein Kiel,2,2,1.32383,2.26878,12.391304347826088,8.391304347826088,0.7119,2.0745,STATUS_FULL_TIME
Bundesliga,2024-2025,2024-09-21 16:30:00,Eintracht Frankfurt,Borussia M.Gladbach,2,0,2.93252,1.19669,28.615384615384617,11.166666666666666,2.4861,0.381,STATUS_FULL_TIME
Bundesliga,2024-2025,2024-09-21 13:30:00,FC Heidenheim,Freiburg,0,3,0.379656,1.23884,59.2,14.4375,0.5992999999999999,2.108,STATUS_FULL_TIME
Bundesliga,2024-2025,2024-09-21 13:30:00,Union Berlin,Hoffenheim,2,1,1.21587,0.378776,9.48,10.48,2.1372999999999998,0.5776,STATUS_FULL_TIME
Bundesliga,2024-2025,2024-09-21 13:30:00,Werder Bremen,Bayern Munich,0,5,0.0,3.34451,35.0,7.3125,0.0148,2.9704,STATUS_FULL_TIME
Bundesliga,2024-2025,2024-09-22 13:30:00,Bayer Leverkusen,Wolfsburg,4,3,1.71874,0.836406,4.571428571428571,27.0,2.0665,0.6745000000000001,STATUS_FULL_TIME
Bundesliga,2024-2025,2024-09-22 17:30:00,St. Pauli,RasenBallsport Leipzig,0,0,1.67285,0.841324,19.208333333333332,6.166666666666667,2.0284000000000004,0.7297,STATUS_FULL_TIME
Bundesliga,2024-2025,2024-09-22 15:30:00,VfB Stuttgart,Borussia Dortmund,5,1,3.56218,0.60692,14.857142857142858,17.41176470588235,2.8748,0.0806,STATUS_FULL_TIME
Bundesliga,2024-2025,2024-09-27 18:30:00,Borussia Dortmund,Bochum,4,2,4.1712,1.02915,5.346153846153846,16.95,2.8716,0.0825,STATUS_FULL_TIME
Bundesliga,2024-2025,2024-09-28 16:30:00,Bayern Munich,Bayer Leverkusen,1,1,1.19457,0.0870163,7.04,23.352941176470587,2.3864,0.3389,STATUS_FULL_TIME
Bundesliga,2024-2025,2024-09-28 13:30:00,Borussia M.Gladbach,Union Berlin,1,0,1.38305,0.731164,11.4,14.74074074074074,1.9318,0.7888000000000001,STATUS_FULL_TIME
Bundesliga,2024-2025,2024-09-28 13:30:00,Freiburg,St. Pauli,0,3,1.10172,1.40925,9.363636363636363,14.869565217391305,1.0766,1.6031,STATUS_FULL_TIME
Bundesliga,2024-2025,2024-09-28 13:30:00,Mainz 05,FC Heidenheim,0,2,0.371434,1.09304,9.7,11.647058823529411,0.6767000000000001,1.9931,STATUS_FULL_TIME
Bundesliga,2024-2025,2024-09-28 13:30:00,RasenBallsport Leipzig,Augsburg,4,0,2.81593,1.07415,14.5,15.904761904761905,2.5297,0.32530000000000003,STATUS_FULL_TIME
Bundesliga,2024-2025,2024-09-28 13:30:00,Wolfsburg,VfB Stuttgart,2,2,1.0386,2.58036,11.538461538461538,6.294117647058823,0.3597,2.4833999999999996,STATUS_FULL_TIME
Bundesliga,2024-2025,2024-09-29 15:30:00,Hoffenheim,Werder Bremen,3,4,1.78654,4.06917,20.083333333333332,6.612903225806452,0.27849999999999997,2.6146,STATUS_FULL_TIME
Bundesliga,2024-2025,2024-09-29 13:30:00,Holstein Kiel,Eintracht Frankfurt,2,4,1.02971,2.43436,19.53846153846154,19.5,0.422,2.3909000000000002,STATUS_FULL_TIME
Bundesliga,2024-2025,2024-10-04 18:30:00,Augsburg,Borussia M.Gladbach,2,1,1.75524,0.807021,8.75,4.7727272727272725,2.1169000000000002,0.6523000000000001,STATUS_FULL_TIME
Bundesliga,2024-2025,2024-10-05 13:30:00,Bayer Leverkusen,Holstein Kiel,2,2,2.5839,1.98438,11.0,17.352941176470587,1.8004000000000002,0.9769,STATUS_FULL_TIME
Bundesliga,2024-2025,2024-10-05 13:30:00,Bochum,Wolfsburg,1,3,2.28586,2.37344,6.7272727272727275,15.928571428571429,1.3193,1.4363,STATUS_FULL_TIME
Bundesliga,2024-2025,2024-10-05 16:30:00,St. Pauli,Mainz 05,0,3,0.805413,1.29606,10.916666666666666,12.947368421052632,0.8960999999999999,1.809,STATUS_FULL_TIME
Bundesliga,2024-2025,2024-10-05 13:30:00,Union Berlin,Borussia Dortmund,2,1,1.52691,0.748758,12.714285714285714,6.529411764705882,2.0401000000000002,0.6829000000000001,STATUS_FULL_TIME
Bundesliga,2024-2025,2024-10-05 13:30:00,Werder Bremen,Freiburg,0,1,0.879674,1.58065,17.285714285714285,17.863636363636363,0.8298999999999999,1.9135,STATUS_FULL_TIME
Bundesliga,2024-2025,2024-10-06 15:30:00,Eintracht Frankfurt,Bayern Munich,3,3,1.49515,2.83119,24.625,7.5,0.5676000000000001,2.2485,STATUS_FULL_TIME
Bundesliga,2024-2025,2024-10-06 13:30:00,FC Heidenheim,RasenBallsport Leipzig,0,1,1.08159,1.81585,11.318181818181818,6.931034482758621,0.8212,1.933,STATUS_FULL_TIME
Bundesliga,2024-2025,2024-10-06 17:30:00,VfB Stuttgart,Hoffenheim,1,1,1.72567,0.893468,7.76,25.923076923076923,2.0598,0.6717,STATUS_FULL_TIME
Bundesliga,2024-2025,2024-10-18 18:30:00,Borussia Dortmund,St. Pauli,2,1,3.97161,1.07012,8.705882352941176,32.30769230769231,2.8209,0.1224,STATUS_FULL_TIME
Bundesliga,2024-2025,2024-10-19 13:30:00,Bayer Leverkusen,Eintracht Frankfurt,2,1,4.07146,1.55158,18.5625,29.3,2.7271,0.18969999999999998,STATUS_FULL_TIME
Bundesliga,2024-2025,2024-10-19 16:30:00,Bayern Munich,VfB Stuttgart,4,0,3.61889,0.286656,10.65,24.823529411764707,2.9616000000000002,0.021900000000000003,STATUS_FULL_TIME
Bundesliga,2024-2025,2024-10-19 13:30:00,Borussia M.Gladbach,FC Heidenheim,3,2,4.14976,1.89766,7.222222222222222,32.666666666666664,2.5907,0.3083,STATUS_FULL_TIME
Bundesliga,2024-2025,2024-10-19 13:30:00,Freiburg,Augsburg,3,1,1.07588,0.868723,16.625,18.0,1.5226,1.1629,STATUS_FULL_TIME
Bundesliga,2024-2025,2024-10-19 13:30:00,Hoffenheim,Bochum,3,1,2.46268,2.3454,12.0,10.73913043478261,1.4458,1.3239999999999998,STATUS_FULL_TIME
Bundesliga,2024-2025,2024-10-19 13:30:00,Mainz 05,RasenBallsport Leipzig,0,2,0.611288,2.16084,7.967741935483871,11.19047619047619,0.3129,2.5484999999999998,STATUS_FULL_TIME
Bundesliga,2024-2025,2024-10-20 13:30:00,Holstein Kiel,Union Berlin,0,2,0.901058,1.2809,17.352941176470587,15.722222222222221,1.0504,1.6545999999999998,STATUS_FULL_TIME
Bundesliga,2024-2025,2024-10-20 15:30:00,Wolfsburg,Werder Bremen,2,4,2.17351,2.14788,12.62962962962963,12.05,1.4153,1.3253000000000001,STATUS_FULL_TIME
Bundesliga,2024-2025,2024-10-25 18:30:00,Mainz 05,Borussia M.Gladbach,1,1,1.45557,0.934033,7.411764705882353,13.380952380952381,1.7912,0.9197000000000001,STATUS_FULL_TIME
Bundesliga,2024-2025,2024-10-26 13:30:00,Augsburg,Borussia Dortmund,2,1,0.560509,0.776944,16.1,5.6,1.0779,1.5318,STATUS_FULL_TIME
Bundesliga,2024-2025,2024-10-26 13:30:00,RasenBallsport Leipzig,Freiburg,3,1,2.69047,1.75887,15.545454545454545,12.2,2.0217,0.786,STATUS_FULL_TIME
Bundesliga,2024-2025,2024-10-26 13:30:00,St. Pauli,Wolfsburg,0,0,0.730167,0.940969,14.052631578947368,17.875,1.1074000000000002,1.5558999999999998,STATUS_FULL_TIME
Bundesliga,2024-2025,2024-10-26 13:30:00,VfB Stuttgart,Holstein Kiel,2,1,1.90999,0.680092,15.133333333333333,14.736842105263158,2.3277,0.4719,STATUS_FULL_TIME
Bundesliga,2024-2025,2024-10-26 16:30:00,Werder Bremen,Bayer Leverkusen,2,2,1.78808,1.30852,17.166666666666668,10.916666666666666,1.7371999999999999,1.0004,STATUS_FULL_TIME
Bundesliga,2024-2025,2024-10-27 14:30:00,Bochum,Bayern Munich,0,5,0.205046,3.1499,15.655172413793103,12.833333333333334,0.061200000000000004,2.8958999999999997,STATUS_FULL_TIME
Bundesliga,2024-2025,2024-10-27 18:30:00,FC Heidenheim,Hoffenheim,0,0,1.57817,0.692793,9.333333333333334,7.5,2.1561999999999997,0.5941,STATUS_FULL_TIME
Bundesliga,2024-2025,2024-10-27 16:30:00,Union Berlin,Eintracht Frankfurt,1,1,1.86305,1.54058,12.36,17.285714285714285,1.6451000000000002,1.0613000000000001,STATUS_FULL_TIME
Bundesliga,2024-2025,2024-11-01 19:30:00,Bayer Leverkusen,VfB Stuttgart,0,0,2.78287,0.223778,9.76,10.304347826086957,2.8522,0.0895,STATUS_FULL_TIME
Bundesliga,2024-2025,2024-11-02 14:30:00,Bayern Munich,Union Berlin,3,0,2.76181,0.4664,6.9523809523809526,33.5,2.8012,0.1261,STATUS_FULL_TIME
Bundesliga,2024-2025,2024-11-02 17:30:00,Borussia Dortmund,RasenBallsport Leipzig,2,1,3.30102,0.23928,11.090909090909092,18.0,2.9189,0.0476,STATUS_FULL_TIME
Bundesliga,2024-2025,2024-11-02 14:30:00,Eintracht Frankfurt,Bochum,7,2,3.83028,2.08714,7.904761904761905,16.608695652173914,2.4453,0.40770000000000006,STATUS_FULL_TIME
Bundesliga,2024-2025,2024-11-02 14:30:00,Hoffenheim,St. Pauli,0,2,0.746379,1.1155,7.761904761904762,14.24,0.9804999999999999,1.6918000000000002,STATUS_FULL_TIME
Bundesliga,2024-2025,2024-11-02 14:30:00,Holstein Kiel,FC Heidenheim,1,0,2.13316,1.27585,10.238095238095237,7.458333333333333,2.0568000000000004,0.7208999999999999,STATUS_FULL_TIME
Bundesliga,2024-2025,2024-11-02 14:30:00,Wolfsburg,Augsburg,1,1,1.11324,0.499473,8.411764705882353,18.736842105263158,1.883,0.7886000000000001,STATUS_FULL_TIME
Bundesliga,2024-2025,2024-11-03 16:30:00,Borussia M.Gladbach,Werder Bremen,4,1,2.95668,1.30211,14.272727272727273,13.173913043478262,2.4324,0.4269,STATUS_FULL_TIME
Bundesliga,2024-2025,2024-11-03 14:30:00,Freiburg,Mainz 05,0,0,0.463898,0.903716,14.0,14.578947368421053,0.8119000000000001,1.8244000000000002,STATUS_FULL_TIME
Bundesliga,2024-2025,2024-11-08 19:30:00,Union Berlin,Freiburg,0,0,0.801684,2.66619,15.869565217391305,10.529411764705882,0.214,2.6764,STATUS_FULL_TIME
Bundesliga,2024-2025,2024-11-09 14:30:00,Bochum,Bayer Leverkusen,1,1,0.777554,1.40554,32.53846153846154,11.214285714285714,0.8448,1.8783,STATUS_FULL_TIME
Bundesliga,2024-2025,2024-11-09 14:30:00,Mainz 05,Borussia Dortmund,3,1,3.18749,0.845107,10.36,17.375,2.7831,0.13379999999999997,STATUS_FULL_TIME
Bundesliga,2024-2025,2024-11-09 17:30:00,RasenBallsport Leipzig,Borussia M.Gladbach,0,0,0.849803,1.31521,7.866666666666666,22.6875,0.9387000000000001,1.7646,STATUS_FULL_TIME
Bundesliga,2024-2025,2024-11-09 14:30:00,St. Pauli,Bayern Munich,0,1,0.0751538,1.67296,33.214285714285715,6.28,0.16970000000000002,2.6903,STATUS_FULL_TIME
Bundesliga,2024-2025,2024-11-09 14:30:00,Werder Bremen,Holstein Kiel,2,1,2.26129,0.884231,8.807692307692308,15.047619047619047,2.3577000000000004,0.4686,STATUS_FULL_TIME
Bundesliga,2024-2025,2024-11-10 14:30:00,Augsburg,Hoffenheim,0,0,0.970329,0.415649,12.52,7.566666666666666,1.8799,0.7717,STATUS_FULL_TIME
Bundesliga,2024-2025,2024-11-10 18:30:00,FC Heidenheim,Wolfsburg,1,3,2.62448,1.55233,6.25,12.208333333333334,2.1068,0.6950000000000001,STATUS_FULL_TIME
Bundesliga,2024-2025,2024-11-10 16:30:00,VfB Stuttgart,Eintracht Frankfurt,2,3,2.81862,1.93894,10.08695652173913,12.458333333333334,1.9434999999999998,0.8404,STATUS_FULL_TIME
Bundesliga,2024-2025,2024-11-22 19:30:00,Bayern Munich,Augsburg,3,0,4.02659,0.149096,6.315789473684211,56.142857142857146,2.9886,0.006,STATUS_FULL_TIME
Bundesliga,2024-2025,2024-11-23 14:30:00,Bayer Leverkusen,FC Heidenheim,5,2,2.02581,1.03141,15.1,44.09090909090909,2.109,0.6648000000000001,STATUS_FULL_TIME
Bundesliga,2024-2025,2024-11-23 14:30:00,Borussia Dortmund,Freiburg,4,0,1.49974,1.1957,10.6,22.941176470588236,1.5552,1.1406,STATUS_FULL_TIME
Bundesliga,2024-2025,2024-11-23 17:30:00,Eintracht Frankfurt,Werder Bremen,1,0,1.47057,0.632819,12.727272727272727,11.869565217391305,2.0648,0.6653,STATUS_FULL_TIME
Bundesliga,2024-2025,2024-11-23 14:30:00,Hoffenheim,RasenBallsport Leipzig,4,3,2.60143,1.72976,8.590909090909092,17.1,1.9461,0.8438999999999999,STATUS_FULL_TIME
Bundesliga,2024-2025,2024-11-23 14:30:00,VfB Stuttgart,Bochum,2,0,2.05767,0.652259,17.75,12.6,2.4082,0.4165,STATUS_FULL_TIME
Bundesliga,2024-2025,2024-11-23 14:30:00,Wolfsburg,Union Berlin,1,0,0.742754,0.63337,9.846153846153847,16.944444444444443,1.4187,1.1919,STATUS_FULL_TIME
Bundesliga,2024-2025,2024-11-24 16:30:00,Borussia M.Gladbach,St. Pauli,2,0,2.99128,1.15234,26.90909090909091,19.0,2.5524999999999998,0.3232,STATUS_FULL_TIME
Bundesliga,2024-2025,2024-11-24 14:30:00,Holstein Kiel,Mainz 05,0,3,0.346026,2.13631,18.31578947368421,10.9,0.2116,2.6671,STATUS_FULL_TIME
Bundesliga,2024-2025,2024-11-30 14:30:00,Augsburg,Bochum,1,0,2.15529,0.250706,10.842105263157896,10.24,2.7510000000000003,0.1488,STATUS_FULL_TIME
Bundesliga,2024-2025,2024-11-30 17:30:00,Borussia Dortmund,Bayern Munich,1,1,0.55981,1.83117,12.142857142857142,6.142857142857143,0.4346,2.3749999999999996,STATUS_FULL_TIME
Bundesliga,2024-2025,2024-11-30 14:30:00,Freiburg,Borussia M.Gladbach,3,1,2.15426,1.27811,18.0,10.384615384615385,2.0475,0.7257,STATUS_FULL_TIME
Bundesliga,2024-2025,2024-11-30 14:30:00,RasenBallsport Leipzig,Wolfsburg,1,5,1.4486,2.69881,9.28,33.30769230769231,0.4819,2.3266,STATUS_FULL_TIME
Bundesliga,2024-2025,2024-11-30 14:30:00,St. Pauli,Holstein Kiel,3,1,1.96179,1.1506,21.857142857142858,8.846153846153847,2.0941,0.6424000000000001,STATUS_FULL_TIME
Bundesliga,2024-2025,2024-11-30 14:30:00,Union Berlin,Bayer Leverkusen,1,2,1.11328,0.906684,13.16,8.85,1.5373,1.1307999999999998,STATUS_FULL_TIME
Bundesliga,2024-2025,2024-11-30 14:30:00,Werder Bremen,VfB Stuttgart,2,2,2.14949,1.6651,21.25,11.45,1.7035,1.0573000000000001,STATUS_FULL_TIME
Bundesliga,2024-2025,2024-12-01 16:30:00,FC Heidenheim,Eintracht Frankfurt,0,4,0.861094,3.19019,14.05,9.6,0.15810000000000002,2.7543,STATUS_FULL_TIME
Bundesliga,2024-2025,2024-12-01 16:30:00,Mainz 05,Hoffenheim,2,0,2.62793,0.814599,5.657894736842105,7.2592592592592595,2.5551,0.3087,STATUS_FULL_TIME
Bundesliga,2024-2025,2024-12-06 19:30:00,VfB Stuttgart,Union Berlin,3,2,1.81349,1.86301,8.095238095238095,14.571428571428571,1.357,1.3729,STATUS_FULL_TIME
Bundesliga,2024-2025,2024-12-07 14:30:00,Bayer Leverkusen,St. Pauli,2,1,0.729523,2.18395,14.133333333333333,20.238095238095237,0.3188,2.5208000000000004,STATUS_FULL_TIME
Bundesliga,2024-2025,2024-12-07 14:30:00,Bayern Munich,FC Heidenheim,4,2,3.08538,1.16879,4.76,56.0,2.5825,0.28569999999999995,STATUS_FULL_TIME
Bundesliga,2024-2025,2024-12-07 14:30:00,Bochum,Werder Bremen,0,1,1.16256,1.20754,11.333333333333334,14.529411764705882,1.3056,1.3755,STATUS_FULL_TIME
Bundesliga,2024-2025,2024-12-07 17:30:00,Borussia M.Gladbach,Borussia Dortmund,1,1,1.10194,1.58856,16.842105263157894,8.875,0.9848999999999999,1.7184,STATUS_FULL_TIME
Bundesliga,2024-2025,2024-12-07 14:30:00,Eintracht Frankfurt,Augsburg,2,2,1.53465,1.17089,4.515151515151516,15.454545454545455,1.6451,1.0631,STATUS_FULL_TIME
Bundesliga,2024-2025,2024-12-07 14:30:00,Holstein Kiel,RasenBallsport Leipzig,0,2,1.14963,1.72704,12.736842105263158,14.380952380952381,0.8932,1.8381999999999998,STATUS_FULL_TIME
Bundesliga,2024-2025,2024-12-08 16:30:00,Hoffenheim,Freiburg,1,1,1.49449,1.53138,13.2,13.869565217391305,1.3261999999999998,1.4033,STATUS_FULL_TIME
Bundesliga,2024-2025,2024-12-08 14:30:00,Wolfsburg,Mainz 05,4,3,1.48692,3.02237,23.818181818181817,10.173913043478262,0.4274,2.4145999999999996,STATUS_FULL_TIME
Bundesliga,2024-2025,2024-12-13 19:30:00,Freiburg,Wolfsburg,3,2,2.96777,1.85123,10.894736842105264,17.0,2.1185,0.6923,STATUS_FULL_TIME
Bundesliga,2024-2025,2024-12-14 14:30:00,Augsburg,Bayer Leverkusen,0,2,0.43671,1.02095,27.2,14.461538461538462,0.761,1.8968,STATUS_FULL_TIME
Bundesliga,2024-2025,2024-12-14 14:30:00,Borussia M.Gladbach,Holstein Kiel,4,1,2.33425,0.323948,15.058823529411764,13.037037037037036,2.7207000000000003,0.177,STATUS_FULL_TIME
Bundesliga,2024-2025,2024-12-14 14:30:00,Mainz 05,Bayern Munich,2,1,1.64219,0.992002,9.96875,7.352941176470588,1.9511,0.7951999999999999,STATUS_FULL_TIME
Bundesliga,2024-2025,2024-12-14 17:30:00,St. Pauli,Werder Bremen,0,2,0.515437,0.986101,13.454545454545455,14.75,0.873,1.7886,STATUS_FULL_TIME
Bundesliga,2024-2025,2024-12-14 14:30:00,Union Berlin,Bochum,1,1,3.0131,1.23723,5.238095238095238,17.416666666666668,2.4633000000000003,0.39959999999999996,STATUS_FULL_TIME
Bundesliga,2024-2025,2024-12-15 16:30:00,Borussia Dortmund,Hoffenheim,1,1,0.433347,1.31436,13.785714285714286,10.678571428571429,0.5926,2.1330999999999998,STATUS_FULL_TIME
Bundesliga,2024-2025,2024-12-15 14:30:00,FC Heidenheim,VfB Stuttgart,1,3,0.808275,3.46171,11.310344827586206,7.823529411764706,0.12229999999999999,2.8163,STATUS_FULL_TIME
Bundesliga,2024-2025,2024-12-15 18:30:00,RasenBallsport Leipzig,Eintracht Frankfurt,2,1,2.4958,0.839379,13.625,12.095238095238095,2.4668,0.3812,STATUS_FULL_TIME
Bundesliga,2024-2025,2024-12-20 19:30:00,Bayern Munich,RasenBallsport Leipzig,5,1,4.35715,0.552564,9.8,18.0,2.9509,0.031299999999999994,STATUS_FULL_TIME
Bundesliga,2024-2025,2024-12-21 17:30:00,Bayer Leverkusen,Freiburg,5,1,3.25968,1.34161,6.758620689655173,23.88235294117647,2.5456000000000003,0.3274,STATUS_FULL_TIME
Bundesliga,2024-2025,2024-12-21 14:30:00,Eintracht Frankfurt,Mainz 05,1,3,2.58915,0.753285,5.55,19.7,2.5361,0.32689999999999997,STATUS_FULL_TIME
Bundesliga,2024-2025,2024-12-21 14:30:00,Hoffenheim,Borussia M.Gladbach,1,2,3.7229,0.490494,9.76923076923077,18.61111111111111,2.9257,0.045700000000000005,STATUS_FULL_TIME
Bundesliga,2024-2025,2024-12-21 14:30:00,Holstein Kiel,Augsburg,5,1,2.48595,1.13064,13.857142857142858,7.666666666666667,2.3754999999999997,0.4579,STATUS_FULL_TIME
Bundesliga,2024-2025,2024-12-21 14:30:00,VfB Stuttgart,St. Pauli,0,1,2.41593,2.57781,6.304347826086956,20.05,1.2469,1.5196,STATUS_FULL_TIME
Bundesliga,2024-2025,2024-12-21 14:30:00,Werder Bremen,Union Berlin,4,1,2.73356,1.64107,9.48,12.884615384615385,2.1399,0.6609,STATUS_FULL_TIME
Bundesliga,2024-2025,2024-12-22 14:30:00,Bochum,FC Heidenheim,2,0,1.68369,0.512353,6.84375,7.464285714285714,2.2481,0.5243,STATUS_FULL_TIME
Bundesliga,2024-2025,2024-12-22 16:30:00,Wolfsburg,Borussia Dortmund,1,3,1.95337,2.4116,16.61111111111111,11.947368421052632,1.0911,1.6689,STATUS_FULL_TIME
Bundesliga,2024-2025,2025-01-10 19:30:00,Borussia Dortmund,Bayer Leverkusen,2,3,1.48663,1.8834,8.789473684210526,29.235294117647058,0.9934000000000001,1.7239,STATUS_FULL_TIME
Bundesliga,2024-2025,2025-01-11 17:30:00,Borussia M.Gladbach,Bayern Munich,0,1,0.326195,4.47736,15.954545454545455,7.703703703703703,0.011099999999999999,2.9811,STATUS_FULL_TIME
Bundesliga,2024-2025,2025-01-11 14:30:00,FC Heidenheim,Union Berlin,2,0,1.75563,1.03435,13.8,16.476190476190474,1.9152,0.831,STATUS_FULL_TIME
Bundesliga,2024-2025,2025-01-11 14:30:00,Freiburg,Holstein Kiel,3,2,0.750017,1.66855,14.2,12.25,0.5983,2.1775,STATUS_FULL_TIME
Bundesliga,2024-2025,2025-01-11 14:30:00,Hoffenheim,Wolfsburg,0,1,1.18042,1.49127,11.705882352941176,10.083333333333334,1.0878999999999999,1.6198000000000001,STATUS_FULL_TIME
Bundesliga,2024-2025,2025-01-11 14:30:00,Mainz 05,Bochum,2,0,1.7238,0.697735,13.76923076923077,14.380952380952381,2.2656,0.5118,STATUS_FULL_TIME
Bundesliga,2024-2025,2025-01-11 14:30:00,St. Pauli,Eintracht Frankfurt,0,1,2.5542,2.23689,23.333333333333332,14.6875,1.5690000000000002,1.1877000000000002,STATUS_FULL_TIME
Bundesliga,2024-2025,2025-01-12 16:30:00,Augsburg,VfB Stuttgart,0,1,0.339144,2.61617,11.592592592592593,9.416666666666666,0.09609999999999999,2.8459,STATUS_FULL_TIME
Bundesliga,2024-2025,2025-01-12 14:30:00,RasenBallsport Leipzig,Werder Bremen,4,2,2.65039,1.32687,13.833333333333334,10.133333333333333,2.2411999999999996,0.5783,STATUS_FULL_TIME
Bundesliga,2024-2025,2025-01-14 19:30:00,Bayer Leverkusen,Mainz 05,1,0,1.99412,0.603471,10.55,16.904761904761905,2.4193,0.3943,STATUS_FULL_TIME
Bundesliga,2024-2025,2025-01-14 19:30:00,Eintracht Frankfurt,Freiburg,4,1,2.82238,0.587762,6.956521739130435,13.96,2.7048000000000005,0.19619999999999999,STATUS_FULL_TIME
Bundesliga,2024-2025,2025-01-14 17:30:00,Holstein Kiel,Borussia Dortmund,4,2,1.95929,1.16391,18.666666666666668,6.6923076923076925,2.0076,0.7659,STATUS_FULL_TIME
Bundesliga,2024-2025,2025-01-14 19:30:00,Wolfsburg,Borussia M.Gladbach,5,1,3.72762,0.856948,18.136363636363637,11.294117647058824,2.8756,0.0808,STATUS_FULL_TIME
Bundesliga,2024-2025,2025-01-15 19:30:00,Bayern Munich,Hoffenheim,5,0,3.80458,0.222965,10.038461538461538,20.833333333333332,2.9666,0.0182,STATUS_FULL_TIME
Bundesliga,2024-2025,2025-01-15 17:30:00,Bochum,St. Pauli,1,0,1.8213,1.15308,10.277777777777779,8.708333333333334,1.8656000000000001,0.8828,STATUS_FULL_TIME
Bundesliga,2024-2025,2025-01-15 19:30:00,Union Berlin,Augsburg,0,2,0.549286,1.41902,6.121212121212121,15.047619047619047,0.6266,2.1179,STATUS_FULL_TIME
Bundesliga,2024-2025,2025-01-15 19:30:00,VfB Stuttgart,RasenBallsport Leipzig,2,1,2.42754,0.710278,9.875,13.653846153846153,2.633,0.2411,STATUS_FULL_TIME
Bundesliga,2024-2025,2025-01-15 19:30:00,Werder Bremen,FC Heidenheim,3,3,1.87497,1.91878,13.941176470588236,10.310344827586206,1.3371,1.4073,STATUS_FULL_TIME
Bundesliga,2024-2025,2025-01-17 19:30:00,Eintracht Frankfurt,Borussia Dortmund,2,0,2.05106,0.57641,15.24,8.458333333333334,2.4567,0.3738,STATUS_FULL_TIME
Bundesliga,2024-2025,2025-01-18 17:30:00,Bayer Leverkusen,Borussia M.Gladbach,3,1,2.08382,0.473935,14.954545454545455,23.466666666666665,2.6161999999999996,0.2429,STATUS_FULL_TIME
Bundesliga,2024-2025,2025-01-18 14:30:00,Bayern Munich,Wolfsburg,3,2,3.23282,0.702414,7.85,26.933333333333334,2.7628,0.1567,STATUS_FULL_TIME
Bundesliga,2024-2025,2025-01-18 14:30:00,Bochum,RasenBallsport Leipzig,3,3,2.75969,2.38567,9.0,11.0625,1.6460000000000001,1.1059999999999999,STATUS_FULL_TIME
Bundesliga,2024-2025,2025-01-18 14:30:00,FC Heidenheim,St. Pauli,0,2,0.923964,2.23242,15.833333333333334,11.5,0.35259999999999997,2.482,STATUS_FULL_TIME
Bundesliga,2024-2025,2025-01-18 14:30:00,Holstein Kiel,Hoffenheim,1,3,0.908525,0.905544,7.181818181818182,6.235294117647059,1.3301999999999998,1.3368,STATUS_FULL_TIME
Bundesliga,2024-2025,2025-01-18 14:30:00,VfB Stuttgart,Freiburg,4,0,2.26605,0.187694,11.681818181818182,21.0,2.8230999999999997,0.1027,STATUS_FULL_TIME
Bundesliga,2024-2025,2025-01-19 14:30:00,Union Berlin,Mainz 05,2,1,2.44953,1.40424,16.818181818181817,13.727272727272727,2.1929,0.5942,STATUS_FULL_TIME
Bundesliga,2024-2025,2025-01-19 16:30:00,Werder Bremen,Augsburg,0,2,1.15183,1.31644,4.392857142857143,30.46153846153846,1.1833,1.5271,STATUS_FULL_TIME
Bundesliga,2024-2025,2025-01-24 19:30:00,Wolfsburg,Holstein Kiel,2,2,2.52045,0.265769,8.1,26.5,2.7731000000000003,0.1385,STATUS_FULL_TIME
Bundesliga,2024-2025,2025-01-25 14:30:00,Augsburg,FC Heidenheim,2,1,1.63821,0.94738,14.375,19.36842105263158,1.9638,0.7746,STATUS_FULL_TIME
Bundesliga,2024-2025,2025-01-25 14:30:00,Borussia Dortmund,Werder Bremen,2,2,1.49423,1.11662,14.1,9.192307692307692,1.7224,0.9589,STATUS_FULL_TIME
Bundesliga,2024-2025,2025-01-25 17:30:00,Borussia M.Gladbach,Bochum,3,0,2.93153,0.759449,12.882352941176471,11.925925925925926,2.7279,0.1779,STATUS_FULL_TIME
Bundesliga,2024-2025,2025-01-25 14:30:00,Freiburg,Bayern Munich,1,2,0.271308,0.787581,13.433333333333334,11.235294117647058,0.7131000000000001,1.8837,STATUS_FULL_TIME
Bundesliga,2024-2025,2025-01-25 14:30:00,Mainz 05,VfB Stuttgart,2,0,2.22883,0.917385,8.866666666666667,8.375,2.3369,0.48109999999999997,STATUS_FULL_TIME
Bundesliga,2024-2025,2025-01-25 14:30:00,RasenBallsport Leipzig,Bayer Leverkusen,2,2,0.708246,2.57674,10.055555555555555,20.933333333333334,0.2216,2.6663,STATUS_FULL_TIME
Bundesliga,2024-2025,2025-01-26 14:30:00,Hoffenheim,Eintracht Frankfurt,2,2,2.32141,2.30325,12.772727272727273,16.071428571428573,1.3722,1.3641,STATUS_FULL_TIME
Bundesliga,2024-2025,2025-01-26 16:30:00,St. Pauli,Union Berlin,3,0,1.40358,0.986402,27.333333333333332,11.736842105263158,1.6637,1.0571,STATUS_FULL_TIME
Bundesliga,2024-2025,2025-01-31 19:30:00,Werder Bremen,Mainz 05,1,0,2.58542,1.01597,15.555555555555555,6.72,2.4767,0.374,STATUS_FULL_TIME
Bundesliga,2024-2025,2025-02-01 14:30:00,Bayern Munich,Holstein Kiel,4,3,4.93236,2.05752,20.7,26.76923076923077,2.7119,0.21230000000000002,STATUS_FULL_TIME
Bundesliga,2024-2025,2025-02-01 14:30:00,Bochum,Freiburg,0,1,0.843049,3.33243,5.875,11.5,0.1712,2.7547999999999995,STATUS_FULL_TIME
Bundesliga,2024-2025,2025-02-01 14:30:00,FC Heidenheim,Borussia Dortmund,1,2,0.525888,2.68284,17.0,7.7272727272727275,0.1755,2.7393,STATUS_FULL_TIME
Bundesliga,2024-2025,2025-02-01 14:30:00,St. Pauli,Augsburg,1,1,0.849878,0.194891,17.15,10.173913043478262,2.1433,0.5173,STATUS_FULL_TIME
Bundesliga,2024-2025,2025-02-01 17:30:00,Union Berlin,RasenBallsport Leipzig,0,0,1.74847,0.237923,12.476190476190476,10.421052631578947,2.5895,0.25070000000000003,STATUS_FULL_TIME
Bundesliga,2024-2025,2025-02-01 14:30:00,VfB Stuttgart,Borussia M.Gladbach,1,2,0.950734,1.96971,10.192307692307692,18.0625,0.6299,2.1527,STATUS_FULL_TIME
Bundesliga,2024-2025,2025-02-02 16:30:00,Bayer Leverkusen,Hoffenheim,3,1,1.35418,1.94944,13.842105263157896,18.933333333333334,0.8720000000000001,1.8563,STATUS_FULL_TIME
Bundesliga,2024-2025,2025-02-02 14:30:00,Eintracht Frankfurt,Wolfsburg,1,1,1.69604,1.46292,14.76923076923077,15.590909090909092,1.5414,1.1943,STATUS_FULL_TIME
Bundesliga,2024-2025,2025-02-07 19:30:00,Bayern Munich,Werder Bremen,3,0,4.47713,0.151051,12.941176470588236,28.5625,2.9927,0.0041,STATUS_FULL_TIME
Bundesliga,2024-2025,2025-02-08 14:30:00,Borussia Dortmund,VfB Stuttgart,1,2,1.07063,0.452825,6.380952380952381,20.210526315789473,1.9019,0.7622,STATUS_FULL_TIME
Bundesliga,2024-2025,2025-02-08 17:30:00,Borussia M.Gladbach,Eintracht Frankfurt,1,1,0.656491,2.5487,14.0,17.941176470588236,0.17880000000000001,2.7165,STATUS_FULL_TIME
Bundesliga,2024-2025,2025-02-08 14:30:00,Freiburg,FC Heidenheim,1,0,1.33195,0.434356,17.625,18.166666666666668,2.1925000000000003,0.5467,STATUS_FULL_TIME
Bundesliga,2024-2025,2025-02-08 14:30:00,Hoffenheim,Union Berlin,0,4,0.881646,3.86589,7.782608695652174,12.04,0.10369999999999999,2.8433,STATUS_FULL_TIME
Bundesliga,2024-2025,2025-02-08 14:30:00,Mainz 05,Augsburg,0,0,1.99994,0.260742,4.266666666666667,21.6875,2.7657,0.1392,STATUS_FULL_TIME
Bundesliga,2024-2025,2025-02-08 14:30:00,Wolfsburg,Bayer Leverkusen,0,0,0.895017,1.66317,30.444444444444443,12.625,0.7029,2.0379,STATUS_FULL_TIME
Bundesliga,2024-2025,2025-02-09 13:30:00,Holstein Kiel,Bochum,2,2,2.0,2.0,,,1.0,1.0,STATUS_FULL_TIME
Bundesliga,2024-2025,2025-02-09 16:30:00,RasenBallsport Leipzig,St. Pauli,2,0,1.89601,0.72321,22.636363636363637,21.55,2.2724,0.5219,STATUS_FULL_TIME
Bundesliga,2024-2025,2025-02-14 19:30:00,Augsburg,RasenBallsport Leipzig,0,0,1.05445,1.6452,16.5,8.176470588235293,0.8836,1.8532000000000002,STATUS_FULL_TIME
Bundesliga,2024-2025,2025-02-15 17:30:00,Bayer Leverkusen,Bayern Munich,0,0,2.55729,0.0720406,8.34375,15.625,2.903,0.0524,STATUS_FULL_TIME
Bundesliga,2024-2025,2025-02-15 14:30:00,Bochum,Borussia Dortmund,2,0,3.3688,2.70519,19.6,9.0,1.8322,0.9484,STATUS_FULL_TIME
Bundesliga,2024-2025,2025-02-15 14:30:00,St. Pauli,Freiburg,0,1,0.19059,1.25072,16.38888888888889,21.125,0.2901,2.5089,STATUS_FULL_TIME
Bundesliga,2024-2025,2025-02-15 14:30:00,Union Berlin,Borussia M.Gladbach,1,2,1.66824,2.22036,12.0,22.083333333333332,0.945,1.7967000000000002,STATUS_FULL_TIME
Bundesliga,2024-2025,2025-02-15 14:30:00,VfB Stuttgart,Wolfsburg,1,2,1.22466,1.75731,12.647058823529411,9.92,0.8735,1.8409999999999997,STATUS_FULL_TIME
Bundesliga,2024-2025,2025-02-16 16:30:00,Eintracht Frankfurt,Holstein Kiel,3,1,3.02527,1.26559,12.36,26.0,2.5093,0.3433,STATUS_FULL_TIME
Bundesliga,2024-2025,2025-02-16 18:30:00,FC Heidenheim,Mainz 05,0,2,0.545205,1.94932,13.23076923076923,10.068965517241379,0.24989999999999998,2.6127,STATUS_FULL_TIME
Bundesliga,2024-2025,2025-02-16 14:30:00,Werder Bremen,Hoffenheim,1,3,0.85665,1.91874,6.791666666666667,11.266666666666667,0.6378,2.1483000000000003,STATUS_FULL_TIME
Bundesliga,2024-2025,2025-02-21 19:30:00,Freiburg,Werder Bremen,5,0,2.66243,1.25462,16.541666666666668,8.64,2.424,0.3951,STATUS_FULL_TIME
Bundesliga,2024-2025,2025-02-22 17:30:00,Borussia Dortmund,Union Berlin,6,0,5.44112,0.365382,8.347826086956522,15.590909090909092,2.9979999999999998,0.001,STATUS_FULL_TIME
Bundesliga,2024-2025,2025-02-22 14:30:00,Borussia M.Gladbach,Augsburg,0,3,0.800003,1.73915,14.75,16.95,0.6403,2.1232,STATUS_FULL_TIME
Bundesliga,2024-2025,2025-02-22 14:30:00,Holstein Kiel,Bayer Leverkusen,0,2,0.494995,2.55557,40.833333333333336,9.666666666666666,0.1681,2.7295,STATUS_FULL_TIME
Bundesliga,2024-2025,2025-02-22 14:30:00,Mainz 05,St. Pauli,2,0,1.35603,0.90068,12.777777777777779,10.681818181818182,1.7497999999999998,0.9557,STATUS_FULL_TIME
Bundesliga,2024-2025,2025-02-22 14:30:00,Wolfsburg,Bochum,1,1,2.16138,1.46609,13.5,12.08695652173913,1.918,0.8374,STATUS_FULL_TIME
Bundesliga,2024-2025,2025-02-23 16:30:00,Bayern Munich,Eintracht Frankfurt,4,0,4.48699,0.49278,8.382352941176471,27.11764705882353,2.9697,0.0186,STATUS_FULL_TIME
Bundesliga,2024-2025,2025-02-23 18:30:00,Hoffenheim,VfB Stuttgart,1,1,0.705815,3.67099,23.714285714285715,13.285714285714286,0.091,2.8591,STATUS_FULL_TIME
Bundesliga,2024-2025,2025-02-23 14:30:00,RasenBallsport Leipzig,FC Heidenheim,2,2,1.6451,0.834882,3.8947368421052633,19.6875,2.0658999999999996,0.6145,STATUS_FULL_TIME
Bundesliga,2024-2025,2025-02-28 19:30:00,VfB Stuttgart,Bayern Munich,1,3,0.653703,2.29942,9.518518518518519,10.16,0.35850000000000004,2.4884999999999997,STATUS_FULL_TIME
Bundesliga,2024-2025,2025-03-01 14:30:00,Bochum,Hoffenheim,0,1,1.4452,0.525952,3.6538461538461537,8.217391304347826,2.1492,0.5937,STATUS_FULL_TIME
Bundesliga,2024-2025,2025-03-01 17:30:00,Eintracht Frankfurt,Bayer Leverkusen,1,4,1.00046,2.37018,9.5,14.352941176470589,0.49039999999999995,2.324,STATUS_FULL_TIME
Bundesliga,2024-2025,2025-03-01 14:30:00,FC Heidenheim,Borussia M.Gladbach,0,3,1.87707,1.7158,25.785714285714285,12.8,1.4973,1.2368999999999999,STATUS_FULL_TIME
Bundesliga,2024-2025,2025-03-01 14:30:00,RasenBallsport Leipzig,Mainz 05,1,2,1.78404,1.64735,15.0,8.294117647058824,1.4692,1.2532,STATUS_FULL_TIME
Bundesliga,2024-2025,2025-03-01 14:30:00,St. Pauli,Borussia Dortmund,0,2,0.293506,2.23846,12.925925925925926,10.761904761904763,0.1164,2.8061999999999996,STATUS_FULL_TIME
Bundesliga,2024-2025,2025-03-01 14:30:00,Werder Bremen,Wolfsburg,1,2,2.10317,1.11674,9.666666666666666,15.764705882352942,2.1314,0.6341000000000001,STATUS_FULL_TIME
Bundesliga,2024-2025,2025-03-02 16:30:00,Augsburg,Freiburg,0,0,2.222,0.799243,12.36,15.722222222222221,2.4050000000000002,0.4235,STATUS_FULL_TIME
Bundesliga,2024-2025,2025-03-02 14:30:00,Union Berlin,Holstein Kiel,0,1,0.886081,0.692509,10.5,7.0,1.5046,1.1425,STATUS_FULL_TIME
Bundesliga,2024-2025,2025-03-07 19:30:00,Borussia M.Gladbach,Mainz 05,1,3,1.25544,1.98889,10.541666666666666,17.523809523809526,0.7981999999999999,1.9535,STATUS_FULL_TIME
Bundesliga,2024-2025,2025-03-08 14:30:00,Bayer Leverkusen,Werder Bremen,0,2,1.36325,1.67701,5.7727272727272725,19.31578947368421,1.1163,1.6137000000000001,STATUS_FULL_TIME
Bundesliga,2024-2025,2025-03-08 14:30:00,Bayern Munich,Bochum,2,3,2.72891,1.36274,5.619047619047619,22.764705882352942,2.3291,0.4964,STATUS_FULL_TIME
Bundesliga,2024-2025,2025-03-08 14:30:00,Borussia Dortmund,Augsburg,0,1,1.11055,0.250168,6.2631578947368425,16.31578947368421,2.2022999999999997,0.5016,STATUS_FULL_TIME
Bundesliga,2024-2025,2025-03-08 17:30:00,Freiburg,RasenBallsport Leipzig,0,0,0.510953,2.02806,15.4375,13.08695652173913,0.3413,2.4979999999999998,STATUS_FULL_TIME
Bundesliga,2024-2025,2025-03-08 14:30:00,Holstein Kiel,VfB Stuttgart,2,2,1.97246,1.0726,16.4375,14.31578947368421,2.0488999999999997,0.7136,STATUS_FULL_TIME
Bundesliga,2024-2025,2025-03-08 14:30:00,Wolfsburg,St. Pauli,1,1,1.96602,1.23696,11.470588235294118,12.727272727272727,1.9797000000000002,0.7551,STATUS_FULL_TIME
Bundesliga,2024-2025,2025-03-09 14:30:00,Eintracht Frankfurt,Union Berlin,1,2,2.00811,0.725817,16.0,26.066666666666666,2.3742,0.44699999999999995,STATUS_FULL_TIME
Bundesliga,2024-2025,2025-03-09 16:30:00,Hoffenheim,FC Heidenheim,1,1,1.78028,2.31324,14.3125,14.647058823529411,1.0292,1.7479999999999998,STATUS_FULL_TIME
Bundesliga,2024-2025,2025-03-14 19:30:00,St. Pauli,Hoffenheim,1,0,1.43518,0.196271,17.11764705882353,16.916666666666668,2.4796,0.3133,STATUS_FULL_TIME
Bundesliga,2024-2025,2025-03-15 14:30:00,Augsburg,Wolfsburg,1,0,0.598968,0.763636,16.05263157894737,8.142857142857142,1.1522,1.4624,STATUS_FULL_TIME
Bundesliga,2024-2025,2025-03-15 14:30:00,Mainz 05,Freiburg,2,2,1.33307,2.93264,13.9375,16.5,0.4555,2.3881,STATUS_FULL_TIME
Bundesliga,2024-2025,2025-03-15 17:30:00,RasenBallsport Leipzig,Borussia Dortmund,2,0,2.55875,4.09542,11.76,5.714285714285714,0.6219,2.2323,STATUS_FULL_TIME
Bundesliga,2024-2025,2025-03-15 14:30:00,Union Berlin,Bayern Munich,1,1,0.8044,1.83549,16.41176470588235,5.357142857142857,0.5677,2.2026999999999997,STATUS_FULL_TIME
Bundesliga,2024-2025,2025-03-15 14:30:00,Werder Bremen,Borussia M.Gladbach,2,4,2.98283,2.32056,15.294117647058824,17.714285714285715,1.8427000000000002,0.9439,STATUS_FULL_TIME
Bundesliga,2024-2025,2025-03-16 15:30:00,Bochum,Eintracht Frankfurt,1,3,1.88062,3.29403,23.09090909090909,11.15,0.5981000000000001,2.2382,STATUS_FULL_TIME
Bundesliga,2024-2025,2025-03-16 16:30:00,FC Heidenheim,Holstein Kiel,3,1,1.6572,1.14988,12.518518518518519,6.208333333333333,1.7743000000000002,0.9601,STATUS_FULL_TIME
Bundesliga,2024-2025,2025-03-16 18:30:00,VfB Stuttgart,Bayer Leverkusen,3,4,2.85024,2.07439,8.5,14.692307692307692,1.9181,0.8705,STATUS_FULL_TIME
Bundesliga,2024-2025,2025-03-28 19:30:00,Bayer Leverkusen,Bochum,3,1,2.08076,0.702152,14.714285714285714,13.148148148148149,2.4915000000000003,0.32789999999999997,STATUS_FULL_TIME
Bundesliga,2024-2025,2025-03-29 14:30:00,Bayern Munich,St. Pauli,3,2,4.00213,0.841269,8.4,61.5,2.8724,0.0836,STATUS_FULL_TIME
Bundesliga,2024-2025,2025-03-29 14:30:00,Borussia M.Gladbach,RasenBallsport Leipzig,1,0,1.79539,0.929047,26.2,8.952380952380953,2.0401000000000002,0.7336,STATUS_FULL_TIME
Bundesliga,2024-2025,2025-03-29 17:30:00,Eintracht Frankfurt,VfB Stuttgart,1,0,3.69196,0.863163,9.36,9.173913043478262,2.8569,0.09509999999999999,STATUS_FULL_TIME
Bundesliga,2024-2025,2025-03-29 14:30:00,Hoffenheim,Augsburg,1,1,1.94509,0.688621,9.8,14.052631578947368,2.4018,0.41280000000000006,STATUS_FULL_TIME
Bundesliga,2024-2025,2025-03-29 14:30:00,Holstein Kiel,Werder Bremen,0,3,0.56476,1.48157,9.0,18.58823529411765,0.6043000000000001,2.1439000000000004,STATUS_FULL_TIME
Bundesliga,2024-2025,2025-03-29 14:30:00,Wolfsburg,FC Heidenheim,0,1,1.23886,1.31407,10.75,31.3,1.2721,1.4143,STATUS_FULL_TIME
Bundesliga,2024-2025,2025-03-30 16:30:00,Borussia Dortmund,Mainz 05,3,1,2.69722,0.654443,12.074074074074074,8.04,2.7118,0.18880000000000002,STATUS_FULL_TIME
Bundesliga,2024-2025,2025-03-30 14:30:00,Freiburg,Union Berlin,1,2,1.01023,1.38632,6.333333333333333,18.0,1.0372,1.672,STATUS_FULL_TIME
Bundesliga,2024-2025,2025-04-04 18:30:00,Augsburg,Bayern Munich,1,3,0.567653,1.91653,35.5,6.230769230769231,0.431,2.3825,STATUS_FULL_TIME
Bundesliga,2024-2025,2025-04-05 13:30:00,Bochum,VfB Stuttgart,0,4,0.815791,2.64663,7.0,26.727272727272727,0.28400000000000003,2.5898,STATUS_FULL_TIME
Bundesliga,2024-2025,2025-04-05 13:30:00,FC Heidenheim,Bayer Leverkusen,0,1,1.30234,0.367393,13.0,12.875,2.1969000000000003,0.5403,STATUS_FULL_TIME
Bundesliga,2024-2025,2025-04-05 13:30:00,Freiburg,Borussia Dortmund,1,4,2.02793,3.55487,10.476190476190476,14.5625,0.5327,2.3081000000000005,STATUS_FULL_TIME
Bundesliga,2024-2025,2025-04-05 13:30:00,Mainz 05,Holstein Kiel,1,1,1.65205,1.66267,7.08,14.266666666666667,1.3479,1.3806,STATUS_FULL_TIME
Bundesliga,2024-2025,2025-04-05 13:30:00,RasenBallsport Leipzig,Hoffenheim,3,1,1.40121,1.18624,7.24,21.428571428571427,1.4825000000000002,1.2218,STATUS_FULL_TIME
Bundesliga,2024-2025,2025-04-05 16:30:00,Werder Bremen,Eintracht Frankfurt,2,0,1.22711,0.515073,25.428571428571427,7.125,1.9921,0.718,STATUS_FULL_TIME
Bundesliga,2024-2025,2025-04-06 13:30:00,St. Pauli,Borussia M.Gladbach,1,1,2.19443,0.646648,19.09090909090909,21.153846153846153,2.5023999999999997,0.33940000000000003,STATUS_FULL_TIME
Bundesliga,2024-2025,2025-04-06 15:30:00,Union Berlin,Wolfsburg,1,0,1.55071,1.79618,14.1875,8.473684210526315,1.1263,1.5574000000000001,STATUS_FULL_TIME
Bundesliga,2024-2025,2025-04-11 18:30:00,Wolfsburg,RasenBallsport Leipzig,2,3,1.84361,1.60065,6.896551724137931,10.105263157894736,1.529,1.2157999999999998,STATUS_FULL_TIME
Bundesliga,2024-2025,2025-04-12 13:30:00,Bayer Leverkusen,Union Berlin,0,0,0.495489,0.513825,9.466666666666667,22.5,1.2382,1.3014999999999999,STATUS_FULL_TIME
Bundesliga,2024-2025,2025-04-12 16:30:00,Bayern Munich,Borussia Dortmund,2,2,2.94706,1.71681,9.91304347826087,25.166666666666668,2.1239,0.6913999999999999,STATUS_FULL_TIME
Bundesliga,2024-2025,2025-04-12 13:30:00,Bochum,Augsburg,1,2,1.86097,1.02536,13.4,10.526315789473685,1.9310999999999998,0.8235000000000001,STATUS_FULL_TIME
Bundesliga,2024-2025,2025-04-12 13:30:00,Borussia M.Gladbach,Freiburg,1,2,0.524784,2.31704,33.5,8.807692307692308,0.2616,2.6049,STATUS_FULL_TIME
Bundesliga,2024-2025,2025-04-12 13:30:00,Hoffenheim,Mainz 05,2,0,1.42393,0.969601,12.6,4.392857142857143,1.8002,0.9158,STATUS_FULL_TIME
Bundesliga,2024-2025,2025-04-12 13:30:00,Holstein Kiel,St. Pauli,1,2,0.692664,1.06614,10.772727272727273,13.5,1.012,1.6474,STATUS_FULL_TIME
Bundesliga,2024-2025,2025-04-13 15:30:00,Eintracht Frankfurt,FC Heidenheim,3,0,3.64515,1.28841,22.11764705882353,16.27777777777778,2.7019,0.21159999999999998,STATUS_FULL_TIME
Bundesliga,2024-2025,2025-04-13 13:30:00,VfB Stuttgart,Werder Bremen,1,2,1.75437,1.65438,13.666666666666666,14.0,1.4666000000000001,1.2668,STATUS_FULL_TIME
Bundesliga,2024-2025,2025-04-19 13:30:00,FC Heidenheim,Bayern Munich,0,4,0.529774,3.54191,28.25,10.952380952380953,0.08,2.8733,STATUS_FULL_TIME
Bundesliga,2024-2025,2025-04-19 13:30:00,Freiburg,Hoffenheim,3,2,1.54968,1.94701,15.117647058823529,9.625,1.0729,1.6756000000000002,STATUS_FULL_TIME
Bundesliga,2024-2025,2025-04-19 13:30:00,Mainz 05,Wolfsburg,2,2,2.68235,1.80796,6.884615384615385,10.0,1.9551999999999998,0.8467,STATUS_FULL_TIME
Bundesliga,2024-2025,2025-04-19 13:30:00,RasenBallsport Leipzig,Holstein Kiel,1,1,2.16761,1.017,12.875,13.681818181818182,2.2619999999999996,0.5424,STATUS_FULL_TIME
Bundesliga,2024-2025,2025-04-19 16:30:00,Union Berlin,VfB Stuttgart,4,4,2.16124,1.19,38.714285714285715,6.764705882352941,2.1058,0.6819999999999999,STATUS_FULL_TIME
Bundesliga,2024-2025,2025-04-19 13:30:00,Werder Bremen,Bochum,1,0,2.70919,0.4947,20.333333333333332,7.962962962962963,2.7534,0.1617,STATUS_FULL_TIME
Bundesliga,2024-2025,2025-04-20 13:30:00,Augsburg,Eintracht Frankfurt,0,0,1.14215,1.39546,16.88888888888889,8.384615384615385,1.1094,1.5969,STATUS_FULL_TIME
Bundesliga,2024-2025,2025-04-20 15:30:00,Borussia Dortmund,Borussia M.Gladbach,3,2,1.18456,1.2185,8.23076923076923,20.6,1.251,1.4148,STATUS_FULL_TIME
Bundesliga,2024-2025,2025-04-20 17:30:00,St. Pauli,Bayer Leverkusen,1,1,2.3164,1.13491,19.61111111111111,28.625,2.3402000000000003,0.4565,STATUS_FULL_TIME
Bundesliga,2024-2025,2025-04-25 18:30:00,VfB Stuttgart,FC Heidenheim,0,1,1.91698,0.522621,4.685714285714286,21.55,2.4155999999999995,0.393,STATUS_FULL_TIME
Bundesliga,2024-2025,2025-04-26 13:30:00,Bayer Leverkusen,Augsburg,2,0,1.03782,0.640893,15.833333333333334,24.0,1.7119,0.9567999999999999,STATUS_FULL_TIME
Bundesliga,2024-2025,2025-04-26 13:30:00,Bayern Munich,Mainz 05,3,0,1.70143,0.923874,11.85,11.8,1.9631999999999998,0.78,STATUS_FULL_TIME
Bundesliga,2024-2025,2025-04-26 16:30:00,Eintracht Frankfurt,RasenBallsport Leipzig,4,0,2.23942,0.316263,18.94736842105263,11.708333333333334,2.7333,0.1674,STATUS_FULL_TIME
Bundesliga,2024-2025,2025-04-26 13:30:00,Hoffenheim,Borussia Dortmund,2,3,1.19025,2.41526,10.176470588235293,13.266666666666667,0.5586,2.2458,STATUS_FULL_TIME
Bundesliga,2024-2025,2025-04-26 13:30:00,Holstein Kiel,Borussia M.Gladbach,4,3,3.0385,2.55098,18.75,6.086956521739131,1.6905000000000001,1.1043,STATUS_FULL_TIME
Bundesliga,2024-2025,2025-04-26 13:30:00,Wolfsburg,Freiburg,0,1,0.288019,1.95821,15.533333333333333,6.541666666666667,0.2074,2.6697999999999995,STATUS_FULL_TIME
Bundesliga,2024-2025,2025-04-27 13:30:00,Bochum,Union Berlin,1,1,1.5178,0.498974,6.368421052631579,19.933333333333334,2.4032999999999998,0.3798,STATUS_FULL_TIME
Bundesliga,2024-2025,2025-04-27 15:30:00,Werder Bremen,St. Pauli,0,0,1.55064,0.830832,15.0,21.428571428571427,1.9395,0.7965,STATUS_FULL_TIME
Bundesliga,2024-2025,2025-05-02 18:30:00,FC Heidenheim,Bochum,0,0,0.463987,1.81311,12.857142857142858,8.863636363636363,0.3704,2.4422000000000006,STATUS_FULL_TIME
Bundesliga,2024-2025,2025-05-03 16:30:00,Borussia Dortmund,Wolfsburg,4,0,2.54996,1.3634,9.5,21.357142857142858,2.1976,0.6091,STATUS_FULL_TIME
Bundesliga,2024-2025,2025-05-03 13:30:00,Borussia M.Gladbach,Hoffenheim,4,4,1.91833,1.91093,21.166666666666668,14.533333333333333,1.4116,1.3507,STATUS_FULL_TIME
Bundesliga,2024-2025,2025-05-03 13:30:00,RasenBallsport Leipzig,Bayern Munich,3,3,1.74905,1.97214,14.826086956521738,16.5,1.2402,1.5033,STATUS_FULL_TIME
Bundesliga,2024-2025,2025-05-03 13:30:00,St. Pauli,VfB Stuttgart,0,1,0.213208,3.56335,24.928571428571427,7.714285714285714,0.025599999999999998,2.956,STATUS_FULL_TIME
Bundesliga,2024-2025,2025-05-03 13:30:00,Union Berlin,Werder Bremen,2,2,1.35336,1.35783,21.1875,15.0,1.3579,1.3483,STATUS_FULL_TIME
Bundesliga,2024-2025,2025-05-04 13:30:00,Augsburg,Holstein Kiel,1,3,3.93001,2.10407,5.518518518518518,9.833333333333334,2.483,0.38359999999999994,STATUS_FULL_TIME
Bundesliga,2024-2025,2025-05-04 15:30:00,Freiburg,Bayer Leverkusen,2,2,0.904468,0.227838,17.0,4.76,2.04,0.5954999999999999,STATUS_FULL_TIME
Bundesliga,2024-2025,2025-05-04 17:30:00,Mainz 05,Eintracht Frankfurt,1,1,1.64254,1.3876,8.166666666666666,16.61111111111111,1.5615999999999999,1.1511999999999998,STATUS_FULL_TIME
Bundesliga,2024-2025,2025-05-09 18:30:00,Wolfsburg,Hoffenheim,2,2,1.36763,1.10881,17.5,16.375,1.5914,1.1267,STATUS_FULL_TIME
Bundesliga,2024-2025,2025-05-10 16:30:00,Bayern Munich,Borussia M.Gladbach,2,0,2.78307,1.35544,13.421052631578947,28.46153846153846,2.2793,0.5546,STATUS_FULL_TIME
Bundesliga,2024-2025,2025-05-10 13:30:00,Bochum,Mainz 05,1,4,0.734972,2.48765,13.266666666666667,11.071428571428571,0.32630000000000003,2.5337,STATUS_FULL_TIME
Bundesliga,2024-2025,2025-05-10 13:30:00,Holstein Kiel,Freiburg,1,2,0.974297,2.01558,11.4,13.0,0.5946,2.1807,STATUS_FULL_TIME
Bundesliga,2024-2025,2025-05-10 13:30:00,Union Berlin,FC Heidenheim,0,3,0.528885,1.86184,8.694444444444445,17.5,0.40249999999999997,2.4155,STATUS_FULL_TIME
Bundesliga,2024-2025,2025-05-10 13:30:00,Werder Bremen,RasenBallsport Leipzig,0,0,3.20616,1.39403,13.526315789473685,16.789473684210527,2.4544000000000006,0.4066,STATUS_FULL_TIME
Bundesliga,2024-2025,2025-05-11 13:30:00,Bayer Leverkusen,Borussia Dortmund,2,4,1.90473,1.39477,7.851851851851852,20.875,1.7198,1.0307000000000002,STATUS_FULL_TIME
Bundesliga,2024-2025,2025-05-11 15:30:00,Eintracht Frankfurt,St. Pauli,2,2,1.82027,0.666882,7.9375,19.94736842105263,2.3057,0.4736,STATUS_FULL_TIME
Bundesliga,2024-2025,2025-05-11 17:30:00,VfB Stuttgart,Augsburg,4,0,4.97233,0.381838,6.333333333333333,26.428571428571427,2.9959,0.0022,STATUS_FULL_TIME
Bundesliga,2024-2025,2025-05-17 13:30:00,Augsburg,Union Berlin,1,2,1.57932,1.14135,10.894736842105264,26.642857142857142,1.6709999999999998,0.9951,STATUS_FULL_TIME
Bundesliga,2024-2025,2025-05-17 13:30:00,Borussia Dortmund,Holstein Kiel,3,0,2.56073,0.574499,4.4,50.0,2.7296,0.1625,STATUS_FULL_TIME
Bundesliga,2024-2025,2025-05-17 13:30:00,Borussia M.Gladbach,Wolfsburg,0,1,0.744546,1.5757,11.866666666666667,29.272727272727273,0.7016,2.0537,STATUS_FULL_TIME
Bundesliga,2024-2025,2025-05-17 13:30:00,FC Heidenheim,Werder Bremen,1,4,1.75706,2.20606,16.823529411764707,13.75,1.0746000000000002,1.6926,STATUS_FULL_TIME
Bundesliga,2024-2025,2025-05-17 13:30:00,Freiburg,Eintracht Frankfurt,1,3,1.14001,2.61814,8.222222222222221,10.944444444444445,0.3651,2.4753000000000003,STATUS_FULL_TIME
Bundesliga,2024-2025,2025-05-17 13:30:00,Hoffenheim,Bayern Munich,0,4,0.661398,2.21427,13.818181818181818,9.947368421052632,0.3479,2.4917000000000002,STATUS_FULL_TIME
Bundesliga,2024-2025,2025-05-17 13:30:00,Mainz 05,Bayer Leverkusen,2,2,2.89903,1.33572,7.666666666666667,8.0,2.4244,0.4171,STATUS_FULL_TIME
Bundesliga,2024-2025,2025-05-17 13:30:00,RasenBallsport Leipzig,VfB Stuttgart,2,3,1.42373,3.34624,17.8,15.5625,0.34940000000000004,2.5163,STATUS_FULL_TIME
Bundesliga,2024-2025,2025-05-17 13:30:00,St. Pauli,Bochum,0,2,0.802748,1.34252,29.555555555555557,18.235294117647058,0.8311,1.87,STATUS_FULL_TIME
DFB-Pokal,2024-2025,2024-08-16T16:00Z,Hallescher FC,St. Pauli,2,3,,,,,,,STATUS_FINAL_AET
DFB-Pokal,2024-2025,2024-08-16T16:00Z,SV Wehen Wiesbaden,Mainz,1,3,,,,,,,STATUS_FINAL_AET
DFB-Pokal,2024-2025,2024-08-16T16:00Z,Würzburger Kickers,TSG Hoffenheim,2,2,,,,,,,STATUS_FINAL_PEN
DFB-Pokal,2024-2025,2024-08-16T18:45Z,SSV Ulm 1846,Bayern Munich,0,4,,,,,,,STATUS_FULL_TIME
DFB-Pokal,2024-2025,2024-08-17T11:00Z,FC Erzgebirge Aue,Borussia Mönchengladbach,1,3,,,,,,,STATUS_FULL_TIME
DFB-Pokal,2024-2025,2024-08-17T11:00Z,Schott,SpVgg Greuther Fürth,0,2,,,,,,,STATUS_FULL_TIME
DFB-Pokal,2024-2025,2024-08-17T13:30Z,FC 08 Villingen,1. FC Heidenheim 1846,0,4,,,,,,,STATUS_FULL_TIME
DFB-Pokal,2024-2025,2024-08-17T13:30Z,FC Ingolstadt 04,Kaiserslautern,1,2,,,,,,,STATUS_FULL_TIME
DFB-Pokal,2024-2025,2024-08-17T13:30Z,Greifswalder SC,1. FC Union Berlin,0,1,,,,,,,STATUS_FULL_TIME
DFB-Pokal,2024-2025,2024-08-17T13:30Z,Rot-Weiss Essen,RB Leipzig,1,4,,,,,,,STATUS_FULL_TIME
DFB-Pokal,2024-2025,2024-08-17T13:30Z,VfL Osnabruck,SC Freiburg,0,4,,,,,,,STATUS_FULL_TIME
DFB-Pokal,2024-2025,2024-08-17T13:30Z,VfR Aalen,Schalke 04,0,2,,,,,,,STATUS_FULL_TIME
DFB-Pokal,2024-2025,2024-08-17T16:00Z,1. FC Phönix Lübeck,Borussia Dortmund,1,4,,,,,,,STATUS_FULL_TIME
DFB-Pokal,2024-2025,2024-08-17T16:00Z,Alemannia Aachen,Holstein Kiel,2,3,,,,,,,STATUS_FULL_TIME
DFB-Pokal,2024-2025,2024-08-17T16:00Z,Arminia Bielefeld,Hannover 96,2,0,,,,,,,STATUS_FULL_TIME
DFB-Pokal,2024-2025,2024-08-18T11:00Z,FC Viktoria 1889 Berlin,FC Augsburg,1,4,,,,,,,STATUS_FULL_TIME
DFB-Pokal,2024-2025,2024-08-18T11:00Z,Saarbrücken,1. FC Nürnberg,1,1,,,,,,,STATUS_FINAL_PEN
DFB-Pokal,2024-2025,2024-08-18T13:30Z,Bremer SV,SC Paderborn 07,0,4,,,,,,,STATUS_FULL_TIME
DFB-Pokal,2024-2025,2024-08-18T13:30Z,Hansa Rostock,Hertha Berlin,1,5,,,,,,,STATUS_FULL_TIME
DFB-Pokal,2024-2025,2024-08-18T13:30Z,SSV Jahn Regensburg,VfL Bochum,1,0,,,,,,,STATUS_FULL_TIME
DFB-Pokal,2024-2025,2024-08-18T13:30Z,SV Sandhausen,FC Cologne,2,3,,,,,,,STATUS_FINAL_AET
DFB-Pokal,2024-2025,2024-08-18T13:30Z,Teutonia Ottensen,SV Darmstadt 98,1,3,,,,,,,STATUS_FULL_TIME
DFB-Pokal,2024-2025,2024-08-18T13:30Z,VfV Hildesheim,SV Elversberg,0,7,,,,,,,STATUS_FULL_TIME
DFB-Pokal,2024-2025,2024-08-18T16:00Z,Dynamo Dresden,Fortuna Düsseldorf,2,0,,,,,,,STATUS_FULL_TIME
DFB-Pokal,2024-2025,2024-08-18T16:00Z,Sportfreunde Lotte,Karlsruher SC,0,5,,,,,,,STATUS_FULL_TIME
DFB-Pokal,2024-2025,2024-08-18T16:00Z,SV Meppen,Hamburg SV,1,7,,,,,,,STATUS_FULL_TIME
DFB-Pokal,2024-2025,2024-08-19T16:00Z,Energie Cottbus,Werder Bremen,1,3,,,,,,,STATUS_FULL_TIME
DFB-Pokal,2024-2025,2024-08-19T16:00Z,Kickers Offenbach,1. FC Magdeburg,2,1,,,,,,,STATUS_FULL_TIME
DFB-Pokal,2024-2025,2024-08-19T16:00Z,TUS Koblenz,VfL Wolfsburg,0,1,,,,,,,STATUS_FULL_TIME
DFB-Pokal,2024-2025,2024-08-19T18:45Z,TSV Eintracht Braunschweig,Eintracht Frankfurt,1,4,,,,,,,STATUS_FULL_TIME
DFB-Pokal,2024-2025,2024-08-27T18:45Z,Preußen Münster,VfB Stuttgart,0,5,,,,,,,STATUS_FULL_TIME
DFB-Pokal,2024-2025,2024-08-28T16:00Z,FC Carl Zeiss Jena,Bayer Leverkusen,0,1,,,,,,,STATUS_FULL_TIME
DFB-Pokal,2024-2025,2024-10-29T17:00Z,Bayer Leverkusen,SV Elversberg,3,0,,,,,,,STATUS_FULL_TIME
DFB-Pokal,2024-2025,2024-10-29T17:00Z,FC Augsburg,Schalke 04,3,0,,,,,,,STATUS_FULL_TIME
DFB-Pokal,2024-2025,2024-10-29T17:00Z,Kickers Offenbach,Karlsruher SC,0,2,,,,,,,STATUS_FULL_TIME
DFB-Pokal,2024-2025,2024-10-29T17:00Z,RB Leipzig,St. Pauli,4,2,,,,,,,STATUS_FULL_TIME
DFB-Pokal,2024-2025,2024-10-29T19:45Z,FC Cologne,Holstein Kiel,3,0,,,,,,,STATUS_FULL_TIME
DFB-Pokal,2024-2025,2024-10-29T19:45Z,SSV Jahn Regensburg,SpVgg Greuther Fürth,1,0,,,,,,,STATUS_FULL_TIME
DFB-Pokal,2024-2025,2024-10-29T19:45Z,VfB Stuttgart,Kaiserslautern,2,1,,,,,,,STATUS_FULL_TIME
DFB-Pokal,2024-2025,2024-10-29T19:45Z,VfL Wolfsburg,Borussia Dortmund,1,0,,,,,,,STATUS_FINAL_AET
DFB-Pokal,2024-2025,2024-10-30T17:00Z,Eintracht Frankfurt,Borussia Mönchengladbach,2,1,,,,,,,STATUS_FULL_TIME
DFB-Pokal,2024-2025,2024-10-30T17:00Z,Hertha Berlin,1. FC Heidenheim 1846,2,1,,,,,,,STATUS_FULL_TIME
DFB-Pokal,2024-2025,2024-10-30T17:00Z,SC Freiburg,Hamburg SV,2,1,,,,,,,STATUS_FULL_TIME
DFB-Pokal,2024-2025,2024-10-30T17:00Z,SC Paderborn 07,Werder Bremen,0,1,,,,,,,STATUS_FULL_TIME
DFB-Pokal,2024-2025,2024-10-30T19:45Z,Arminia Bielefeld,1. FC Union Berlin,2,0,,,,,,,STATUS_FULL_TIME
DFB-Pokal,2024-2025,2024-10-30T19:45Z,Dynamo Dresden,SV Darmstadt 98,2,3,,,,,,,STATUS_FINAL_AET
DFB-Pokal,2024-2025,2024-10-30T19:45Z,Mainz,Bayern Munich,0,4,,,,,,,STATUS_FULL_TIME
DFB-Pokal,2024-2025,2024-10-30T19:45Z,TSG Hoffenheim,1. FC Nürnberg,2,1,,,,,,,STATUS_FULL_TIME
DFB-Pokal,2024-2025,2024-12-03T17:00Z,Arminia Bielefeld,SC Freiburg,3,1,,,,,,,STATUS_FULL_TIME
DFB-Pokal,2024-2025,2024-12-03T17:00Z,SSV Jahn Regensburg,VfB Stuttgart,0,3,,,,,,,STATUS_FULL_TIME
DFB-Pokal,2024-2025,2024-12-03T19:45Z,Bayern Munich,Bayer Leverkusen,0,1,,,,,,,STATUS_FULL_TIME
DFB-Pokal,2024-2025,2024-12-03T19:45Z,Werder Bremen,SV Darmstadt 98,1,0,,,,,,,STATUS_FULL_TIME
DFB-Pokal,2024-2025,2024-12-04T17:00Z,FC Cologne,Hertha Berlin,2,1,,,,,,,STATUS_FINAL_AET
DFB-Pokal,2024-2025,2024-12-04T17:00Z,VfL Wolfsburg,TSG Hoffenheim,3,0,,,,,,,STATUS_FULL_TIME
DFB-Pokal,2024-2025,2024-12-04T19:45Z,Karlsruher SC,FC Augsburg,2,2,,,,,,,STATUS_FINAL_PEN
DFB-Pokal,2024-2025,2024-12-04T19:45Z,RB Leipzig,Eintracht Frankfurt,3,0,,,,,,,STATUS_FULL_TIME
DFB-Pokal,2024-2025,2025-02-04T19:45Z,VfB Stuttgart,FC Augsburg,1,0,,,,,,,STATUS_FULL_TIME
DFB-Pokal,2024-2025,2025-02-05T19:45Z,Bayer Leverkusen,FC Cologne,3,2,,,,,,,STATUS_FINAL_AET
DFB-Pokal,2024-2025,2025-02-25T19:45Z,Arminia Bielefeld,Werder Bremen,2,1,,,,,,,STATUS_FULL_TIME
DFB-Pokal,2024-2025,2025-02-26T19:45Z,RB Leipzig,VfL Wolfsburg,1,0,,,,,,,STATUS_FULL_TIME
DFB-Pokal,2024-2025,2025-04-01T18:45Z,Arminia Bielefeld,Bayer Leverkusen,2,1,,,,,,,STATUS_FULL_TIME
DFB-Pokal,2024-2025,2025-04-02T18:45Z,VfB Stuttgart,RB Leipzig,3,1,,,,,,,STATUS_FULL_TIME
DFB-Pokal,2024-2025,2025-05-24T18:00Z,Arminia Bielefeld,VfB Stuttgart,2,4,,,,,,,STATUS_FULL_TIME
Champions League,2024-2025,2024-09-17T16:45Z,Juventus,PSV Eindhoven,3,1,,,,,,,STATUS_FULL_TIME
Champions League,2024-2025,2024-09-17T16:45Z,Young Boys,Aston Villa,0,3,,,,,,,STATUS_FULL_TIME
Champions League,2024-2025,2024-09-17T19:00Z,AC Milan,Liverpool,1,3,,,,,,,STATUS_FULL_TIME
Champions League,2024-2025,2024-09-17T19:00Z,Bayern Munich,Dinamo Zagreb,9,2,,,,,,,STATUS_FULL_TIME
Champions League,2024-2025,2024-09-17T19:00Z,Real Madrid,VfB Stuttgart,3,1,,,,,,,STATUS_FULL_TIME
Champions League,2024-2025,2024-09-17T19:00Z,Sporting CP,Lille,2,0,,,,,,,STATUS_FULL_TIME
Champions League,2024-2025,2024-09-18T16:45Z,Bologna,Shakhtar Donetsk,0,0,,,,,,,STATUS_FULL_TIME
Champions League,2024-2025,2024-09-18T16:45Z,Sparta Prague,RB Salzburg,3,0,,,,,,,STATUS_FULL_TIME
Champions League,2024-2025,2024-09-18T19:00Z,Celtic,Slovan Bratislava,5,1,,,,,,,STATUS_FULL_TIME
Champions League,2024-2025,2024-09-18T19:00Z,Club Brugge,Borussia Dortmund,0,3,,,,,,,STATUS_FULL_TIME
Champions League,2024-2025,2024-09-18T19:00Z,Manchester City,Internazionale,0,0,,,,,,,STATUS_FULL_TIME
Champions League,2024-2025,2024-09-18T19:00Z,Paris Saint-Germain,Girona,1,0,,,,,,,STATUS_FULL_TIME
Champions League,2024-2025,2024-09-19T16:45Z,Feyenoord Rotterdam,Bayer Leverkusen,0,4,,,,,,,STATUS_FULL_TIME
Champions League,2024-2025,2024-09-19T16:45Z,Red Star Belgrade,Benfica,1,2,,,,,,,STATUS_FULL_TIME
Champions League,2024-2025,2024-09-19T19:00Z,AS Monaco,Barcelona,2,1,,,,,,,STATUS_FULL_TIME
Champions League,2024-2025,2024-09-19T19:00Z,Atalanta,Arsenal,0,0,,,,,,,STATUS_FULL_TIME
Champions League,2024-2025,2024-09-19T19:00Z,Atlético Madrid,RB Leipzig,2,1,,,,,,,STATUS_FULL_TIME
Champions League,2024-2025,2024-09-19T19:00Z,Brest,SK Sturm Graz,2,1,,,,,,,STATUS_FULL_TIME
Champions League,2024-2025,2024-10-01T16:45Z,RB Salzburg,Brest,0,4,,,,,,,STATUS_FULL_TIME
Champions League,2024-2025,2024-10-01T16:45Z,VfB Stuttgart,Sparta Prague,1,1,,,,,,,STATUS_FULL_TIME
Champions League,2024-2025,2024-10-01T19:00Z,Arsenal,Paris Saint-Germain,2,0,,,,,,,STATUS_FULL_TIME
Champions League,2024-2025,2024-10-01T19:00Z,Barcelona,Young Boys,5,0,,,,,,,STATUS_FULL_TIME
Champions League,2024-2025,2024-10-01T19:00Z,Bayer Leverkusen,AC Milan,1,0,,,,,,,STATUS_FULL_TIME
Champions League,2024-2025,2024-10-01T19:00Z,Borussia Dortmund,Celtic,7,1,,,,,,,STATUS_FULL_TIME
Champions League,2024-2025,2024-10-01T19:00Z,Internazionale,Red Star Belgrade,4,0,,,,,,,STATUS_FULL_TIME
Champions League,2024-2025,2024-10-01T19:00Z,PSV Eindhoven,Sporting CP,1,1,,,,,,,STATUS_FULL_TIME
Champions League,2024-2025,2024-10-01T19:00Z,Slovan Bratislava,Manchester City,0,4,,,,,,,STATUS_FULL_TIME
Champions League,2024-2025,2024-10-02T16:45Z,Girona,Feyenoord Rotterdam,2,3,,,,,,,STATUS_FULL_TIME
Champions League,2024-2025,2024-10-02T16:45Z,Shakhtar Donetsk,Atalanta,0,3,,,,,,,STATUS_FULL_TIME
Champions League,2024-2025,2024-10-02T19:00Z,Aston Villa,Bayern Munich,1,0,,,,,,,STATUS_FULL_TIME
Champions League,2024-2025,2024-10-02T19:00Z,Benfica,Atlético Madrid,4,0,,,,,,,STATUS_FULL_TIME
Champions League,2024-2025,2024-10-02T19:00Z,Dinamo Zagreb,AS Monaco,2,2,,,,,,,STATUS_FULL_TIME
Champions League,2024-2025,2024-10-02T19:00Z,Lille,Real Madrid,1,0,,,,,,,STATUS_FULL_TIME
Champions League,2024-2025,2024-10-02T19:00Z,Liverpool,Bologna,2,0,,,,,,,STATUS_FULL_TIME
Champions League,2024-2025,2024-10-02T19:00Z,RB Leipzig,Juventus,2,3,,,,,,,STATUS_FULL_TIME
Champions League,2024-2025,2024-10-02T19:00Z,SK Sturm Graz,Club Brugge,0,1,,,,,,,STATUS_FULL_TIME
Champions League,2024-2025,2024-10-22T16:45Z,AC Milan,Club Brugge,3,1,,,,,,,STATUS_FULL_TIME
Champions League,2024-2025,2024-10-22T16:45Z,AS Monaco,Red Star Belgrade,5,1,,,,,,,STATUS_FULL_TIME
Champions League,2024-2025,2024-10-22T19:00Z,Arsenal,Shakhtar Donetsk,1,0,,,,,,,STATUS_FULL_TIME
Champions League,2024-2025,2024-10-22T19:00Z,Aston Villa,Bologna,2,0,,,,,,,STATUS_FULL_TIME
Champions League,2024-2025,2024-10-22T19:00Z,Girona,Slovan Bratislava,2,0,,,,,,,STATUS_FULL_TIME
Champions League,2024-2025,2024-10-22T19:00Z,Juventus,VfB Stuttgart,0,1,,,,,,,STATUS_FULL_TIME
Champions League,2024-2025,2024-10-22T19:00Z,Paris Saint-Germain,PSV Eindhoven,1,1,,,,,,,STATUS_FULL_TIME
Champions League,2024-2025,2024-10-22T19:00Z,Real Madrid,Borussia Dortmund,5,2,,,,,,,STATUS_FULL_TIME
Champions League,2024-2025,2024-10-22T19:00Z,SK Sturm Graz,Sporting CP,0,2,,,,,,,STATUS_FULL_TIME
Champions League,2024-2025,2024-10-23T16:45Z,Atalanta,Celtic,0,0,,,,,,,STATUS_FULL_TIME
Champions League,2024-2025,2024-10-23T16:45Z,Brest,Bayer Leverkusen,1,1,,,,,,,STATUS_FULL_TIME
Champions League,2024-2025,2024-10-23T19:00Z,Atlético Madrid,Lille,1,3,,,,,,,STATUS_FULL_TIME
Champions League,2024-2025,2024-10-23T19:00Z,Barcelona,Bayern Munich,4,1,,,,,,,STATUS_FULL_TIME
Champions League,2024-2025,2024-10-23T19:00Z,Benfica,Feyenoord Rotterdam,1,3,,,,,,,STATUS_FULL_TIME
Champions League,2024-2025,2024-10-23T19:00Z,Manchester City,Sparta Prague,5,0,,,,,,,STATUS_FULL_TIME
Champions League,2024-2025,2024-10-23T19:00Z,RB Leipzig,Liverpool,0,1,,,,,,,STATUS_FULL_TIME
Champions League,2024-2025,2024-10-23T19:00Z,RB Salzburg,Dinamo Zagreb,0,2,,,,,,,STATUS_FULL_TIME
Champions League,2024-2025,2024-10-23T19:00Z,Young Boys,Internazionale,0,1,,,,,,,STATUS_FULL_TIME
Champions League,2024-2025,2024-11-05T17:45Z,PSV Eindhoven,Girona,4,0,,,,,,,STATUS_FULL_TIME
Champions League,2024-2025,2024-11-05T17:45Z,Slovan Bratislava,Dinamo Zagreb,1,4,,,,,,,STATUS_FULL_TIME
Champions League,2024-2025,2024-11-05T20:00Z,Bologna,AS Monaco,0,1,,,,,,,STATUS_FULL_TIME
Champions League,2024-2025,2024-11-05T20:00Z,Borussia Dortmund,SK Sturm Graz,1,0,,,,,,,STATUS_FULL_TIME
Champions League,2024-2025,2024-11-05T20:00Z,Celtic,RB Leipzig,3,1,,,,,,,STATUS_FULL_TIME
Champions League,2024-2025,2024-11-05T20:00Z,Lille,Juventus,1,1,,,,,,,STATUS_FULL_TIME
Champions League,2024-2025,2024-11-05T20:00Z,Liverpool,Bayer Leverkusen,4,0,,,,,,,STATUS_FULL_TIME
Champions League,2024-2025,2024-11-05T20:00Z,Real Madrid,AC Milan,1,3,,,,,,,STATUS_FULL_TIME
Champions League,2024-2025,2024-11-05T20:00Z,Sporting CP,Manchester City,4,1,,,,,,,STATUS_FULL_TIME
Champions League,2024-2025,2024-11-06T17:45Z,Club Brugge,Aston Villa,1,0,,,,,,,STATUS_FULL_TIME
Champions League,2024-2025,2024-11-06T17:45Z,Shakhtar Donetsk,Young Boys,2,1,,,,,,,STATUS_FULL_TIME
Champions League,2024-2025,2024-11-06T20:00Z,Feyenoord Rotterdam,RB Salzburg,1,3,,,,,,,STATUS_FULL_TIME
Champions League,2024-2025,2024-11-06T20:00Z,Internazionale,Arsenal,1,0,,,,,,,STATUS_FULL_TIME
Champions League,2024-2025,2024-11-06T20:00Z,Paris Saint-Germain,Atlético Madrid,1,2,,,,,,,STATUS_FULL_TIME
Champions League,2024-2025,2024-11-06T20:00Z,Red Star Belgrade,Barcelona,2,5,,,,,,,STATUS_FULL_TIME
Champions League,2024-2025,2024-11-06T20:00Z,Sparta Prague,Brest,1,2,,,,,,,STATUS_FULL_TIME
Champions League,2024-2025,2024-11-06T20:00Z,VfB Stuttgart,Atalanta,0,2,,,,,,,STATUS_FULL_TIME
Champions League,2024-2025,2024-11-06T20:15Z,Bayern Munich,Benfica,1,0,,,,,,,STATUS_FULL_TIME
Champions League,2024-2025,2024-11-26T17:45Z,Slovan Bratislava,AC Milan,2,3,,,,,,,STATUS_FULL_TIME
Champions League,2024-2025,2024-11-26T17:45Z,Sparta Prague,Atlético Madrid,0,6,,,,,,,STATUS_FULL_TIME
Champions League,2024-2025,2024-11-26T20:00Z,Barcelona,Brest,3,0,,,,,,,STATUS_FULL_TIME
Champions League,2024-2025,2024-11-26T20:00Z,Bayer Leverkusen,RB Salzburg,5,0,,,,,,,STATUS_FULL_TIME
Champions League,2024-2025,2024-11-26T20:00Z,Bayern Munich,Paris Saint-Germain,1,0,,,,,,,STATUS_FULL_TIME
Champions League,2024-2025,2024-11-26T20:00Z,Internazionale,RB Leipzig,1,0,,,,,,,STATUS_FULL_TIME
Champions League,2024-2025,2024-11-26T20:00Z,Manchester City,Feyenoord Rotterdam,3,3,,,,,,,STATUS_FULL_TIME
Champions League,2024-2025,2024-11-26T20:00Z,Sporting CP,Arsenal,1,5,,,,,,,STATUS_FULL_TIME
Champions League,2024-2025,2024-11-26T20:00Z,Young Boys,Atalanta,1,6,,,,,,,STATUS_FULL_TIME
Champions League,2024-2025,2024-11-27T17:45Z,Red Star Belgrade,VfB Stuttgart,5,1,,,,,,,STATUS_FULL_TIME
Champions League,2024-2025,2024-11-27T17:45Z,SK Sturm Graz,Girona,1,0,,,,,,,STATUS_FULL_TIME
Champions League,2024-2025,2024-11-27T20:00Z,AS Monaco,Benfica,2,3,,,,,,,STATUS_FULL_TIME
Champions League,2024-2025,2024-11-27T20:00Z,Aston Villa,Juventus,0,0,,,,,,,STATUS_FULL_TIME
Champions League,2024-2025,2024-11-27T20:00Z,Bologna,Lille,1,2,,,,,,,STATUS_FULL_TIME
Champions League,2024-2025,2024-11-27T20:00Z,Celtic,Club Brugge,1,1,,,,,,,STATUS_FULL_TIME
Champions League,2024-2025,2024-11-27T20:00Z,Dinamo Zagreb,Borussia Dortmund,0,3,,,,,,,STATUS_FULL_TIME
Champions League,2024-2025,2024-11-27T20:00Z,Liverpool,Real Madrid,2,0,,,,,,,STATUS_FULL_TIME
Champions League,2024-2025,2024-11-27T20:00Z,PSV Eindhoven,Shakhtar Donetsk,3,2,,,,,,,STATUS_FULL_TIME
Champions League,2024-2025,2024-12-10T17:45Z,Dinamo Zagreb,Celtic,0,0,,,,,,,STATUS_FULL_TIME
Champions League,2024-2025,2024-12-10T17:45Z,Girona,Liverpool,0,1,,,,,,,STATUS_FULL_TIME
Champions League,2024-2025,2024-12-10T20:00Z,Atalanta,Real Madrid,2,3,,,,,,,STATUS_FULL_TIME
Champions League,2024-2025,2024-12-10T20:00Z,Bayer Leverkusen,Internazionale,1,0,,,,,,,STATUS_FULL_TIME
Champions League,2024-2025,2024-12-10T20:00Z,Brest,PSV Eindhoven,1,0,,,,,,,STATUS_FULL_TIME
Champions League,2024-2025,2024-12-10T20:00Z,Club Brugge,Sporting CP,2,1,,,,,,,STATUS_FULL_TIME
Champions League,2024-2025,2024-12-10T20:00Z,RB Leipzig,Aston Villa,2,3,,,,,,,STATUS_FULL_TIME
Champions League,2024-2025,2024-12-10T20:00Z,RB Salzburg,Paris Saint-Germain,0,3,,,,,,,STATUS_FULL_TIME
Champions League,2024-2025,2024-12-10T20:00Z,Shakhtar Donetsk,Bayern Munich,1,5,,,,,,,STATUS_FULL_TIME
Champions League,2024-2025,2024-12-11T17:45Z,Atlético Madrid,Slovan Bratislava,3,1,,,,,,,STATUS_FULL_TIME
Champions League,2024-2025,2024-12-11T17:45Z,Lille,SK Sturm Graz,3,2,,,,,,,STATUS_FULL_TIME
Champions League,2024-2025,2024-12-11T20:00Z,AC Milan,Red Star Belgrade,2,1,,,,,,,STATUS_FULL_TIME
Champions League,2024-2025,2024-12-11T20:00Z,Arsenal,AS Monaco,3,0,,,,,,,STATUS_FULL_TIME
Champions League,2024-2025,2024-12-11T20:00Z,Benfica,Bologna,0,0,,,,,,,STATUS_FULL_TIME
Champions League,2024-2025,2024-12-11T20:00Z,Borussia Dortmund,Barcelona,2,3,,,,,,,STATUS_FULL_TIME
Champions League,2024-2025,2024-12-11T20:00Z,Feyenoord Rotterdam,Sparta Prague,4,2,,,,,,,STATUS_FULL_TIME
Champions League,2024-2025,2024-12-11T20:00Z,Juventus,Manchester City,2,0,,,,,,,STATUS_FULL_TIME
Champions League,2024-2025,2024-12-11T20:00Z,VfB Stuttgart,Young Boys,5,1,,,,,,,STATUS_FULL_TIME
Champions League,2024-2025,2025-01-21T17:45Z,AS Monaco,Aston Villa,1,0,,,,,,,STATUS_FULL_TIME
Champions League,2024-2025,2025-01-21T17:45Z,Atalanta,SK Sturm Graz,5,0,,,,,,,STATUS_FULL_TIME
Champions League,2024-2025,2025-01-21T20:00Z,Atlético Madrid,Bayer Leverkusen,2,1,,,,,,,STATUS_FULL_TIME
Champions League,2024-2025,2025-01-21T20:00Z,Benfica,Barcelona,4,5,,,,,,,STATUS_FULL_TIME
Champions League,2024-2025,2025-01-21T20:00Z,Bologna,Borussia Dortmund,2,1,,,,,,,STATUS_FULL_TIME
Champions League,2024-2025,2025-01-21T20:00Z,Club Brugge,Juventus,0,0,,,,,,,STATUS_FULL_TIME
Champions League,2024-2025,2025-01-21T20:00Z,Liverpool,Lille,2,1,,,,,,,STATUS_FULL_TIME
Champions League,2024-2025,2025-01-21T20:00Z,Red Star Belgrade,PSV Eindhoven,2,3,,,,,,,STATUS_FULL_TIME
Champions League,2024-2025,2025-01-21T20:00Z,Slovan Bratislava,VfB Stuttgart,1,3,,,,,,,STATUS_FULL_TIME
Champions League,2024-2025,2025-01-22T17:45Z,RB Leipzig,Sporting CP,2,1,,,,,,,STATUS_FULL_TIME
Champions League,2024-2025,2025-01-22T17:45Z,Shakhtar Donetsk,Brest,2,0,,,,,,,STATUS_FULL_TIME
Champions League,2024-2025,2025-01-22T20:00Z,AC Milan,Girona,1,0,,,,,,,STATUS_FULL_TIME
Champions League,2024-2025,2025-01-22T20:00Z,Arsenal,Dinamo Zagreb,3,0,,,,,,,STATUS_FULL_TIME
Champions League,2024-2025,2025-01-22T20:00Z,Celtic,Young Boys,1,0,,,,,,,STATUS_FULL_TIME
Champions League,2024-2025,2025-01-22T20:00Z,Feyenoord Rotterdam,Bayern Munich,3,0,,,,,,,STATUS_FULL_TIME
Champions League,2024-2025,2025-01-22T20:00Z,Paris Saint-Germain,Manchester City,4,2,,,,,,,STATUS_FULL_TIME
Champions League,2024-2025,2025-01-22T20:00Z,Real Madrid,RB Salzburg,5,1,,,,,,,STATUS_FULL_TIME
Champions League,2024-2025,2025-01-22T20:00Z,Sparta Prague,Internazionale,0,1,,,,,,,STATUS_FULL_TIME
Champions League,2024-2025,2025-01-29T20:00Z,Aston Villa,Celtic,4,2,,,,,,,STATUS_FULL_TIME
Champions League,2024-2025,2025-01-29T20:00Z,Barcelona,Atalanta,2,2,,,,,,,STATUS_FULL_TIME
Champions League,2024-2025,2025-01-29T20:00Z,Bayer Leverkusen,Sparta Prague,2,0,,,,,,,STATUS_FULL_TIME
Champions League,2024-2025,2025-01-29T20:00Z,Bayern Munich,Slovan Bratislava,3,1,,,,,,,STATUS_FULL_TIME
Champions League,2024-2025,2025-01-29T20:00Z,Borussia Dortmund,Shakhtar Donetsk,3,1,,,,,,,STATUS_FULL_TIME
Champions League,2024-2025,2025-01-29T20:00Z,Brest,Real Madrid,0,3,,,,,,,STATUS_FULL_TIME
Champions League,2024-2025,2025-01-29T20:00Z,Dinamo Zagreb,AC Milan,2,1,,,,,,,STATUS_FULL_TIME
Champions League,2024-2025,2025-01-29T20:00Z,Girona,Arsenal,1,2,,,,,,,STATUS_FULL_TIME
Champions League,2024-2025,2025-01-29T20:00Z,Internazionale,AS Monaco,3,0,,,,,,,STATUS_FULL_TIME
Champions League,2024-2025,2025-01-29T20:00Z,Juventus,Benfica,0,2,,,,,,,STATUS_FULL_TIME
Champions League,2024-2025,2025-01-29T20:00Z,Lille,Feyenoord Rotterdam,6,1,,,,,,,STATUS_FULL_TIME
Champions League,2024-2025,2025-01-29T20:00Z,Manchester City,Club Brugge,3,1,,,,,,,STATUS_FULL_TIME
Champions League,2024-2025,2025-01-29T20:00Z,PSV Eindhoven,Liverpool,3,2,,,,,,,STATUS_FULL_TIME
Champions League,2024-2025,2025-01-29T20:00Z,RB Salzburg,Atlético Madrid,1,4,,,,,,,STATUS_FULL_TIME
Champions League,2024-2025,2025-01-29T20:00Z,SK Sturm Graz,RB Leipzig,1,0,,,,,,,STATUS_FULL_TIME
Champions League,2024-2025,2025-01-29T20:00Z,Sporting CP,Bologna,1,1,,,,,,,STATUS_FULL_TIME
Champions League,2024-2025,2025-01-29T20:00Z,VfB Stuttgart,Paris Saint-Germain,1,4,,,,,,,STATUS_FULL_TIME
Champions League,2024-2025,2025-01-29T20:00Z,Young Boys,Red Star Belgrade,0,1,,,,,,,STATUS_FULL_TIME
Champions League,2024-2025,2025-02-11T17:45Z,Brest,Paris Saint-Germain,0,3,,,,,,,STATUS_FULL_TIME
Champions League,2024-2025,2025-02-11T20:00Z,Juventus,PSV Eindhoven,2,1,,,,,,,STATUS_FULL_TIME
Champions League,2024-2025,2025-02-11T20:00Z,Manchester City,Real Madrid,2,3,,,,,,,STATUS_FULL_TIME
Champions League,2024-2025,2025-02-11T20:00Z,Sporting CP,Borussia Dortmund,0,3,,,,,,,STATUS_FULL_TIME
Champions League,2024-2025,2025-02-12T17:45Z,Club Brugge,Atalanta,2,1,,,,,,,STATUS_FULL_TIME
Champions League,2024-2025,2025-02-12T20:00Z,AS Monaco,Benfica,0,1,,,,,,,STATUS_FULL_TIME
Champions League,2024-2025,2025-02-12T20:00Z,Celtic,Bayern Munich,1,2,,,,,,,STATUS_FULL_TIME
Champions League,2024-2025,2025-02-12T20:00Z,Feyenoord Rotterdam,AC Milan,1,0,,,,,,,STATUS_FULL_TIME
Champions League,2024-2025,2025-02-18T17:45Z,AC Milan,Feyenoord Rotterdam,1,1,,,,,,,STATUS_FULL_TIME
Champions League,2024-2025,2025-02-18T20:00Z,Atalanta,Club Brugge,1,3,,,,,,,STATUS_FULL_TIME
Champions League,2024-2025,2025-02-18T20:00Z,Bayern Munich,Celtic,1,1,,,,,,,STATUS_FULL_TIME
Champions League,2024-2025,2025-02-18T20:00Z,Benfica,AS Monaco,3,3,,,,,,,STATUS_FULL_TIME
Champions League,2024-2025,2025-02-19T17:45Z,Borussia Dortmund,Sporting CP,0,0,,,,,,,STATUS_FULL_TIME
Champions League,2024-2025,2025-02-19T20:00Z,Paris Saint-Germain,Brest,7,0,,,,,,,STATUS_FULL_TIME
Champions League,2024-2025,2025-02-19T20:00Z,PSV Eindhoven,Juventus,3,1,,,,,,,STATUS_FINAL_AET
Champions League,2024-2025,2025-02-19T20:00Z,Real Madrid,Manchester City,3,1,,,,,,,STATUS_FULL_TIME
Champions League,2024-2025,2025-03-04T17:45Z,Club Brugge,Aston Villa,1,3,,,,,,,STATUS_FULL_TIME
Champions League,2024-2025,2025-03-04T20:00Z,Borussia Dortmund,Lille,1,1,,,,,,,STATUS_FULL_TIME
Champions League,2024-2025,2025-03-04T20:00Z,PSV Eindhoven,Arsenal,1,7,,,,,,,STATUS_FULL_TIME
Champions League,2024-2025,2025-03-04T20:00Z,Real Madrid,Atlético Madrid,2,1,,,,,,,STATUS_FULL_TIME
Champions League,2024-2025,2025-03-05T17:45Z,Feyenoord Rotterdam,Internazionale,0,2,,,,,,,STATUS_FULL_TIME
Champions League,2024-2025,2025-03-05T20:00Z,Bayern Munich,Bayer Leverkusen,3,0,,,,,,,STATUS_FULL_TIME
Champions League,2024-2025,2025-03-05T20:00Z,Benfica,Barcelona,0,1,,,,,,,STATUS_FULL_TIME
Champions League,2024-2025,2025-03-05T20:00Z,Paris Saint-Germain,Liverpool,0,1,,,,,,,STATUS_FULL_TIME
Champions League,2024-2025,2025-03-11T17:45Z,Barcelona,Benfica,3,1,,,,,,,STATUS_FULL_TIME
Champions League,2024-2025,2025-03-11T20:00Z,Bayer Leverkusen,Bayern Munich,0,2,,,,,,,STATUS_FULL_TIME
Champions League,2024-2025,2025-03-11T20:00Z,Internazionale,Feyenoord Rotterdam,2,1,,,,,,,STATUS_FULL_TIME
Champions League,2024-2025,2025-03-11T20:00Z,Liverpool,Paris Saint-Germain,0,1,,,,,,,STATUS_FINAL_PEN
Champions League,2024-2025,2025-03-12T17:45Z,Lille,Borussia Dortmund,1,2,,,,,,,STATUS_FULL_TIME
Champions League,2024-2025,2025-03-12T20:00Z,Arsenal,PSV Eindhoven,2,2,,,,,,,STATUS_FULL_TIME
Champions League,2024-2025,2025-03-12T20:00Z,Aston Villa,Club Brugge,3,0,,,,,,,STATUS_FULL_TIME
Champions League,2024-2025,2025-03-12T20:00Z,Atlético Madrid,Real Madrid,1,0,,,,,,,STATUS_FINAL_PEN
Champions League,2024-2025,2025-04-08T19:00Z,Arsenal,Real Madrid,3,0,,,,,,,STATUS_FULL_TIME
Champions League,2024-2025,2025-04-08T19:00Z,Bayern Munich,Internazionale,1,2,,,,,,,STATUS_FULL_TIME
Champions League,2024-2025,2025-04-09T19:00Z,Barcelona,Borussia Dortmund,4,0,,,,,,,STATUS_FULL_TIME
Champions League,2024-2025,2025-04-09T19:00Z,Paris Saint-Germain,Aston Villa,3,1,,,,,,,STATUS_FULL_TIME
Champions League,2024-2025,2025-04-15T19:00Z,Aston Villa,Paris Saint-Germain,3,2,,,,,,,STATUS_FULL_TIME
Champions League,2024-2025,2025-04-15T19:00Z,Borussia Dortmund,Barcelona,3,1,,,,,,,STATUS_FULL_TIME
Champions League,2024-2025,2025-04-16T19:00Z,Internazionale,Bayern Munich,2,2,,,,,,,STATUS_FULL_TIME
Champions League,2024-2025,2025-04-16T19:00Z,Real Madrid,Arsenal,1,2,,,,,,,STATUS_FULL_TIME
Champions League,2024-2025,2025-04-29T19:00Z,Arsenal,Paris Saint-Germain,0,1,,,,,,,STATUS_FULL_TIME
Champions League,2024-2025,2025-04-30T19:00Z,Barcelona,Internazionale,3,3,,,,,,,STATUS_FULL_TIME
Champions League,2024-2025,2025-05-06T19:00Z,Internazionale,Barcelona,4,3,,,,,,,STATUS_FINAL_AET
Champions League,2024-2025,2025-05-07T19:00Z,Paris Saint-Germain,Arsenal,2,1,,,,,,,STATUS_FULL_TIME
Champions League,2024-2025,2025-05-31T19:00Z,Paris Saint-Germain,Internazionale,5,0,,,,,,,STATUS_FULL_TIME
Europa League,2024-2025,2024-09-25T16:45Z,AZ Alkmaar,IF Elfsborg,3,2,,,,,,,STATUS_FULL_TIME
Europa League,2024-2025,2024-09-25T16:45Z,Bodo/Glimt,FC Porto,3,2,,,,,,,STATUS_FULL_TIME
Europa League,2024-2025,2024-09-25T19:00Z,Anderlecht,Ferencvaros,2,1,,,,,,,STATUS_FULL_TIME
Europa League,2024-2025,2024-09-25T19:00Z,Dynamo Kyiv,Lazio,0,3,,,,,,,STATUS_FULL_TIME
Europa League,2024-2025,2024-09-25T19:00Z,FC Midtjylland,TSG Hoffenheim,1,1,,,,,,,STATUS_FULL_TIME
Europa League,2024-2025,2024-09-25T19:00Z,Galatasaray,PAOK Salonika,3,1,,,,,,,STATUS_FULL_TIME
Europa League,2024-2025,2024-09-25T19:00Z,Ludogorets Razgrad,Slavia Prague,0,2,,,,,,,STATUS_FULL_TIME
Europa League,2024-2025,2024-09-25T19:00Z,Manchester United,FC Twente,1,1,,,,,,,STATUS_FULL_TIME
Europa League,2024-2025,2024-09-25T19:00Z,Nice,Real Sociedad,1,1,,,,,,,STATUS_FULL_TIME
Europa League,2024-2025,2024-09-26T16:45Z,Fenerbahce,Union St.-Gilloise,2,1,,,,,,,STATUS_FULL_TIME
Europa League,2024-2025,2024-09-26T16:45Z,Malmö FF,Rangers,0,2,,,,,,,STATUS_FULL_TIME
Europa League,2024-2025,2024-09-26T19:00Z,Ajax Amsterdam,Besiktas,4,0,,,,,,,STATUS_FULL_TIME
Europa League,2024-2025,2024-09-26T19:00Z,AS Roma,Athletic Club,1,1,,,,,,,STATUS_FULL_TIME
Europa League,2024-2025,2024-09-26T19:00Z,Braga,Maccabi Tel-Aviv,2,1,,,,,,,STATUS_FULL_TIME
Europa League,2024-2025,2024-09-26T19:00Z,Eintracht Frankfurt,Viktoria Plzen,3,3,,,,,,,STATUS_FULL_TIME
Europa League,2024-2025,2024-09-26T19:00Z,FCSB,Rigas Futbola Skola,4,1,,,,,,,STATUS_FULL_TIME
Europa League,2024-2025,2024-09-26T19:00Z,Lyon,Olympiacos,2,0,,,,,,,STATUS_FULL_TIME
Europa League,2024-2025,2024-09-26T19:35Z,Tottenham Hotspur,FK Qarabag,3,0,,,,,,,STATUS_FULL_TIME
Europa League,2024-2025,2024-10-03T16:45Z,Ferencvaros,Tottenham Hotspur,1,2,,,,,,,STATUS_FULL_TIME
Europa League,2024-2025,2024-10-03T16:45Z,FK Qarabag,Malmö FF,1,2,,,,,,,STATUS_FULL_TIME
Europa League,2024-2025,2024-10-03T16:45Z,Lazio,Nice,4,1,,,,,,,STATUS_FULL_TIME
Europa League,2024-2025,2024-10-03T16:45Z,Maccabi Tel-Aviv,FC Midtjylland,0,2,,,,,,,STATUS_FULL_TIME
Europa League,2024-2025,2024-10-03T16:45Z,Olympiacos,Braga,3,0,,,,,,,STATUS_FULL_TIME
Europa League,2024-2025,2024-10-03T16:45Z,Real Sociedad,Anderlecht,1,2,,,,,,,STATUS_FULL_TIME
Europa League,2024-2025,2024-10-03T16:45Z,Rigas Futbola Skola,Galatasaray,2,2,,,,,,,STATUS_FULL_TIME
Europa League,2024-2025,2024-10-03T16:45Z,Slavia Prague,Ajax Amsterdam,1,1,,,,,,,STATUS_FULL_TIME
Europa League,2024-2025,2024-10-03T16:45Z,TSG Hoffenheim,Dynamo Kyiv,2,0,,,,,,,STATUS_FULL_TIME
Europa League,2024-2025,2024-10-03T19:00Z,Athletic Club,AZ Alkmaar,2,0,,,,,,,STATUS_FULL_TIME
Europa League,2024-2025,2024-10-03T19:00Z,Besiktas,Eintracht Frankfurt,1,3,,,,,,,STATUS_FULL_TIME
Europa League,2024-2025,2024-10-03T19:00Z,FC Porto,Manchester United,3,3,,,,,,,STATUS_FULL_TIME
Europa League,2024-2025,2024-10-03T19:00Z,FC Twente,Fenerbahce,1,1,,,,,,,STATUS_FULL_TIME
Europa League,2024-2025,2024-10-03T19:00Z,IF Elfsborg,AS Roma,1,0,,,,,,,STATUS_FULL_TIME
Europa League,2024-2025,2024-10-03T19:00Z,PAOK Salonika,FCSB,0,1,,,,,,,STATUS_FULL_TIME
Europa League,2024-2025,2024-10-03T19:00Z,Rangers,Lyon,1,4,,,,,,,STATUS_FULL_TIME
Europa League,2024-2025,2024-10-03T19:00Z,Union St.-Gilloise,Bodo/Glimt,0,0,,,,,,,STATUS_FULL_TIME
Europa League,2024-2025,2024-10-03T19:00Z,Viktoria Plzen,Ludogorets Razgrad,0,0,,,,,,,STATUS_FULL_TIME
Europa League,2024-2025,2024-10-23T14:30Z,Braga,Bodo/Glimt,1,2,,,,,,,STATUS_FULL_TIME
Europa League,2024-2025,2024-10-23T14:30Z,Galatasaray,IF Elfsborg,4,3,,,,,,,STATUS_FULL_TIME
Europa League,2024-2025,2024-10-24T16:45Z,AS Roma,Dynamo Kyiv,1,0,,,,,,,STATUS_FULL_TIME
Europa League,2024-2025,2024-10-24T16:45Z,Eintracht Frankfurt,Rigas Futbola Skola,1,0,,,,,,,STATUS_FULL_TIME
Europa League,2024-2025,2024-10-24T16:45Z,FC Midtjylland,Union St.-Gilloise,1,0,,,,,,,STATUS_FULL_TIME
Europa League,2024-2025,2024-10-24T16:45Z,Ferencvaros,Nice,1,0,,,,,,,STATUS_FULL_TIME
Europa League,2024-2025,2024-10-24T16:45Z,FK Qarabag,Ajax Amsterdam,0,3,,,,,,,STATUS_FULL_TIME
Europa League,2024-2025,2024-10-24T16:45Z,Maccabi Tel-Aviv,Real Sociedad,1,2,,,,,,,STATUS_FULL_TIME
Europa League,2024-2025,2024-10-24T16:45Z,PAOK Salonika,Viktoria Plzen,2,2,,,,,,,STATUS_FULL_TIME
Europa League,2024-2025,2024-10-24T19:00Z,Anderlecht,Ludogorets Razgrad,2,0,,,,,,,STATUS_FULL_TIME
Europa League,2024-2025,2024-10-24T19:00Z,Athletic Club,Slavia Prague,1,0,,,,,,,STATUS_FULL_TIME
Europa League,2024-2025,2024-10-24T19:00Z,FC Porto,TSG Hoffenheim,2,0,,,,,,,STATUS_FULL_TIME
Europa League,2024-2025,2024-10-24T19:00Z,FC Twente,Lazio,0,2,,,,,,,STATUS_FULL_TIME
Europa League,2024-2025,2024-10-24T19:00Z,Fenerbahce,Manchester United,1,1,,,,,,,STATUS_FULL_TIME
Europa League,2024-2025,2024-10-24T19:00Z,Lyon,Besiktas,0,1,,,,,,,STATUS_FULL_TIME
Europa League,2024-2025,2024-10-24T19:00Z,Malmö FF,Olympiacos,0,1,,,,,,,STATUS_FULL_TIME
Europa League,2024-2025,2024-10-24T19:00Z,Rangers,FCSB,4,0,,,,,,,STATUS_FULL_TIME
Europa League,2024-2025,2024-10-24T19:00Z,Tottenham Hotspur,AZ Alkmaar,1,0,,,,,,,STATUS_FULL_TIME
Europa League,2024-2025,2024-11-06T15:30Z,Besiktas,Malmö FF,2,1,,,,,,,STATUS_FULL_TIME
Europa League,2024-2025,2024-11-07T17:45Z,Bodo/Glimt,FK Qarabag,1,2,,,,,,,STATUS_FULL_TIME
Europa League,2024-2025,2024-11-07T17:45Z,Eintracht Frankfurt,Slavia Prague,1,0,,,,,,,STATUS_FULL_TIME
Europa League,2024-2025,2024-11-07T17:45Z,FCSB,FC Midtjylland,2,0,,,,,,,STATUS_FULL_TIME
Europa League,2024-2025,2024-11-07T17:45Z,Galatasaray,Tottenham Hotspur,3,2,,,,,,,STATUS_FULL_TIME
Europa League,2024-2025,2024-11-07T17:45Z,IF Elfsborg,Braga,1,1,,,,,,,STATUS_FULL_TIME
Europa League,2024-2025,2024-11-07T17:45Z,Ludogorets Razgrad,Athletic Club,1,2,,,,,,,STATUS_FULL_TIME
Europa League,2024-2025,2024-11-07T17:45Z,Nice,FC Twente,2,2,,,,,,,STATUS_FULL_TIME
Europa League,2024-2025,2024-11-07T17:45Z,Olympiacos,Rangers,1,1,,,,,,,STATUS_FULL_TIME
Europa League,2024-2025,2024-11-07T17:45Z,Union St.-Gilloise,AS Roma,1,1,,,,,,,STATUS_FULL_TIME
Europa League,2024-2025,2024-11-07T20:00Z,Ajax Amsterdam,Maccabi Tel-Aviv,5,0,,,,,,,STATUS_FULL_TIME
Europa League,2024-2025,2024-11-07T20:00Z,AZ Alkmaar,Fenerbahce,3,1,,,,,,,STATUS_FULL_TIME
Europa League,2024-2025,2024-11-07T20:00Z,Dynamo Kyiv,Ferencvaros,0,4,,,,,,,STATUS_FULL_TIME
Europa League,2024-2025,2024-11-07T20:00Z,Lazio,FC Porto,2,1,,,,,,,STATUS_FULL_TIME
Europa League,2024-2025,2024-11-07T20:00Z,Manchester United,PAOK Salonika,2,0,,,,,,,STATUS_FULL_TIME
Europa League,2024-2025,2024-11-07T20:00Z,Rigas Futbola Skola,Anderlecht,1,1,,,,,,,STATUS_FULL_TIME
Europa League,2024-2025,2024-11-07T20:00Z,TSG Hoffenheim,Lyon,2,2,,,,,,,STATUS_FULL_TIME
Europa League,2024-2025,2024-11-07T20:00Z,Viktoria Plzen,Real Sociedad,2,1,,,,,,,STATUS_FULL_TIME
Europa League,2024-2025,2024-11-28T17:45Z,Anderlecht,FC Porto,2,2,,,,,,,STATUS_FULL_TIME
Europa League,2024-2025,2024-11-28T17:45Z,Athletic Club,IF Elfsborg,3,0,,,,,,,STATUS_FULL_TIME
Europa League,2024-2025,2024-11-28T17:45Z,AZ Alkmaar,Galatasaray,1,1,,,,,,,STATUS_FULL_TIME
Europa League,2024-2025,2024-11-28T17:45Z,Besiktas,Maccabi Tel-Aviv,1,3,,,,,,,STATUS_FULL_TIME
Europa League,2024-2025,2024-11-28T17:45Z,Dynamo Kyiv,Viktoria Plzen,1,2,,,,,,,STATUS_FULL_TIME
Europa League,2024-2025,2024-11-28T17:45Z,FK Qarabag,Lyon,1,4,,,,,,,STATUS_FULL_TIME
Europa League,2024-2025,2024-11-28T17:45Z,Lazio,Ludogorets Razgrad,0,0,,,,,,,STATUS_FULL_TIME
Europa League,2024-2025,2024-11-28T17:45Z,Rigas Futbola Skola,PAOK Salonika,0,2,,,,,,,STATUS_FULL_TIME
Europa League,2024-2025,2024-11-28T20:00Z,Braga,TSG Hoffenheim,3,0,,,,,,,STATUS_FULL_TIME
Europa League,2024-2025,2024-11-28T20:00Z,FC Midtjylland,Eintracht Frankfurt,1,2,,,,,,,STATUS_FULL_TIME
Europa League,2024-2025,2024-11-28T20:00Z,FC Twente,Union St.-Gilloise,0,1,,,,,,,STATUS_FULL_TIME
Europa League,2024-2025,2024-11-28T20:00Z,FCSB,Olympiacos,0,0,,,,,,,STATUS_FULL_TIME
Europa League,2024-2025,2024-11-28T20:00Z,Ferencvaros,Malmö FF,4,1,,,,,,,STATUS_FULL_TIME
Europa League,2024-2025,2024-11-28T20:00Z,Manchester United,Bodo/Glimt,3,2,,,,,,,STATUS_FULL_TIME
Europa League,2024-2025,2024-11-28T20:00Z,Nice,Rangers,1,4,,,,,,,STATUS_FULL_TIME
Europa League,2024-2025,2024-11-28T20:00Z,Real Sociedad,Ajax Amsterdam,2,0,,,,,,,STATUS_FULL_TIME
Europa League,2024-2025,2024-11-28T20:00Z,Slavia Prague,Fenerbahce,1,2,,,,,,,STATUS_FULL_TIME
Europa League,2024-2025,2024-11-28T20:00Z,Tottenham Hotspur,AS Roma,2,2,,,,,,,STATUS_FULL_TIME
Europa League,2024-2025,2024-12-11T15:30Z,Fenerbahce,Athletic Club,0,2,,,,,,,STATUS_FULL_TIME
Europa League,2024-2025,2024-12-12T17:45Z,AS Roma,Braga,3,0,,,,,,,STATUS_FULL_TIME
Europa League,2024-2025,2024-12-12T17:45Z,Ludogorets Razgrad,AZ Alkmaar,2,2,,,,,,,STATUS_FULL_TIME
Europa League,2024-2025,2024-12-12T17:45Z,Malmö FF,Galatasaray,2,2,,,,,,,STATUS_FULL_TIME
Europa League,2024-2025,2024-12-12T17:45Z,Olympiacos,FC Twente,0,0,,,,,,,STATUS_FULL_TIME
Europa League,2024-2025,2024-12-12T17:45Z,PAOK Salonika,Ferencvaros,5,0,,,,,,,STATUS_FULL_TIME
Europa League,2024-2025,2024-12-12T17:45Z,TSG Hoffenheim,FCSB,0,0,,,,,,,STATUS_FULL_TIME
Europa League,2024-2025,2024-12-12T17:45Z,Union St.-Gilloise,Nice,2,1,,,,,,,STATUS_FULL_TIME
Europa League,2024-2025,2024-12-12T17:45Z,Viktoria Plzen,Manchester United,1,2,,,,,,,STATUS_FULL_TIME
Europa League,2024-2025,2024-12-12T20:00Z,Ajax Amsterdam,Lazio,1,3,,,,,,,STATUS_FULL_TIME
Europa League,2024-2025,2024-12-12T20:00Z,Bodo/Glimt,Besiktas,2,1,,,,,,,STATUS_FULL_TIME
Europa League,2024-2025,2024-12-12T20:00Z,FC Porto,FC Midtjylland,2,0,,,,,,,STATUS_FULL_TIME
Europa League,2024-2025,2024-12-12T20:00Z,IF Elfsborg,FK Qarabag,1,0,,,,,,,STATUS_FULL_TIME
Europa League,2024-2025,2024-12-12T20:00Z,Lyon,Eintracht Frankfurt,3,2,,,,,,,STATUS_FULL_TIME
Europa League,2024-2025,2024-12-12T20:00Z,Maccabi Tel-Aviv,Rigas Futbola Skola,2,1,,,,,,,STATUS_FULL_TIME
Europa League,2024-2025,2024-12-12T20:00Z,Rangers,Tottenham Hotspur,1,1,,,,,,,STATUS_FULL_TIME
Europa League,2024-2025,2024-12-12T20:00Z,Real Sociedad,Dynamo Kyiv,3,0,,,,,,,STATUS_FULL_TIME
Europa League,2024-2025,2024-12-12T20:00Z,Slavia Prague,Anderlecht,1,2,,,,,,,STATUS_FULL_TIME
Europa League,2024-2025,2025-01-21T15:30Z,Galatasaray,Dynamo Kyiv,3,3,,,,,,,STATUS_FULL_TIME
Europa League,2024-2025,2025-01-22T15:30Z,Besiktas,Athletic Club,4,1,,,,,,,STATUS_FULL_TIME
Europa League,2024-2025,2025-01-23T17:45Z,AZ Alkmaar,AS Roma,1,0,,,,,,,STATUS_FULL_TIME
Europa League,2024-2025,2025-01-23T17:45Z,Bodo/Glimt,Maccabi Tel-Aviv,3,1,,,,,,,STATUS_FULL_TIME
Europa League,2024-2025,2025-01-23T17:45Z,FC Porto,Olympiacos,0,1,,,,,,,STATUS_FULL_TIME
Europa League,2024-2025,2025-01-23T17:45Z,Fenerbahce,Lyon,0,0,,,,,,,STATUS_FULL_TIME
Europa League,2024-2025,2025-01-23T17:45Z,FK Qarabag,FCSB,2,3,,,,,,,STATUS_FULL_TIME
Europa League,2024-2025,2025-01-23T17:45Z,Malmö FF,FC Twente,2,3,,,,,,,STATUS_FULL_TIME
Europa League,2024-2025,2025-01-23T17:45Z,TSG Hoffenheim,Tottenham Hotspur,2,3,,,,,,,STATUS_FULL_TIME
Europa League,2024-2025,2025-01-23T17:45Z,Viktoria Plzen,Anderlecht,2,0,,,,,,,STATUS_FULL_TIME
Europa League,2024-2025,2025-01-23T20:00Z,Eintracht Frankfurt,Ferencvaros,2,0,,,,,,,STATUS_FULL_TIME
Europa League,2024-2025,2025-01-23T20:00Z,IF Elfsborg,Nice,1,0,,,,,,,STATUS_FULL_TIME
Europa League,2024-2025,2025-01-23T20:00Z,Lazio,Real Sociedad,3,1,,,,,,,STATUS_FULL_TIME
Europa League,2024-2025,2025-01-23T20:00Z,Ludogorets Razgrad,FC Midtjylland,0,2,,,,,,,STATUS_FULL_TIME
Europa League,2024-2025,2025-01-23T20:00Z,Manchester United,Rangers,2,1,,,,,,,STATUS_FULL_TIME
Europa League,2024-2025,2025-01-23T20:00Z,PAOK Salonika,Slavia Prague,2,0,,,,,,,STATUS_FULL_TIME
Europa League,2024-2025,2025-01-23T20:00Z,Rigas Futbola Skola,Ajax Amsterdam,1,0,,,,,,,STATUS_FULL_TIME
Europa League,2024-2025,2025-01-23T20:00Z,Union St.-Gilloise,Braga,2,1,,,,,,,STATUS_FULL_TIME
Europa League,2024-2025,2025-01-30T20:00Z,Ajax Amsterdam,Galatasaray,2,1,,,,,,,STATUS_FULL_TIME
Europa League,2024-2025,2025-01-30T20:00Z,Anderlecht,TSG Hoffenheim,3,4,,,,,,,STATUS_FULL_TIME
Europa League,2024-2025,2025-01-30T20:00Z,AS Roma,Eintracht Frankfurt,2,0,,,,,,,STATUS_FULL_TIME
Europa League,2024-2025,2025-01-30T20:00Z,Athletic Club,Viktoria Plzen,3,1,,,,,,,STATUS_FULL_TIME
Europa League,2024-2025,2025-01-30T20:00Z,Braga,Lazio,1,0,,,,,,,STATUS_FULL_TIME
Europa League,2024-2025,2025-01-30T20:00Z,Dynamo Kyiv,Rigas Futbola Skola,1,0,,,,,,,STATUS_FULL_TIME
Europa League,2024-2025,2025-01-30T20:00Z,FC Midtjylland,Fenerbahce,2,2,,,,,,,STATUS_FULL_TIME
Europa League,2024-2025,2025-01-30T20:00Z,FC Twente,Besiktas,1,0,,,,,,,STATUS_FULL_TIME
Europa League,2024-2025,2025-01-30T20:00Z,FCSB,Manchester United,0,2,,,,,,,STATUS_FULL_TIME
Europa League,2024-2025,2025-01-30T20:00Z,Ferencvaros,AZ Alkmaar,4,3,,,,,,,STATUS_FULL_TIME
Europa League,2024-2025,2025-01-30T20:00Z,Lyon,Ludogorets Razgrad,1,1,,,,,,,STATUS_FULL_TIME
Europa League,2024-2025,2025-01-30T20:00Z,Maccabi Tel-Aviv,FC Porto,0,1,,,,,,,STATUS_FULL_TIME
Europa League,2024-2025,2025-01-30T20:00Z,Nice,Bodo/Glimt,1,1,,,,,,,STATUS_FULL_TIME
Europa League,2024-2025,2025-01-30T20:00Z,Olympiacos,FK Qarabag,3,0,,,,,,,STATUS_FULL_TIME
Europa League,2024-2025,2025-01-30T20:00Z,Rangers,Union St.-Gilloise,2,1,,,,,,,STATUS_FULL_TIME
Europa League,2024-2025,2025-01-30T20:00Z,Real Sociedad,PAOK Salonika,2,0,,,,,,,STATUS_FULL_TIME
Europa League,2024-2025,2025-01-30T20:00Z,Slavia Prague,Malmö FF,2,2,,,,,,,STATUS_FULL_TIME
Europa League,2024-2025,2025-01-30T20:00Z,Tottenham Hotspur,IF Elfsborg,3,0,,,,,,,STATUS_FULL_TIME
Europa League,2024-2025,2025-02-13T17:45Z,FC Midtjylland,Real Sociedad,1,2,,,,,,,STATUS_FULL_TIME
Europa League,2024-2025,2025-02-13T17:45Z,Fenerbahce,Anderlecht,3,0,,,,,,,STATUS_FULL_TIME
Europa League,2024-2025,2025-02-13T17:45Z,Ferencvaros,Viktoria Plzen,1,0,,,,,,,STATUS_FULL_TIME
Europa League,2024-2025,2025-02-13T17:45Z,Union St.-Gilloise,Ajax Amsterdam,0,2,,,,,,,STATUS_FULL_TIME
Europa League,2024-2025,2025-02-13T20:00Z,AZ Alkmaar,Galatasaray,4,1,,,,,,,STATUS_FULL_TIME
Europa League,2024-2025,2025-02-13T20:00Z,FC Porto,AS Roma,1,1,,,,,,,STATUS_FULL_TIME
Europa League,2024-2025,2025-02-13T20:00Z,FC Twente,Bodo/Glimt,2,1,,,,,,,STATUS_FULL_TIME
Europa League,2024-2025,2025-02-13T20:00Z,PAOK Salonika,FCSB,1,2,,,,,,,STATUS_FULL_TIME
Europa League,2024-2025,2025-02-20T17:45Z,AS Roma,FC Porto,3,2,,,,,,,STATUS_FULL_TIME
Europa League,2024-2025,2025-02-20T17:45Z,Bodo/Glimt,FC Twente,5,2,,,,,,,STATUS_FINAL_AET
Europa League,2024-2025,2025-02-20T17:45Z,FCSB,PAOK Salonika,2,0,,,,,,,STATUS_FULL_TIME
Europa League,2024-2025,2025-02-20T17:45Z,Galatasaray,AZ Alkmaar,2,2,,,,,,,STATUS_FULL_TIME
Europa League,2024-2025,2025-02-20T20:00Z,Ajax Amsterdam,Union St.-Gilloise,1,2,,,,,,,STATUS_FINAL_AET
Europa League,2024-2025,2025-02-20T20:00Z,Anderlecht,Fenerbahce,2,2,,,,,,,STATUS_FULL_TIME
Europa League,2024-2025,2025-02-20T20:00Z,Real Sociedad,FC Midtjylland,5,2,,,,,,,STATUS_FULL_TIME
Europa League,2024-2025,2025-02-20T20:00Z,Viktoria Plzen,Ferencvaros,3,0,,,,,,,STATUS_FULL_TIME
Europa League,2024-2025,2025-03-06T17:45Z,AZ Alkmaar,Tottenham Hotspur,1,0,,,,,,,STATUS_FULL_TIME
Europa League,2024-2025,2025-03-06T17:45Z,FCSB,Lyon,1,3,,,,,,,STATUS_FULL_TIME
Europa League,2024-2025,2025-03-06T17:45Z,Fenerbahce,Rangers,1,3,,,,,,,STATUS_FULL_TIME
Europa League,2024-2025,2025-03-06T17:45Z,Real Sociedad,Manchester United,1,1,,,,,,,STATUS_FULL_TIME
Europa League,2024-2025,2025-03-06T20:00Z,Ajax Amsterdam,Eintracht Frankfurt,1,2,,,,,,,STATUS_FULL_TIME
Europa League,2024-2025,2025-03-06T20:00Z,AS Roma,Athletic Club,2,1,,,,,,,STATUS_FULL_TIME
Europa League,2024-2025,2025-03-06T20:00Z,Bodo/Glimt,Olympiacos,3,0,,,,,,,STATUS_FULL_TIME
Europa League,2024-2025,2025-03-06T20:00Z,Viktoria Plzen,Lazio,1,2,,,,,,,STATUS_FULL_TIME
Europa League,2024-2025,2025-03-13T17:45Z,Athletic Club,AS Roma,3,1,,,,,,,STATUS_FULL_TIME
Europa League,2024-2025,2025-03-13T17:45Z,Eintracht Frankfurt,Ajax Amsterdam,4,1,,,,,,,STATUS_FULL_TIME
Europa League,2024-2025,2025-03-13T17:45Z,Lazio,Viktoria Plzen,1,1,,,,,,,STATUS_FULL_TIME
Europa League,2024-2025,2025-03-13T17:45Z,Olympiacos,Bodo/Glimt,2,1,,,,,,,STATUS_FULL_TIME
Europa League,2024-2025,2025-03-13T20:00Z,Lyon,FCSB,4,0,,,,,,,STATUS_FULL_TIME
Europa League,2024-2025,2025-03-13T20:00Z,Manchester United,Real Sociedad,4,1,,,,,,,STATUS_FULL_TIME
Europa League,2024-2025,2025-03-13T20:00Z,Rangers,Fenerbahce,0,2,,,,,,,STATUS_FINAL_PEN
Europa League,2024-2025,2025-03-13T20:00Z,Tottenham Hotspur,AZ Alkmaar,3,1,,,,,,,STATUS_FULL_TIME
Europa League,2024-2025,2025-04-10T16:45Z,Bodo/Glimt,Lazio,2,0,,,,,,,STATUS_FULL_TIME
Europa League,2024-2025,2025-04-10T19:00Z,Lyon,Manchester United,2,2,,,,,,,STATUS_FULL_TIME
Europa League,2024-2025,2025-04-10T19:00Z,Rangers,Athletic Club,0,0,,,,,,,STATUS_FULL_TIME
Europa League,2024-2025,2025-04-10T19:00Z,Tottenham Hotspur,Eintracht Frankfurt,1,1,,,,,,,STATUS_FULL_TIME
Europa League,2024-2025,2025-04-17T19:00Z,Athletic Club,Rangers,2,0,,,,,,,STATUS_FULL_TIME
Europa League,2024-2025,2025-04-17T19:00Z,Eintracht Frankfurt,Tottenham Hotspur,0,1,,,,,,,STATUS_FULL_TIME
Europa League,2024-2025,2025-04-17T19:00Z,Lazio,Bodo/Glimt,3,1,,,,,,,STATUS_FINAL_PEN
Europa League,2024-2025,2025-04-17T19:00Z,Manchester United,Lyon,5,4,,,,,,,STATUS_FINAL_AET
Europa League,2024-2025,2025-05-01T19:00Z,Athletic Club,Manchester United,0,3,,,,,,,STATUS_FULL_TIME
Europa League,2024-2025,2025-05-01T19:00Z,Tottenham Hotspur,Bodo/Glimt,3,1,,,,,,,STATUS_FULL_TIME
Europa League,2024-2025,2025-05-08T19:00Z,Bodo/Glimt,Tottenham Hotspur,0,2,,,,,,,STATUS_FULL_TIME
Europa League,2024-2025,2025-05-08T19:00Z,Manchester United,Athletic Club,4,1,,,,,,,STATUS_FULL_TIME
Europa League,2024-2025,2025-05-21T19:00Z,Tottenham Hotspur,Manchester United,1,0,,,,,,,STATUS_FULL_TIME
Bundesliga,2025-2026,2025-08-22 18:30:00,Bayern Munich,RasenBallsport Leipzig,6,0,3.29885,0.52226,8.793103448275861,17.857142857142858,2.8446000000000002,0.1038,STATUS_FULL_TIME
Bundesliga,2025-2026,2025-08-23 13:30:00,Bayer Leverkusen,Hoffenheim,1,2,1.05253,0.505193,15.133333333333333,15.782608695652174,1.8981999999999999,0.7795000000000001,STATUS_FULL_TIME
Bundesliga,2025-2026,2025-08-23 13:30:00,Eintracht Frankfurt,Werder Bremen,4,1,3.10684,0.587822,8.8,18.0,2.8483,0.094,STATUS_FULL_TIME
Bundesliga,2025-2026,2025-08-23 13:30:00,FC Heidenheim,Wolfsburg,1,3,0.783156,2.57718,17.142857142857142,11.65,0.2248,2.656,STATUS_FULL_TIME
Bundesliga,2025-2026,2025-08-23 13:30:00,Freiburg,Augsburg,1,3,2.27247,1.30191,7.105263157894737,8.181818181818182,2.0804,0.7063999999999999,STATUS_FULL_TIME
Bundesliga,2025-2026,2025-08-23 16:30:00,St. Pauli,Borussia Dortmund,3,3,1.46772,2.10289,15.043478260869565,13.38888888888889,0.8520000000000001,1.8885,STATUS_FULL_TIME
Bundesliga,2025-2026,2025-08-23 13:30:00,Union Berlin,VfB Stuttgart,2,1,0.529421,1.80147,18.19047619047619,3.789473684210526,0.46920000000000006,2.325,STATUS_FULL_TIME
Bundesliga,2025-2026,2025-08-24 15:30:00,Borussia M.Gladbach,Hamburger SV,0,0,1.01717,0.285593,9.0,16.68421052631579,2.0181,0.6288,STATUS_FULL_TIME
Bundesliga,2025-2026,2025-08-24 13:30:00,Mainz 05,FC Cologne,0,1,1.31655,1.64676,13.133333333333333,10.764705882352942,1.0928,1.6486999999999998,STATUS_FULL_TIME
Bundesliga,2025-2026,2025-08-29 18:30:00,Hamburger SV,St. Pauli,0,2,0.74111,1.85404,17.0625,10.285714285714286,0.5217,2.2539000000000002,STATUS_FULL_TIME
Bundesliga,2025-2026,2025-08-30 16:30:00,Augsburg,Bayern Munich,2,3,0.506028,3.37523,11.083333333333334,7.451612903225806,0.0964,2.8495,STATUS_FULL_TIME
Bundesliga,2025-2026,2025-08-30 13:30:00,Hoffenheim,Eintracht Frankfurt,1,3,1.28178,1.82087,6.482758620689655,19.357142857142858,0.9006000000000001,1.8405,STATUS_FULL_TIME
Bundesliga,2025-2026,2025-08-30 13:30:00,RasenBallsport Leipzig,FC Heidenheim,2,0,3.29717,0.969982,6.333333333333333,18.176470588235293,2.7007000000000003,0.2071,STATUS_FULL_TIME
Bundesliga,2025-2026,2025-08-30 13:30:00,VfB Stuttgart,Borussia M.Gladbach,1,0,0.925105,1.60717,15.9375,12.869565217391305,0.8582000000000001,1.8910999999999998,STATUS_FULL_TIME
Bundesliga,2025-2026,2025-08-30 13:30:00,Werder Bremen,Bayer Leverkusen,3,3,2.32676,2.03733,18.55,16.41176470588235,1.5889000000000002,1.1542,STATUS_FULL_TIME
Bundesliga,2025-2026,2025-08-31 15:30:00,Borussia Dortmund,Union Berlin,3,0,1.82606,0.971167,14.933333333333334,28.866666666666667,2.0443,0.7141000000000001,STATUS_FULL_TIME
Bundesliga,2025-2026,2025-08-31 17:30:00,FC Cologne,Freiburg,4,1,1.84068,0.933072,24.142857142857142,15.846153846153847,2.0581,0.7156,STATUS_FULL_TIME
Bundesliga,2025-2026,2025-08-31 13:30:00,Wolfsburg,Mainz 05,1,1,0.616661,1.81482,15.0,4.594594594594595,0.43989999999999996,2.3599,STATUS_FULL_TIME
Bundesliga,2025-2026,2025-09-12 18:30:00,Bayer Leverkusen,Eintracht Frankfurt,3,1,2.31465,0.791863,10.565217391304348,9.88888888888889,2.4535,0.3799,STATUS_FULL_TIME
Bundesliga,2025-2026,2025-09-13 16:30:00,Bayern Munich,Hamburger SV,5,0,3.03718,0.559174,9.666666666666666,33.6,2.7799,0.1444,STATUS_FULL_TIME
Bundesliga,2025-2026,2025-09-13 13:30:00,FC Heidenheim,Borussia Dortmund,0,2,0.299026,2.84999,23.615384615384617,8.0,0.0942,2.8449000000000004,STATUS_FULL_TIME
Bundesliga,2025-2026,2025-09-13 13:30:00,Freiburg,VfB Stuttgart,3,1,1.6832,0.548804,16.0625,11.5625,2.3351,0.45589999999999997,STATUS_FULL_TIME
Bundesliga,2025-2026,2025-09-13 13:30:00,Mainz 05,RasenBallsport Leipzig,0,1,0.770276,1.5009,5.636363636363637,11.944444444444445,0.7684,1.9684,STATUS_FULL_TIME
Bundesliga,2025-2026,2025-09-13 13:30:00,Union Berlin,Hoffenheim,2,4,3.0814,3.34084,12.523809523809524,6.555555555555555,1.1766,1.5884999999999998,STATUS_FULL_TIME
Bundesliga,2025-2026,2025-09-13 13:30:00,Wolfsburg,FC Cologne,3,3,1.79835,1.72631,11.375,14.444444444444445,1.3908,1.3296,STATUS_FULL_TIME
Bundesliga,2025-2026,2025-09-14 15:30:00,Borussia M.Gladbach,Werder Bremen,0,4,1.58932,2.24671,8.0,17.9375,0.9088,1.8609999999999998,STATUS_FULL_TIME
Bundesliga,2025-2026,2025-09-14 13:30:00,St. Pauli,Augsburg,2,1,1.95499,0.934223,11.16,17.176470588235293,2.2773000000000003,0.4989,STATUS_FULL_TIME
Bundesliga,2025-2026,2025-09-19 18:30:00,VfB Stuttgart,St. Pauli,2,0,2.78829,1.05657,11.863636363636363,13.916666666666666,2.5173000000000005,0.34140000000000004,STATUS_FULL_TIME
Bundesliga,2025-2026,2025-09-20 13:30:00,Augsburg,Mainz 05,1,4,0.870451,2.57047,4.133333333333334,14.933333333333334,0.36150000000000004,2.4926999999999997,STATUS_FULL_TIME
Bundesliga,2025-2026,2025-09-20 13:30:00,Hamburger SV,FC Heidenheim,2,1,3.32157,2.63607,11.842105263157896,16.733333333333334,1.8149,0.9983000000000001,STATUS_FULL_TIME
Bundesliga,2025-2026,2025-09-20 13:30:00,Hoffenheim,Bayern Munich,1,4,1.03716,2.7142,12.962962962962964,11.352941176470589,0.35169999999999996,2.5111,STATUS_FULL_TIME
Bundesliga,2025-2026,2025-09-20 16:30:00,RasenBallsport Leipzig,FC Cologne,3,1,3.79591,1.39264,21.384615384615383,22.916666666666668,2.7671,0.15889999999999999,STATUS_FULL_TIME
Bundesliga,2025-2026,2025-09-20 13:30:00,Werder Bremen,Freiburg,0,3,1.27257,2.36315,8.037037037037036,16.55,0.5402,2.2523,STATUS_FULL_TIME
Bundesliga,2025-2026,2025-09-21 15:30:00,Bayer Leverkusen,Borussia M.Gladbach,1,1,1.9461,1.29876,11.217391304347826,14.62962962962963,1.8709,0.8845,STATUS_FULL_TIME
Bundesliga,2025-2026,2025-09-21 17:30:00,Borussia Dortmund,Wolfsburg,1,0,1.24747,0.975457,13.578947368421053,15.0,1.5438,1.1157000000000001,STATUS_FULL_TIME
Bundesliga,2025-2026,2025-09-21 13:30:00,Eintracht Frankfurt,Union Berlin,3,4,1.75582,2.23419,5.3125,27.571428571428573,1.0318,1.7328999999999999,STATUS_FULL_TIME
Bundesliga,2025-2026,2025-09-26 18:30:00,Bayern Munich,Werder Bremen,4,0,4.31859,0.298618,8.4375,39.888888888888886,2.9772999999999996,0.0133,STATUS_FULL_TIME
Bundesliga,2025-2026,2025-09-27 16:30:00,Borussia M.Gladbach,Eintracht Frankfurt,4,6,2.12935,3.78879,19.555555555555557,11.0,0.49770000000000003,2.3541,STATUS_FULL_TIME
Bundesliga,2025-2026,2025-09-27 13:30:00,FC Heidenheim,Augsburg,2,1,1.79097,0.619833,9.407407407407407,7.916666666666667,2.2958,0.4907,STATUS_FULL_TIME
Bundesliga,2025-2026,2025-09-27 13:30:00,Mainz 05,Borussia Dortmund,0,2,0.525149,1.75519,8.12,8.789473684210526,0.3764,2.426,STATUS_FULL_TIME
Bundesliga,2025-2026,2025-09-27 13:30:00,St. Pauli,Bayer Leverkusen,1,2,0.813325,1.28912,10.96774193548387,19.0,0.9031,1.8043,STATUS_FULL_TIME
Bundesliga,2025-2026,2025-09-27 13:30:00,Wolfsburg,RasenBallsport Leipzig,0,1,2.59654,2.61107,14.411764705882353,12.583333333333334,1.4057,1.3868,STATUS_FULL_TIME
Bundesliga,2025-2026,2025-09-28 15:30:00,FC Cologne,VfB Stuttgart,1,2,1.07972,2.20939,20.142857142857142,10.80952380952381,0.5898,2.2068,STATUS_FULL_TIME
Bundesliga,2025-2026,2025-09-28 13:30:00,Freiburg,Hoffenheim,1,1,1.2587,2.24224,16.133333333333333,6.416666666666667,0.5484,2.202,STATUS_FULL_TIME
Bundesliga,2025-2026,2025-09-28 17:30:00,Union Berlin,Hamburger SV,0,0,1.54274,1.11274,17.95,9.5,1.7458,0.973,STATUS_FULL_TIME
Bundesliga,2025-2026,2025-10-03 18:30:00,Hoffenheim,FC Cologne,0,1,1.42371,1.30873,7.173913043478261,19.923076923076923,1.4142000000000001,1.2927,STATUS_FULL_TIME
Bundesliga,2025-2026,2025-10-04 13:30:00,Augsburg,Wolfsburg,3,1,1.75326,1.22584,12.6,12.133333333333333,1.7671,0.9862000000000001,STATUS_FULL_TIME
Bundesliga,2025-2026,2025-10-04 13:30:00,Bayer Leverkusen,Union Berlin,2,0,3.35673,1.19684,6.363636363636363,25.095238095238095,2.6786,0.22549999999999998,STATUS_FULL_TIME
Bundesliga,2025-2026,2025-10-04 13:30:00,Borussia Dortmund,RasenBallsport Leipzig,1,1,0.668613,1.14077,12.37037037037037,12.478260869565217,0.9081,1.7703000000000002,STATUS_FULL_TIME
Bundesliga,2025-2026,2025-10-04 16:30:00,Eintracht Frankfurt,Bayern Munich,0,3,0.560138,2.2301,19.045454545454547,14.65,0.27680000000000005,2.5829,STATUS_FULL_TIME
Bundesliga,2025-2026,2025-10-04 13:30:00,Werder Bremen,St. Pauli,1,0,1.77957,0.912425,15.409090909090908,12.347826086956522,2.0473999999999997,0.7151000000000001,STATUS_FULL_TIME
Bundesliga,2025-2026,2025-10-05 17:30:00,Borussia M.Gladbach,Freiburg,0,0,0.471184,0.689073,15.647058823529411,15.263157894736842,1.0842,1.4907000000000001,STATUS_FULL_TIME
Bundesliga,2025-2026,2025-10-05 15:30:00,Hamburger SV,Mainz 05,4,0,1.65883,0.591161,14.428571428571429,6.28,2.2081999999999997,0.5642,STATUS_FULL_TIME
Bundesliga,2025-2026,2025-10-05 13:30:00,VfB Stuttgart,FC Heidenheim,1,0,1.10781,0.290942,9.0,17.88888888888889,2.0792,0.5984,STATUS_FULL_TIME
Bundesliga,2025-2026,2025-10-17 18:30:00,Union Berlin,Borussia M.Gladbach,3,1,1.53032,0.628848,10.821428571428571,6.764705882352941,2.0791999999999997,0.6718999999999999,STATUS_FULL_TIME
Bundesliga,2025-2026,2025-10-18 16:30:00,Bayern Munich,Borussia Dortmund,2,1,2.81994,1.41011,8.380952380952381,12.666666666666666,2.3808,0.43889999999999996,STATUS_FULL_TIME
Bundesliga,2025-2026,2025-10-18 13:30:00,FC Cologne,Augsburg,1,1,0.523854,1.11917,7.714285714285714,9.346153846153847,0.6807,2.0157,STATUS_FULL_TIME
Bundesliga,2025-2026,2025-10-18 13:30:00,FC Heidenheim,Werder Bremen,2,2,3.07635,1.85638,9.142857142857142,21.333333333333332,2.1434,0.6716,STATUS_FULL_TIME
Bundesliga,2025-2026,2025-10-18 13:30:00,Mainz 05,Bayer Leverkusen,3,4,1.62978,4.43462,10.870967741935484,10.823529411764707,0.1667,2.7680000000000002,STATUS_FULL_TIME
Bundesliga,2025-2026,2025-10-18 13:30:00,RasenBallsport Leipzig,Hamburger SV,2,1,1.15611,1.29355,21.466666666666665,13.181818181818182,1.2510000000000001,1.4493,STATUS_FULL_TIME
Bundesliga,2025-2026,2025-10-18 13:30:00,Wolfsburg,VfB Stuttgart,0,3,0.392885,2.39474,16.5,14.5,0.1993,2.6953,STATUS_FULL_TIME
Bundesliga,2025-2026,2025-10-19 13:30:00,Freiburg,Eintracht Frankfurt,2,2,1.12896,0.772638,13.944444444444445,7.108108108108108,1.6557,1.0356,STATUS_FULL_TIME
Bundesliga,2025-2026,2025-10-19 15:30:00,St. Pauli,Hoffenheim,0,3,0.871968,1.79103,14.285714285714286,9.045454545454545,0.6527,2.0873,STATUS_FULL_TIME
Bundesliga,2025-2026,2025-10-24 18:30:00,Werder Bremen,Union Berlin,1,0,1.1444,0.487613,14.384615384615385,14.478260869565217,1.9567999999999999,0.7382,STATUS_FULL_TIME
Bundesliga,2025-2026,2025-10-25 13:30:00,Augsburg,RasenBallsport Leipzig,0,6,0.639182,2.69438,15.8,18.3125,0.2425,2.6515,STATUS_FULL_TIME
Bundesliga,2025-2026,2025-10-25 16:30:00,Borussia Dortmund,FC Cologne,1,0,2.09125,0.70563,8.3,35.666666666666664,2.3486000000000002,0.45709999999999995,STATUS_FULL_TIME
Bundesliga,2025-2026,2025-10-25 13:30:00,Borussia M.Gladbach,Bayern Munich,0,3,0.757777,2.65026,28.3,6.785714285714286,0.2279,2.6369,STATUS_FULL_TIME
Bundesliga,2025-2026,2025-10-25 13:30:00,Eintracht Frankfurt,St. Pauli,2,0,2.42632,0.519973,17.125,26.2,2.7251000000000003,0.1751,STATUS_FULL_TIME
Bundesliga,2025-2026,2025-10-25 13:30:00,Hamburger SV,Wolfsburg,0,1,2.40547,0.695528,10.61111111111111,13.0,2.6124,0.2454,STATUS_FULL_TIME
Bundesliga,2025-2026,2025-10-25 13:30:00,Hoffenheim,FC Heidenheim,3,1,2.4278,0.902315,6.714285714285714,17.526315789473685,2.4494000000000002,0.39590000000000003,STATUS_FULL_TIME
Bundesliga,2025-2026,2025-10-26 13:30:00,Bayer Leverkusen,Freiburg,2,0,2.46787,0.542897,10.777777777777779,28.6,2.6694000000000004,0.2217,STATUS_FULL_TIME
Bundesliga,2025-2026,2025-10-26 15:30:00,VfB Stuttgart,Mainz 05,2,1,1.66805,1.40956,10.5,13.222222222222221,1.5463999999999998,1.1705,STATUS_FULL_TIME
Bundesliga,2025-2026,2025-10-31 19:30:00,Augsburg,Borussia Dortmund,0,1,0.969501,0.588196,8.655172413793103,9.652173913043478,1.7331,0.9021,STATUS_FULL_TIME
Bundesliga,2025-2026,2025-11-01 17:30:00,Bayern Munich,Bayer Leverkusen,3,0,2.28295,0.382774,9.53125,28.7,2.6761,0.211,STATUS_FULL_TIME
Bundesliga,2025-2026,2025-11-01 14:30:00,FC Heidenheim,Eintracht Frankfurt,1,1,0.831882,1.22406,21.0,7.052631578947368,1.0316,1.6469,STATUS_FULL_TIME
Bundesliga,2025-2026,2025-11-01 14:30:00,Mainz 05,Werder Bremen,1,1,1.90161,0.880505,7.90625,10.9375,2.1866,0.5960000000000001,STATUS_FULL_TIME
Bundesliga,2025-2026,2025-11-01 14:30:00,RasenBallsport Leipzig,VfB Stuttgart,3,1,1.73471,1.0701,31.8,8.88888888888889,1.8718000000000001,0.8821,STATUS_FULL_TIME
Bundesliga,2025-2026,2025-11-01 14:30:00,St. Pauli,Borussia M.Gladbach,0,4,0.804394,3.6262,15.863636363636363,23.142857142857142,0.1048,2.8438,STATUS_FULL_TIME
Bundesliga,2025-2026,2025-11-01 14:30:00,Union Berlin,Freiburg,0,0,1.34842,1.16519,10.62962962962963,9.153846153846153,1.5017,1.2083,STATUS_FULL_TIME
Bundesliga,2025-2026,2025-11-02 14:30:00,FC Cologne,Hamburger SV,4,1,3.87376,1.19296,14.473684210526315,15.933333333333334,2.7673,0.16449999999999998,STATUS_FULL_TIME
Bundesliga,2025-2026,2025-11-02 16:30:00,Wolfsburg,Hoffenheim,2,3,1.40117,1.74291,14.0,8.92,1.1058999999999999,1.6327,STATUS_FULL_TIME
Bundesliga,2025-2026,2025-11-07 19:30:00,Werder Bremen,Wolfsburg,2,1,1.69456,0.676326,10.85,15.625,2.1487000000000003,0.6103000000000001,STATUS_FULL_TIME
Bundesliga,2025-2026,2025-11-08 14:30:00,Bayer Leverkusen,FC Heidenheim,6,0,3.90142,0.063377,15.133333333333333,41.5,2.9938,0.0031,STATUS_FULL_TIME
Bundesliga,2025-2026,2025-11-08 17:30:00,Borussia M.Gladbach,FC Cologne,3,1,2.46206,2.15818,25.785714285714285,9.818181818181818,1.6148,1.1297,STATUS_FULL_TIME
Bundesliga,2025-2026,2025-11-08 14:30:00,Hamburger SV,Borussia Dortmund,1,1,0.419878,1.42582,14.722222222222221,8.448275862068966,0.5278,2.2237,STATUS_FULL_TIME
Bundesliga,2025-2026,2025-11-08 14:30:00,Hoffenheim,RasenBallsport Leipzig,3,1,1.92349,1.56187,8.151515151515152,11.571428571428571,1.6347,1.101,STATUS_FULL_TIME
Bundesliga,2025-2026,2025-11-08 14:30:00,Union Berlin,Bayern Munich,2,2,1.02778,1.34246,23.526315789473685,13.333333333333334,1.1133,1.5860999999999998,STATUS_FULL_TIME
Bundesliga,2025-2026,2025-11-09 18:30:00,Eintracht Frankfurt,Mainz 05,1,0,1.77854,0.121469,10.857142857142858,9.571428571428571,2.669,0.1895,STATUS_FULL_TIME
Bundesliga,2025-2026,2025-11-09 14:30:00,Freiburg,St. Pauli,2,1,1.66558,0.640748,12.411764705882353,20.210526315789473,2.2542,0.5124,STATUS_FULL_TIME
Bundesliga,2025-2026,2025-11-09 16:30:00,VfB Stuttgart,Augsburg,3,2,2.44526,1.90345,6.72,13.375,1.7720000000000002,0.9911,STATUS_FULL_TIME
Bundesliga,2025-2026,2025-11-21 19:30:00,Mainz 05,Hoffenheim,1,1,2.88712,1.54404,10.75,9.210526315789474,2.2832,0.5543,STATUS_FULL_TIME
Bundesliga,2025-2026,2025-11-22 14:30:00,Augsburg,Hamburger SV,1,0,1.61897,1.555,13.26086956521739,20.90909090909091,1.4147,1.2995,STATUS_FULL_TIME
Bundesliga,2025-2026,2025-11-22 14:30:00,Bayern Munich,Freiburg,6,2,3.13858,0.516966,9.31578947368421,14.0,2.7987,0.13470000000000001,STATUS_FULL_TIME
Bundesliga,2025-2026,2025-11-22 14:30:00,Borussia Dortmund,VfB Stuttgart,3,3,3.15124,1.80942,13.090909090909092,10.590909090909092,2.3177,0.5123,STATUS_FULL_TIME
Bundesliga,2025-2026,2025-11-22 17:30:00,FC Cologne,Eintracht Frankfurt,3,4,1.38923,2.44506,16.083333333333332,20.2,0.6598,2.1349,STATUS_FULL_TIME
Bundesliga,2025-2026,2025-11-22 14:30:00,FC Heidenheim,Borussia M.Gladbach,0,3,0.363207,2.79666,21.8,16.2,0.0884,2.8589,STATUS_FULL_TIME
Bundesliga,2025-2026,2025-11-22 14:30:00,Wolfsburg,Bayer Leverkusen,1,3,2.07979,1.58644,14.78125,14.125,1.7184000000000001,1.0338,STATUS_FULL_TIME
Bundesliga,2025-2026,2025-11-23 14:30:00,RasenBallsport Leipzig,Werder Bremen,2,0,2.42834,0.774872,22.0,15.368421052631579,2.5254000000000003,0.33120000000000005,STATUS_FULL_TIME
Bundesliga,2025-2026,2025-11-23 16:30:00,St. Pauli,Union Berlin,0,1,0.568717,0.398431,10.192307692307692,18.6875,1.4537,1.0745,STATUS_FULL_TIME
Bundesliga,2025-2026,2025-11-28 19:30:00,Borussia M.Gladbach,RasenBallsport Leipzig,0,0,0.388883,1.09232,29.0,11.19047619047619,0.7044,1.9668,STATUS_FULL_TIME
Bundesliga,2025-2026,2025-11-29 17:30:00,Bayer Leverkusen,Borussia Dortmund,1,2,1.08287,1.1562,21.444444444444443,18.666666666666668,1.2893,1.4054000000000002,STATUS_FULL_TIME
Bundesliga,2025-2026,2025-11-29 14:30:00,Bayern Munich,St. Pauli,3,1,2.53942,0.74073,9.8,47.09090909090909,2.5492,0.3145,STATUS_FULL_TIME
Bundesliga,2025-2026,2025-11-29 14:30:00,Hoffenheim,Augsburg,3,0,1.79612,0.655496,6.896551724137931,16.94736842105263,2.245,0.5428,STATUS_FULL_TIME
Bundesliga,2025-2026,2025-11-29 14:30:00,Union Berlin,FC Heidenheim,1,2,0.942923,0.522102,13.142857142857142,9.210526315789474,1.7388000000000001,0.9129,STATUS_FULL_TIME
Bundesliga,2025-2026,2025-11-29 14:30:00,Werder Bremen,FC Cologne,1,1,1.53668,1.1848,19.625,12.26086956521739,1.631,1.0934000000000001,STATUS_FULL_TIME
Bundesliga,2025-2026,2025-11-30 16:30:00,Eintracht Frankfurt,Wolfsburg,1,1,1.66051,1.60645,15.2,17.6,1.424,1.2986,STATUS_FULL_TIME
Bundesliga,2025-2026,2025-11-30 18:30:00,Freiburg,Mainz 05,4,0,4.15677,0.0500621,4.8076923076923075,23.473684210526315,2.9972,0.0014,STATUS_FULL_TIME
Bundesliga,2025-2026,2025-11-30 14:30:00,Hamburger SV,VfB Stuttgart,2,1,1.21357,1.10868,13.619047619047619,5.615384615384615,1.4315,1.2557,STATUS_FULL_TIME
Bundesliga,2025-2026,2025-12-05 19:30:00,Mainz 05,Borussia M.Gladbach,0,1,1.09331,1.90297,8.5,19.375,0.7655000000000001,1.9900999999999998,STATUS_FULL_TIME
Bundesliga,2025-2026,2025-12-06 14:30:00,Augsburg,Bayer Leverkusen,2,0,2.14102,1.41889,29.46153846153846,10.368421052631579,1.8827,0.9011,STATUS_FULL_TIME
Bundesliga,2025-2026,2025-12-06 14:30:00,FC Cologne,St. Pauli,1,1,1.90409,0.143945,20.727272727272727,33.083333333333336,2.8178,0.1052,STATUS_FULL_TIME
Bundesliga,2025-2026,2025-12-06 14:30:00,FC Heidenheim,Freiburg,2,1,2.66592,0.800321,18.214285714285715,8.705882352941176,2.5745999999999998,0.303,STATUS_FULL_TIME
Bundesliga,2025-2026,2025-12-06 17:30:00,RasenBallsport Leipzig,Eintracht Frankfurt,6,0,3.64182,0.473289,13.75,7.914285714285715,2.95,0.0298,STATUS_FULL_TIME
Bundesliga,2025-2026,2025-12-06 14:30:00,VfB Stuttgart,Bayern Munich,0,5,0.729313,4.07867,24.333333333333332,12.947368421052632,0.0548,2.9165,STATUS_FULL_TIME
Bundesliga,2025-2026,2025-12-06 14:30:00,Wolfsburg,Union Berlin,3,1,0.929936,2.01932,13.882352941176471,12.61111111111111,0.5437000000000001,2.2249,STATUS_FULL_TIME
Bundesliga,2025-2026,2025-12-07 16:30:00,Borussia Dortmund,Hoffenheim,2,0,1.10147,1.42364,17.05263157894737,8.428571428571429,1.0451,1.6403,STATUS_FULL_TIME
Bundesliga,2025-2026,2025-12-07 14:30:00,Hamburger SV,Werder Bremen,3,2,1.57713,1.17349,10.904761904761905,10.6,1.6753,1.0477,STATUS_FULL_TIME
Bundesliga,2025-2026,2025-12-12 19:30:00,Union Berlin,RasenBallsport Leipzig,3,1,1.4766,0.495677,16.636363636363637,8.555555555555555,2.1982,0.5551,STATUS_FULL_TIME
Bundesliga,2025-2026,2025-12-13 17:30:00,Bayer Leverkusen,FC Cologne,2,0,2.295,0.436565,11.65,24.90909090909091,2.6169,0.2469,STATUS_FULL_TIME
Bundesliga,2025-2026,2025-12-13 14:30:00,Borussia M.Gladbach,Wolfsburg,1,3,0.620418,2.72142,18.466666666666665,12.807692307692308,0.1996,2.7025,STATUS_FULL_TIME
Bundesliga,2025-2026,2025-12-13 14:30:00,Eintracht Frankfurt,Augsburg,1,0,1.52024,0.655733,9.178571428571429,26.545454545454547,2.0864,0.6605,STATUS_FULL_TIME
Bundesliga,2025-2026,2025-12-13 14:30:00,Hoffenheim,Hamburger SV,4,1,2.48806,1.40522,6.5,19.625,2.1811,0.6091,STATUS_FULL_TIME
Bundesliga,2025-2026,2025-12-13 14:30:00,St. Pauli,FC Heidenheim,2,1,1.00037,1.8944,58.4,8.294117647058824,0.6748000000000001,2.0893,STATUS_FULL_TIME
Bundesliga,2025-2026,2025-12-14 16:30:00,Bayern Munich,Mainz 05,2,2,4.67956,0.803171,6.416666666666667,44.45454545454545,2.9560999999999997,0.0269,STATUS_FULL_TIME
Bundesliga,2025-2026,2025-12-14 14:30:00,Freiburg,Borussia Dortmund,1,1,1.10621,1.47427,9.363636363636363,25.6,1.0289000000000001,1.7021000000000002,STATUS_FULL_TIME
Bundesliga,2025-2026,2025-12-14 18:30:00,Werder Bremen,VfB Stuttgart,0,4,0.607898,2.05209,14.095238095238095,6.862068965517241,0.45249999999999996,2.3605,STATUS_FULL_TIME
Bundesliga,2025-2026,2025-12-19 19:30:00,Borussia Dortmund,Borussia M.Gladbach,2,0,1.65394,0.221237,10.423076923076923,11.666666666666666,2.5568,0.2744,STATUS_FULL_TIME
Bundesliga,2025-2026,2025-12-20 14:30:00,Augsburg,Werder Bremen,0,0,1.49411,0.90686,21.636363636363637,8.37037037037037,1.8515000000000001,0.8624,STATUS_FULL_TIME
Bundesliga,2025-2026,2025-12-20 14:30:00,FC Cologne,Union Berlin,0,1,0.677102,1.4739,13.846153846153847,33.18181818181818,0.6924999999999999,2.05,STATUS_FULL_TIME
Bundesliga,2025-2026,2025-12-20 14:30:00,Hamburger SV,Eintracht Frankfurt,1,1,1.09769,1.09137,13.565217391304348,9.833333333333334,1.3564000000000003,1.294,STATUS_FULL_TIME
Bundesliga,2025-2026,2025-12-20 17:30:00,RasenBallsport Leipzig,Bayer Leverkusen,1,3,1.93929,2.70478,16.82608695652174,18.066666666666666,0.8995,1.8913,STATUS_FULL_TIME
Bundesliga,2025-2026,2025-12-20 14:30:00,VfB Stuttgart,Hoffenheim,0,0,1.46116,0.154175,8.652173913043478,8.333333333333334,2.5815,0.24420000000000003,STATUS_FULL_TIME
Bundesliga,2025-2026,2025-12-20 14:30:00,Wolfsburg,Freiburg,3,4,1.30583,2.65964,11.210526315789474,19.733333333333334,0.4559,2.3678,STATUS_FULL_TIME
Bundesliga,2025-2026,2025-12-21 16:30:00,FC Heidenheim,Bayern Munich,0,4,1.48758,3.36795,44.3,11.5,0.3459,2.52,STATUS_FULL_TIME
Bundesliga,2025-2026,2025-12-21 14:30:00,Mainz 05,St. Pauli,0,0,1.87368,0.227249,15.384615384615385,17.53846153846154,2.6563999999999997,0.2102,STATUS_FULL_TIME
Bundesliga,2025-2026,2026-01-09 19:30:00,Eintracht Frankfurt,Borussia Dortmund,3,3,1.66426,2.29827,12.636363636363637,11.941176470588236,0.9414,1.8263999999999998,STATUS_FULL_TIME
Bundesliga,2025-2026,2026-01-10 17:30:00,Bayer Leverkusen,VfB Stuttgart,1,4,1.98318,2.68822,15.428571428571429,12.592592592592593,0.8753000000000001,1.9061,STATUS_FULL_TIME
Bundesliga,2025-2026,2026-01-10 14:30:00,FC Heidenheim,FC Cologne,2,2,2.14635,2.75624,12.9375,36.125,0.9954999999999999,1.7866000000000002,STATUS_FULL_TIME
Bundesliga,2025-2026,2026-01-10 14:30:00,Freiburg,Hamburger SV,2,1,2.93517,0.850812,9.272727272727273,29.555555555555557,2.7062,0.2006,STATUS_FULL_TIME
Bundesliga,2025-2026,2026-01-10 14:30:00,Union Berlin,Mainz 05,2,2,3.6505,1.56492,9.789473684210526,15.6875,2.6060999999999996,0.2811,STATUS_FULL_TIME
Bundesliga,2025-2026,2026-01-11 16:30:00,Bayern Munich,Wolfsburg,8,1,3.54931,1.08515,11.11111111111111,18.565217391304348,2.7442,0.1762,STATUS_FULL_TIME
Bundesliga,2025-2026,2026-01-11 14:30:00,Borussia M.Gladbach,Augsburg,4,0,3.57201,1.57502,11.416666666666666,10.472222222222221,2.6052999999999997,0.2815,STATUS_FULL_TIME
Bundesliga,2025-2026,2026-01-13 19:30:00,Borussia Dortmund,Werder Bremen,3,0,2.31769,0.39948,12.633333333333333,15.277777777777779,2.6883,0.19619999999999999,STATUS_FULL_TIME
Bundesliga,2025-2026,2026-01-13 19:30:00,Mainz 05,FC Heidenheim,2,1,1.95686,1.23557,13.285714285714286,8.8,1.9043,0.8483,STATUS_FULL_TIME
Bundesliga,2025-2026,2026-01-13 17:30:00,VfB Stuttgart,Eintracht Frankfurt,3,2,3.54461,0.896468,9.789473684210526,9.464285714285714,2.7759,0.1548,STATUS_FULL_TIME
Bundesliga,2025-2026,2026-01-14 19:30:00,FC Cologne,Bayern Munich,1,3,0.714659,2.11635,24.11764705882353,7.588235294117647,0.42410000000000003,2.3963,STATUS_FULL_TIME
Bundesliga,2025-2026,2026-01-14 19:30:00,Hoffenheim,Borussia M.Gladbach,5,1,4.3777,0.83294,7.269230769230769,20.63157894736842,2.9149000000000003,0.05499999999999999,STATUS_FULL_TIME
Bundesliga,2025-2026,2026-01-14 19:30:00,RasenBallsport Leipzig,Freiburg,2,0,2.80289,0.147682,12.466666666666667,11.344827586206897,2.8859,0.0668,STATUS_FULL_TIME
Bundesliga,2025-2026,2026-01-14 17:30:00,Wolfsburg,St. Pauli,2,1,1.78032,1.21171,10.818181818181818,53.857142857142854,1.8627000000000002,0.7857000000000001,STATUS_FULL_TIME
Bundesliga,2025-2026,2026-01-15 19:30:00,Augsburg,Union Berlin,1,1,0.559529,1.73831,20.928571428571427,8.814814814814815,0.46969999999999995,2.3230999999999997,STATUS_FULL_TIME
Bundesliga,2025-2026,2026-01-16 19:30:00,Werder Bremen,Eintracht Frankfurt,3,3,2.10111,1.20772,10.529411764705882,10.76923076923077,2.0233,0.7453000000000001,STATUS_FULL_TIME
Bundesliga,2025-2026,2026-01-17 14:30:00,Borussia Dortmund,St. Pauli,3,2,2.5477,0.532613,9.947368421052632,24.5,2.7103,0.1897,STATUS_FULL_TIME
Bundesliga,2025-2026,2026-01-17 14:30:00,FC Cologne,Mainz 05,2,1,2.41277,1.91073,6.25,18.0,1.7123,1.0433,STATUS_FULL_TIME
Bundesliga,2025-2026,2026-01-17 14:30:00,Hamburger SV,Borussia M.Gladbach,0,0,1.26205,0.576522,11.090909090909092,14.083333333333334,1.916,0.7768999999999999,STATUS_FULL_TIME
Bundesliga,2025-2026,2026-01-17 14:30:00,Hoffenheim,Bayer Leverkusen,1,0,2.11995,1.27048,11.064516129032258,10.0,1.9893,0.768,STATUS_FULL_TIME
Bundesliga,2025-2026,2026-01-17 17:30:00,RasenBallsport Leipzig,Bayern Munich,1,5,2.86917,4.65226,23.875,12.166666666666666,0.517,2.3512000000000004,STATUS_FULL_TIME
Bundesliga,2025-2026,2026-01-17 14:30:00,Wolfsburg,FC Heidenheim,1,1,1.07653,0.991172,6.833333333333333,23.6875,1.4056,1.2753999999999999,STATUS_FULL_TIME
Bundesliga,2025-2026,2026-01-18 16:30:00,Augsburg,Freiburg,2,2,0.986653,1.59107,14.823529411764707,6.25,0.8369,1.8791,STATUS_FULL_TIME
Bundesliga,2025-2026,2026-01-18 14:30:00,VfB Stuttgart,Union Berlin,1,1,2.1978,1.88763,16.545454545454547,11.869565217391305,1.6246,1.1422,STATUS_FULL_TIME
Bundesliga,2025-2026,2026-01-23 19:30:00,St. Pauli,Hamburger SV,0,0,0.311991,0.333197,22.27777777777778,11.181818181818182,1.1592,1.2603,STATUS_FULL_TIME
Bundesliga,2025-2026,2026-01-24 14:30:00,Bayer Leverkusen,Werder Bremen,1,0,2.51599,0.673986,19.41176470588235,10.931034482758621,2.6257,0.2593,STATUS_FULL_TIME
Bundesliga,2025-2026,2026-01-24 14:30:00,Bayern Munich,Augsburg,1,2,2.30773,1.24551,6.285714285714286,41.833333333333336,2.1337,0.6565,STATUS_FULL_TIME
Bundesliga,2025-2026,2026-01-24 14:30:00,Eintracht Frankfurt,Hoffenheim,1,3,0.829658,1.62813,14.65,6.9714285714285715,0.7291,2.0265999999999997,STATUS_FULL_TIME
Bundesliga,2025-2026,2026-01-24 14:30:00,FC Heidenheim,RasenBallsport Leipzig,0,3,0.987658,2.07675,28.75,4.107142857142857,0.5707,2.212,STATUS_FULL_TIME
Bundesliga,2025-2026,2026-01-24 14:30:00,Mainz 05,Wolfsburg,3,1,4.34199,1.09338,8.666666666666666,14.0,2.9189000000000003,0.0503,STATUS_FULL_TIME
Bundesliga,2025-2026,2026-01-24 17:30:00,Union Berlin,Borussia Dortmund,0,3,0.989732,2.27286,6.954545454545454,12.6875,0.4887,2.3277,STATUS_FULL_TIME
Bundesliga,2025-2026,2026-01-25 14:30:00,Borussia M.Gladbach,VfB Stuttgart,0,3,1.22197,2.72682,16.625,10.538461538461538,0.4347000000000001,2.3943,STATUS_FULL_TIME
Bundesliga,2025-2026,2026-01-25 16:30:00,Freiburg,FC Cologne,2,1,2.56728,1.69119,16.571428571428573,15.333333333333334,2.0220000000000002,0.7764,STATUS_FULL_TIME
Bundesliga,2025-2026,2026-01-27 19:30:00,St. Pauli,RasenBallsport Leipzig,1,1,1.33165,2.05989,13.807692307692308,13.772727272727273,0.8,1.9403000000000001,STATUS_FULL_TIME
Bundesliga,2025-2026,2026-01-27 19:30:00,Werder Bremen,Hoffenheim,0,2,1.42692,0.567567,15.727272727272727,14.1,2.0571,0.6891,STATUS_FULL_TIME
Bundesliga,2025-2026,2026-01-30 19:30:00,FC Cologne,Wolfsburg,1,0,1.43559,1.34631,13.894736842105264,4.6,1.4458000000000002,1.2832,STATUS_FULL_TIME
Bundesliga,2025-2026,2026-01-31 14:30:00,Augsburg,St. Pauli,2,1,2.11699,2.88611,20.4375,8.033333333333333,0.8924000000000001,1.8991999999999998,STATUS_FULL_TIME
Bundesliga,2025-2026,2026-01-31 14:30:00,Eintracht Frankfurt,Bayer Leverkusen,1,3,1.31849,1.52952,14.411764705882353,15.210526315789474,1.1791999999999998,1.5314,STATUS_FULL_TIME
Bundesliga,2025-2026,2026-01-31 17:30:00,Hamburger SV,Bayern Munich,2,2,2.64497,2.28911,17.7,8.526315789473685,1.6573,1.1053,STATUS_FULL_TIME
Bundesliga,2025-2026,2026-01-31 14:30:00,Hoffenheim,Union Berlin,3,1,1.50682,1.23275,6.05,11.434782608695652,1.6297,1.0816,STATUS_FULL_TIME
Bundesliga,2025-2026,2026-01-31 14:30:00,RasenBallsport Leipzig,Mainz 05,1,2,2.09422,2.57678,12.166666666666666,12.59375,1.0147,1.7473,STATUS_FULL_TIME
Bundesliga,2025-2026,2026-01-31 14:30:00,Werder Bremen,Borussia M.Gladbach,1,1,0.991152,1.25715,5.75,15.380952380952381,1.0837,1.6246,STATUS_FULL_TIME
Bundesliga,2025-2026,2026-02-01 16:30:00,Borussia Dortmund,FC Heidenheim,3,2,4.13897,3.04324,5.285714285714286,13.529411764705882,2.0357,0.7802,STATUS_FULL_TIME
Bundesliga,2025-2026,2026-02-01 14:30:00,VfB Stuttgart,Freiburg,1,0,2.95203,0.936187,4.125,9.2,2.6184,0.2703,STATUS_FULL_TIME
Bundesliga,2025-2026,2026-02-06 19:30:00,Union Berlin,Eintracht Frankfurt,1,1,1.27118,0.296813,18.681818181818183,6.916666666666667,2.3667,0.3918,STATUS_FULL_TIME
Bundesliga,2025-2026,2026-02-07 17:30:00,Borussia M.Gladbach,Bayer Leverkusen,1,1,0.783478,0.741257,25.529411764705884,13.590909090909092,1.3769999999999998,1.2474,STATUS_FULL_TIME
Bundesliga,2025-2026,2026-02-07 14:30:00,FC Heidenheim,Hamburger SV,0,2,1.04614,1.55106,11.25,14.5,0.9401999999999999,1.7874,STATUS_FULL_TIME
Bundesliga,2025-2026,2026-02-07 14:30:00,Freiburg,Werder Bremen,1,0,0.36452,1.12332,15.058823529411764,4.607142857142857,0.6156999999999999,2.0782,STATUS_FULL_TIME
Bundesliga,2025-2026,2026-02-07 14:30:00,Mainz 05,Augsburg,2,0,3.00656,1.35939,14.727272727272727,9.0,2.4712,0.3853,STATUS_FULL_TIME
Bundesliga,2025-2026,2026-02-07 14:30:00,St. Pauli,VfB Stuttgart,2,1,1.66217,0.912627,27.666666666666668,10.0,1.9923,0.7473000000000001,STATUS_FULL_TIME
Bundesliga,2025-2026,2026-02-07 14:30:00,Wolfsburg,Borussia Dortmund,1,2,2.02751,1.70601,11.0,8.277777777777779,1.6153,1.1421999999999999,STATUS_FULL_TIME
Bundesliga,2025-2026,2026-02-08 16:30:00,Bayern Munich,Hoffenheim,5,1,6.37827,2.66829,8.096774193548388,13.117647058823529,2.8608,0.1011,STATUS_FULL_TIME
Bundesliga,2025-2026,2026-02-08 14:30:00,FC Cologne,RasenBallsport Leipzig,1,2,1.12167,3.0577,9.24,7.909090909090909,0.3111,2.5683,STATUS_FULL_TIME
Bundesliga,2025-2026,2026-02-13 19:30:00,Borussia Dortmund,Mainz 05,4,0,1.81026,1.67199,15.0,23.214285714285715,1.4161000000000001,1.3072,STATUS_FULL_TIME
Bundesliga,2025-2026,2026-02-14 14:30:00,Bayer Leverkusen,St. Pauli,4,0,2.26044,0.654783,13.235294117647058,26.05,2.5293,0.321,STATUS_FULL_TIME
Bundesliga,2025-2026,2026-02-14 14:30:00,Eintracht Frankfurt,Borussia M.Gladbach,3,0,1.98736,1.03155,11.24,11.125,2.081,0.707,STATUS_FULL_TIME
Bundesliga,2025-2026,2026-02-14 14:30:00,Hamburger SV,Union Berlin,3,2,2.20339,2.18966,10.125,12.789473684210526,1.3563,1.3982999999999999,STATUS_FULL_TIME
Bundesliga,2025-2026,2026-02-14 14:30:00,Hoffenheim,Freiburg,3,0,1.90052,0.744054,8.8,21.714285714285715,2.2611999999999997,0.5314,STATUS_FULL_TIME
Bundesliga,2025-2026,2026-02-14 17:30:00,VfB Stuttgart,FC Cologne,3,1,2.56266,1.13246,10.9375,12.15,2.3451000000000004,0.4827,STATUS_FULL_TIME
Bundesliga,2025-2026,2026-02-14 14:30:00,Werder Bremen,Bayern Munich,0,3,0.77965,1.87713,13.774193548387096,11.157894736842104,0.5313,2.2593,STATUS_FULL_TIME
Bundesliga,2025-2026,2026-02-15 14:30:00,Augsburg,FC Heidenheim,1,0,1.87679,0.697774,14.947368421052632,11.0,2.3775,0.43410000000000004,STATUS_FULL_TIME
Bundesliga,2025-2026,2026-02-15 16:30:00,RasenBallsport Leipzig,Wolfsburg,2,2,2.51087,0.687761,11.875,17.94736842105263,2.5604999999999998,0.30479999999999996,STATUS_FULL_TIME
Bundesliga,2025-2026,2026-02-20 19:30:00,Mainz 05,Hamburger SV,1,1,1.75215,0.823398,11.75,8.666666666666666,2.1144,0.6525,STATUS_FULL_TIME
Bundesliga,2025-2026,2026-02-21 14:30:00,Bayern Munich,Eintracht Frankfurt,3,2,2.83518,2.29258,13.423076923076923,16.6875,1.7048999999999999,1.0602,STATUS_FULL_TIME
Bundesliga,2025-2026,2026-02-21 14:30:00,FC Cologne,Hoffenheim,2,2,1.12252,1.8243,25.727272727272727,7.352941176470588,0.8499,1.9035,STATUS_FULL_TIME
Bundesliga,2025-2026,2026-02-21 17:30:00,RasenBallsport Leipzig,Borussia Dortmund,2,2,3.50934,1.35347,11.764705882352942,13.0,2.6228,0.275,STATUS_FULL_TIME
Bundesliga,2025-2026,2026-02-21 14:30:00,Union Berlin,Bayer Leverkusen,1,0,0.757702,1.20274,16.928571428571427,9.6875,0.9501,1.7403,STATUS_FULL_TIME
Bundesliga,2025-2026,2026-02-21 14:30:00,Wolfsburg,Augsburg,2,3,2.17584,1.56427,11.421052631578947,14.181818181818182,1.8725,0.8804,STATUS_FULL_TIME
Bundesliga,2025-2026,2026-02-22 18:30:00,FC Heidenheim,VfB Stuttgart,3,3,2.21575,2.27505,19.764705882352942,9.277777777777779,1.3766,1.3592,STATUS_FULL_TIME
Bundesliga,2025-2026,2026-02-22 14:30:00,Freiburg,Borussia M.Gladbach,2,1,1.29234,1.02855,13.26086956521739,10.0,1.5742,1.1014,STATUS_FULL_TIME
Bundesliga,2025-2026,2026-02-22 16:30:00,St. Pauli,Werder Bremen,2,1,0.260698,1.61141,32.6,10.818181818181818,0.2873,2.5378999999999996,STATUS_FULL_TIME
Bundesliga,2025-2026,2026-02-27 19:30:00,Augsburg,FC Cologne,2,0,1.55844,0.492698,10.344827586206897,18.076923076923077,2.2977,0.4746,STATUS_FULL_TIME
Bundesliga,2025-2026,2026-02-28 14:30:00,Bayer Leverkusen,Mainz 05,1,1,1.94817,0.9714,12.058823529411764,16.25925925925926,2.1935000000000002,0.5864,STATUS_FULL_TIME
Bundesliga,2025-2026,2026-02-28 17:30:00,Borussia Dortmund,Bayern Munich,2,3,1.39761,1.89016,11.379310344827585,4.92,0.978,1.7622000000000002,STATUS_FULL_TIME
Bundesliga,2025-2026,2026-02-28 14:30:00,Borussia M.Gladbach,Union Berlin,1,0,2.56014,0.137598,12.5,9.68,2.8978,0.058,STATUS_FULL_TIME
Bundesliga,2025-2026,2026-02-28 14:30:00,Hoffenheim,St. Pauli,0,1,2.57411,0.946504,5.7407407407407405,46.714285714285715,2.4555000000000002,0.38849999999999996,STATUS_FULL_TIME
Bundesliga,2025-2026,2026-02-28 14:30:00,Werder Bremen,FC Heidenheim,2,0,3.47889,1.70919,11.904761904761905,12.88888888888889,2.4202,0.4402,STATUS_FULL_TIME
Bundesliga,2025-2026,2026-03-01 16:30:00,Eintracht Frankfurt,Freiburg,2,0,1.67095,0.64193,11.0,13.296296296296296,2.2137,0.5457,STATUS_FULL_TIME
Bundesliga,2025-2026,2026-03-01 18:30:00,Hamburger SV,RasenBallsport Leipzig,1,2,0.820585,2.28997,18.857142857142858,10.571428571428571,0.3599,2.4631999999999996,STATUS_FULL_TIME
Bundesliga,2025-2026,2026-03-01 14:30:00,VfB Stuttgart,Wolfsburg,4,0,2.95189,0.865739,21.666666666666668,12.333333333333334,2.6086,0.2788,STATUS_FULL_TIME
Bundesliga,2025-2026,2026-03-04 19:30:00,Hamburger SV,Bayer Leverkusen,0,1,1.28692,2.67874,12.91304347826087,5.787878787878788,0.4557,2.3661,STATUS_FULL_TIME
Bundesliga,2025-2026,2026-03-06 19:30:00,Bayern Munich,Borussia M.Gladbach,4,1,3.11976,1.21993,9.0,32.18181818181818,2.5879,0.2884,STATUS_FULL_TIME
Bundesliga,2025-2026,2026-03-07 17:30:00,FC Cologne,Borussia Dortmund,1,2,0.96405,1.9574,17.88888888888889,9.238095238095237,0.6715,2.1174999999999997,STATUS_FULL_TIME
Bundesliga,2025-2026,2026-03-07 14:30:00,FC Heidenheim,Hoffenheim,2,4,0.966678,2.79383,11.947368421052632,9.19047619047619,0.2281,2.6482,STATUS_FULL_TIME
Bundesliga,2025-2026,2026-03-07 14:30:00,Freiburg,Bayer Leverkusen,3,3,2.58409,2.1863,14.45,11.619047619047619,1.6516000000000002,1.1116000000000001,STATUS_FULL_TIME
Bundesliga,2025-2026,2026-03-07 14:30:00,Mainz 05,VfB Stuttgart,2,2,3.52523,0.920068,24.846153846153847,10.133333333333333,2.7774,0.15360000000000001,STATUS_FULL_TIME
Bundesliga,2025-2026,2026-03-07 14:30:00,RasenBallsport Leipzig,Augsburg,2,1,2.19435,3.6651,14.0,32.375,0.5819,2.261,STATUS_FULL_TIME
Bundesliga,2025-2026,2026-03-07 14:30:00,Wolfsburg,Hamburger SV,1,2,2.46612,1.80445,9.476190476190476,18.5,1.8760999999999999,0.8591,STATUS_FULL_TIME
Bundesliga,2025-2026,2026-03-08 14:30:00,St. Pauli,Eintracht Frankfurt,0,0,0.472285,0.451537,24.764705882352942,5.2727272727272725,1.2629000000000001,1.2524000000000002,STATUS_FULL_TIME
Bundesliga,2025-2026,2026-03-08 16:30:00,Union Berlin,Werder Bremen,1,4,1.12998,2.23984,43.3,6.8125,0.5366,2.2325,STATUS_FULL_TIME
Bundesliga,2025-2026,2026-03-13 19:30:00,Borussia M.Gladbach,St. Pauli,2,0,1.08342,0.628713,23.153846153846153,14.61111111111111,1.7550999999999999,0.9157,STATUS_FULL_TIME
Bundesliga,2025-2026,2026-03-14 14:30:00,Bayer Leverkusen,Bayern Munich,1,1,2.65255,1.26817,12.25,11.0,2.2891,0.5338,STATUS_FULL_TIME
Bundesliga,2025-2026,2026-03-14 14:30:00,Borussia Dortmund,Augsburg,2,0,2.49053,0.755745,9.833333333333334,24.857142857142858,2.5536,0.306,STATUS_FULL_TIME
Bundesliga,2025-2026,2026-03-14 14:30:00,Eintracht Frankfurt,FC Heidenheim,1,0,0.725159,0.136174,14.416666666666666,20.42105263157895,1.9125999999999999,0.6367,STATUS_FULL_TIME
Bundesliga,2025-2026,2026-03-14 17:30:00,Hamburger SV,FC Cologne,1,1,0.556493,0.984168,18.5625,12.333333333333334,0.8543000000000001,1.7797999999999998,STATUS_FULL_TIME
Bundesliga,2025-2026,2026-03-14 14:30:00,Hoffenheim,Wolfsburg,1,1,2.23813,0.221431,6.105263157894737,22.0,2.8014,0.11549999999999999,STATUS_FULL_TIME
Bundesliga,2025-2026,2026-03-15 16:30:00,Freiburg,Union Berlin,0,1,1.34508,1.0006,6.166666666666667,14.4,1.5914,1.0985,STATUS_FULL_TIME
Bundesliga,2025-2026,2026-03-15 18:30:00,VfB Stuttgart,RasenBallsport Leipzig,1,0,1.93167,1.12178,7.125,9.038461538461538,1.9848,0.7794,STATUS_FULL_TIME
Bundesliga,2025-2026,2026-03-15 14:30:00,Werder Bremen,Mainz 05,0,2,0.890006,2.05621,9.6875,24.1875,0.5565,2.2494,STATUS_FULL_TIME
Bundesliga,2025-2026,2026-03-20 19:30:00,RasenBallsport Leipzig,Hoffenheim,5,0,2.90699,0.521404,14.578947368421053,9.0,2.815,0.1216,STATUS_FULL_TIME
Bundesliga,2025-2026,2026-03-21 14:30:00,Bayern Munich,Union Berlin,4,0,5.93389,0.224572,9.071428571428571,23.941176470588236,2.9976,0.0012,STATUS_FULL_TIME
Bundesliga,2025-2026,2026-03-21 17:30:00,Borussia Dortmund,Hamburger SV,3,2,6.10187,1.23049,6.08,21.3,2.9829999999999997,0.0112,STATUS_FULL_TIME
Bundesliga,2025-2026,2026-03-21 14:30:00,FC Cologne,Borussia M.Gladbach,3,3,1.29293,1.08153,10.083333333333334,14.266666666666667,1.5298,1.1536,STATUS_FULL_TIME
Bundesliga,2025-2026,2026-03-21 14:30:00,FC Heidenheim,Bayer Leverkusen,3,3,1.73738,1.96287,15.38888888888889,10.65,1.2134,1.5188,STATUS_FULL_TIME
Bundesliga,2025-2026,2026-03-21 14:30:00,Wolfsburg,Werder Bremen,0,1,1.05686,0.414924,7.125,31.11111111111111,1.9457000000000002,0.7253000000000001,STATUS_FULL_TIME
Bundesliga,2025-2026,2026-03-22 18:30:00,Augsburg,VfB Stuttgart,2,5,1.59097,3.87094,14.826086956521738,9.88888888888889,0.23859999999999998,2.665,STATUS_FULL_TIME
Bundesliga,2025-2026,2026-03-22 14:30:00,Mainz 05,Eintracht Frankfurt,2,1,1.38387,1.71748,23.38888888888889,13.777777777777779,1.1195,1.5995,STATUS_FULL_TIME
Bundesliga,2025-2026,2026-03-22 16:30:00,St. Pauli,Freiburg,1,2,1.39653,2.74421,16.0,15.428571428571429,0.5226999999999999,2.2999,STATUS_FULL_TIME
Bundesliga,2025-2026,2026-04-04 13:30:00,Bayer Leverkusen,Wolfsburg,6,3,4.59518,2.54712,9.8,22.0,2.5216,0.36429999999999996,STATUS_FULL_TIME
Bundesliga,2025-2026,2026-04-04 13:30:00,Borussia M.Gladbach,FC Heidenheim,2,2,1.09174,0.883368,13.541666666666666,13.32,1.552,1.1278,STATUS_FULL_TIME
Bundesliga,2025-2026,2026-04-04 13:30:00,Freiburg,Bayern Munich,2,3,2.04585,2.49116,11.392857142857142,5.68,1.0534000000000001,1.7182,STATUS_FULL_TIME
Bundesliga,2025-2026,2026-04-04 13:30:00,Hamburger SV,Augsburg,1,1,1.53108,2.57589,7.875,16.285714285714285,0.7242,2.0868,STATUS_FULL_TIME
Bundesliga,2025-2026,2026-04-04 13:30:00,Hoffenheim,Mainz 05,1,2,1.51732,2.22893,5.884615384615385,23.90909090909091,0.7981,1.9551999999999998,STATUS_FULL_TIME
Bundesliga,2025-2026,2026-04-04 16:30:00,VfB Stuttgart,Borussia Dortmund,0,2,0.553248,0.76449,7.304347826086956,18.647058823529413,1.0386,1.5758999999999999,STATUS_FULL_TIME
Bundesliga,2025-2026,2026-04-04 13:30:00,Werder Bremen,RasenBallsport Leipzig,1,2,0.898486,1.61345,9.25,16.272727272727273,0.8017000000000001,1.9596999999999998,STATUS_FULL_TIME
Bundesliga,2025-2026,2026-04-05 15:30:00,Eintracht Frankfurt,FC Cologne,2,2,2.16998,3.09815,10.0,25.928571428571427,0.794,2.0086999999999997,STATUS_FULL_TIME
Bundesliga,2025-2026,2026-04-05 13:30:00,Union Berlin,St. Pauli,1,1,1.78288,0.325477,7.791666666666667,17.642857142857142,2.5116,0.3174,STATUS_FULL_TIME
Bundesliga,2025-2026,2026-04-10 18:30:00,Augsburg,Hoffenheim,2,2,2.67199,1.43152,43.42857142857143,4.137931034482759,2.2237,0.5916999999999999,STATUS_FULL_TIME
Bundesliga,2025-2026,2026-04-11 13:30:00,Borussia Dortmund,Bayer Leverkusen,0,1,1.01423,0.728586,22.333333333333332,21.923076923076923,1.5653,1.0958,STATUS_FULL_TIME
Bundesliga,2025-2026,2026-04-11 13:30:00,FC Heidenheim,Union Berlin,3,1,2.11247,1.11885,8.173913043478262,8.5,2.1609000000000003,0.6282,STATUS_FULL_TIME
Bundesliga,2025-2026,2026-04-11 13:30:00,RasenBallsport Leipzig,Borussia M.Gladbach,1,0,2.56843,1.66258,10.956521739130435,20.272727272727273,1.9796,0.8078,STATUS_FULL_TIME
Bundesliga,2025-2026,2026-04-11 16:30:00,St. Pauli,Bayern Munich,0,5,0.355983,4.15447,60.77777777777778,7.954545454545454,0.0275,2.9518999999999997,STATUS_FULL_TIME
Bundesliga,2025-2026,2026-04-11 13:30:00,Wolfsburg,Eintracht Frankfurt,1,2,2.26232,1.38694,12.631578947368421,14.25,1.9873000000000003,0.7872999999999999,STATUS_FULL_TIME
Bundesliga,2025-2026,2026-04-12 13:30:00,FC Cologne,Werder Bremen,3,1,3.90871,0.870139,8.125,17.0,2.9261,0.0437,STATUS_FULL_TIME
Bundesliga,2025-2026,2026-04-12 17:30:00,Mainz 05,Freiburg,0,1,0.458085,0.538882,10.285714285714286,10.3125,1.1888,1.3583,STATUS_FULL_TIME
Bundesliga,2025-2026,2026-04-12 15:30:00,VfB Stuttgart,Hamburger SV,4,0,3.8645,0.417554,6.296296296296297,14.55,2.9269000000000003,0.0451,STATUS_FULL_TIME
Bundesliga,2025-2026,2026-04-17 18:30:00,St. Pauli,FC Cologne,1,1,2.2798,1.26761,20.833333333333332,16.928571428571427,2.1436,0.6343,STATUS_FULL_TIME
Bundesliga,2025-2026,2026-04-18 13:30:00,Bayer Leverkusen,Augsburg,1,2,3.73107,1.29743,7.352941176470588,29.333333333333332,2.6809,0.22449999999999998,STATUS_FULL_TIME
Bundesliga,2025-2026,2026-04-18 16:30:00,Eintracht Frankfurt,RasenBallsport Leipzig,1,3,1.40341,2.02122,8.346153846153847,8.88,0.9603999999999999,1.8031,STATUS_FULL_TIME
Bundesliga,2025-2026,2026-04-18 13:30:00,Hoffenheim,Borussia Dortmund,2,1,2.22458,1.28292,12.588235294117647,14.25,2.1567,0.6111,STATUS_FULL_TIME
Bundesliga,2025-2026,2026-04-18 13:30:00,Union Berlin,Wolfsburg,1,2,2.38881,0.23493,8.916666666666666,11.35,2.7461,0.1505,STATUS_FULL_TIME
Bundesliga,2025-2026,2026-04-18 13:30:00,Werder Bremen,Hamburger SV,3,1,1.60257,0.914249,8.434782608695652,13.947368421052632,1.9123999999999999,0.8267,STATUS_FULL_TIME
Bundesliga,2025-2026,2026-04-19 15:30:00,Bayern Munich,VfB Stuttgart,4,2,5.11014,1.26038,9.0,36.0,2.9159,0.056299999999999996,STATUS_FULL_TIME
Bundesliga,2025-2026,2026-04-19 17:30:00,Borussia M.Gladbach,Mainz 05,1,1,1.11134,2.46195,15.529411764705882,12.578947368421053,0.4989,2.3199,STATUS_FULL_TIME
Bundesliga,2025-2026,2026-04-19 13:30:00,Freiburg,FC Heidenheim,2,1,2.13766,1.74426,12.0,12.5625,1.639,1.1254,STATUS_FULL_TIME
Bundesliga,2025-2026,2026-04-24 18:30:00,RasenBallsport Leipzig,Union Berlin,3,1,4.53545,0.372365,15.5,19.55,2.9793,0.0126,STATUS_FULL_TIME
Bundesliga,2025-2026,2026-04-25 13:30:00,Augsburg,Eintracht Frankfurt,1,1,2.13872,0.854238,13.1,4.678571428571429,2.3017,0.517,STATUS_FULL_TIME
Bundesliga,2025-2026,2026-04-25 13:30:00,FC Cologne,Bayer Leverkusen,1,2,3.49945,1.85749,21.055555555555557,17.928571428571427,2.3526000000000002,0.4899,STATUS_FULL_TIME
Bundesliga,2025-2026,2026-04-25 13:30:00,FC Heidenheim,St. Pauli,2,0,2.17234,1.17753,13.6,10.909090909090908,2.1298,0.6526,STATUS_FULL_TIME
Bundesliga,2025-2026,2026-04-25 16:30:00,Hamburger SV,Hoffenheim,1,2,1.48261,2.42862,11.894736842105264,5.193548387096774,0.7349999999999999,2.0487,STATUS_FULL_TIME
Bundesliga,2025-2026,2026-04-25 13:30:00,Mainz 05,Bayern Munich,3,4,3.22403,2.36194,20.5625,6.142857142857143,1.9802000000000002,0.8141,STATUS_FULL_TIME
Bundesliga,2025-2026,2026-04-25 13:30:00,Wolfsburg,Borussia M.Gladbach,0,0,1.61116,0.473153,15.476190476190476,12.1875,2.2736000000000005,0.4961,STATUS_FULL_TIME
Bundesliga,2025-2026,2026-04-26 15:30:00,Borussia Dortmund,Freiburg,4,0,3.09306,0.496971,7.9655172413793105,11.28,2.8345000000000002,0.10569999999999999,STATUS_FULL_TIME
Bundesliga,2025-2026,2026-04-26 13:30:00,VfB Stuttgart,Werder Bremen,1,1,1.99681,0.958992,6.884615384615385,26.0,2.115,0.6684,STATUS_FULL_TIME
Bundesliga,2025-2026,2026-05-02 16:30:00,Bayer Leverkusen,RasenBallsport Leipzig,4,1,5.41733,1.49733,10.842105263157896,15.3,2.9135,0.059,STATUS_FULL_TIME
Bundesliga,2025-2026,2026-05-02 13:30:00,Bayern Munich,FC Heidenheim,3,3,1.87973,2.48197,7.461538461538462,23.0,0.8864,1.8724999999999998,STATUS_FULL_TIME
Bundesliga,2025-2026,2026-05-02 13:30:00,Eintracht Frankfurt,Hamburger SV,1,2,0.992322,0.627209,6.6,31.22222222222222,1.6466,1.0073,STATUS_FULL_TIME
Bundesliga,2025-2026,2026-05-02 13:30:00,Hoffenheim,VfB Stuttgart,3,3,2.6399,1.76153,10.090909090909092,14.0,1.9964999999999997,0.7893000000000001,STATUS_FULL_TIME
Bundesliga,2025-2026,2026-05-02 13:30:00,Union Berlin,FC Cologne,2,2,0.887532,1.6958,14.307692307692308,12.88888888888889,0.6979,2.0500000000000003,STATUS_FULL_TIME
Bundesliga,2025-2026,2026-05-02 13:30:00,Werder Bremen,Augsburg,1,3,0.814452,3.23625,5.225806451612903,52.857142857142854,0.17220000000000002,2.7477,STATUS_FULL_TIME
Bundesliga,2025-2026,2026-05-03 15:30:00,Borussia M.Gladbach,Borussia Dortmund,1,0,2.68245,0.4281,9.966666666666667,10.838709677419354,2.7703,0.1501,STATUS_FULL_TIME
Bundesliga,2025-2026,2026-05-03 17:30:00,Freiburg,Wolfsburg,1,1,0.947988,1.11086,12.6,10.827586206896552,1.2214,1.4487999999999999,STATUS_FULL_TIME
Bundesliga,2025-2026,2026-05-03 13:30:00,St. Pauli,Mainz 05,1,2,1.08664,2.80672,16.352941176470587,20.642857142857142,0.3917,2.4701,STATUS_FULL_TIME
Bundesliga,2025-2026,2026-05-08 18:30:00,Borussia Dortmund,Eintracht Frankfurt,3,2,2.94988,0.942523,9.6875,16.4,2.6484,0.23520000000000002,STATUS_FULL_TIME
Bundesliga,2025-2026,2026-05-09 13:30:00,Augsburg,Borussia M.Gladbach,3,1,2.80244,1.05493,16.9,7.761904761904762,2.5244999999999997,0.3405,STATUS_FULL_TIME
Bundesliga,2025-2026,2026-05-09 13:30:00,Hoffenheim,Werder Bremen,1,0,1.28965,1.45272,7.1,20.7,1.22,1.5052999999999999,STATUS_FULL_TIME
Bundesliga,2025-2026,2026-05-09 13:30:00,RasenBallsport Leipzig,St. Pauli,2,1,2.32909,0.945954,8.647058823529411,20.636363636363637,2.4375,0.38970000000000005,STATUS_FULL_TIME
Bundesliga,2025-2026,2026-05-09 13:30:00,VfB Stuttgart,Bayer Leverkusen,3,1,3.42891,0.631905,11.6,14.181818181818182,2.8681,0.08199999999999999,STATUS_FULL_TIME
Bundesliga,2025-2026,2026-05-09 16:30:00,Wolfsburg,Bayern Munich,0,1,3.26878,1.9054,21.733333333333334,8.142857142857142,2.2526,0.5816,STATUS_FULL_TIME
Bundesliga,2025-2026,2026-05-10 15:30:00,FC Cologne,FC Heidenheim,1,3,1.51486,2.04489,8.125,30.3,0.9825999999999999,1.7722000000000002,STATUS_FULL_TIME
Bundesliga,2025-2026,2026-05-10 13:30:00,Hamburger SV,Freiburg,3,2,2.02228,0.583605,9.264705882352942,19.76923076923077,2.4757,0.34840000000000004,STATUS_FULL_TIME
Bundesliga,2025-2026,2026-05-10 17:30:00,Mainz 05,Union Berlin,1,3,2.09983,2.94155,13.6,15.933333333333334,0.8922,1.9083,STATUS_FULL_TIME
Bundesliga,2025-2026,2026-05-16 13:30:00,Bayer Leverkusen,Hamburger SV,1,1,3.08571,1.63049,10.863636363636363,33.25,2.2596000000000003,0.5745,STATUS_FULL_TIME
Bundesliga,2025-2026,2026-05-16 13:30:00,Bayern Munich,FC Cologne,5,1,2.81515,0.880203,7.64,29.666666666666668,2.5745999999999998,0.2949,STATUS_FULL_TIME
Bundesliga,2025-2026,2026-05-16 13:30:00,Borussia M.Gladbach,Hoffenheim,4,0,0.845598,1.77286,15.055555555555555,10.173913043478262,0.6293,2.1389000000000005,STATUS_FULL_TIME
Bundesliga,2025-2026,2026-05-16 13:30:00,Eintracht Frankfurt,VfB Stuttgart,2,2,2.99231,1.81013,13.923076923076923,11.227272727272727,2.2186,0.5902000000000001,STATUS_FULL_TIME
Bundesliga,2025-2026,2026-05-16 13:30:00,FC Heidenheim,Mainz 05,0,2,3.03813,3.90834,11.117647058823529,14.411764705882353,0.8765000000000001,1.9295,STATUS_FULL_TIME
Bundesliga,2025-2026,2026-05-16 13:30:00,Freiburg,RasenBallsport Leipzig,4,1,2.54392,1.51341,10.233333333333333,7.793103448275862,2.1231,0.678,STATUS_FULL_TIME
Bundesliga,2025-2026,2026-05-16 13:30:00,St. Pauli,Wolfsburg,1,3,1.98722,4.0649,15.823529411764707,8.7,0.3218,2.5597999999999996,STATUS_FULL_TIME
Bundesliga,2025-2026,2026-05-16 13:30:00,Union Berlin,Augsburg,4,0,2.45125,0.506181,25.0,12.458333333333334,2.714,0.188,STATUS_FULL_TIME
Bundesliga,2025-2026,2026-05-16 13:30:00,Werder Bremen,Borussia Dortmund,0,2,0.530615,3.37413,17.705882352941178,22.6,0.08990000000000001,2.8631,STATUS_FULL_TIME
DFB-Pokal,2025-2026,2025-08-15T16:00Z,FC Gütersloh 2000,1. FC Union Berlin,0,5,,,,,,,STATUS_FULL_TIME
DFB-Pokal,2025-2026,2025-08-15T16:00Z,Saarbrücken,1. FC Magdeburg,1,3,,,,,,,STATUS_FULL_TIME
DFB-Pokal,2025-2026,2025-08-15T16:00Z,SG Sonnenhof Großaspach,Bayer Leverkusen,0,4,,,,,,,STATUS_FULL_TIME
DFB-Pokal,2025-2026,2025-08-15T18:45Z,Arminia Bielefeld,Werder Bremen,1,0,,,,,,,STATUS_FULL_TIME
DFB-Pokal,2025-2026,2025-08-16T11:00Z,BFC Dynamo Berlin,VfL Bochum,1,3,,,,,,,STATUS_FINAL_AET
DFB-Pokal,2025-2026,2025-08-16T11:00Z,FK Pirmasens,Hamburg SV,1,2,,,,,,,STATUS_FINAL_AET
DFB-Pokal,2025-2026,2025-08-16T13:30Z,Bahlinger SC 1929,1. FC Heidenheim 1846,0,5,,,,,,,STATUS_FULL_TIME
DFB-Pokal,2025-2026,2025-08-16T13:30Z,FC Eintracht Norderstedt,St. Pauli,0,0,,,,,,,STATUS_FINAL_PEN
DFB-Pokal,2025-2026,2025-08-16T13:30Z,FV Illertissen,1. FC Nürnberg,3,3,,,,,,,STATUS_FINAL_PEN
DFB-Pokal,2025-2026,2025-08-16T13:30Z,Hansa Rostock,TSG Hoffenheim,0,4,,,,,,,STATUS_FULL_TIME
DFB-Pokal,2025-2026,2025-08-16T13:30Z,Hemelingen,VfL Wolfsburg,0,9,,,,,,,STATUS_FULL_TIME
DFB-Pokal,2025-2026,2025-08-16T13:30Z,SV Sandhausen,RB Leipzig,2,4,,,,,,,STATUS_FULL_TIME
DFB-Pokal,2025-2026,2025-08-16T16:00Z,Energie Cottbus,Hannover 96,1,0,,,,,,,STATUS_FULL_TIME
DFB-Pokal,2025-2026,2025-08-16T16:00Z,Sportfreunde Lotte,SC Freiburg,0,2,,,,,,,STATUS_FULL_TIME
DFB-Pokal,2025-2026,2025-08-16T16:00Z,VfB Lübeck,SV Darmstadt 98,1,2,,,,,,,STATUS_FULL_TIME
DFB-Pokal,2025-2026,2025-08-17T11:00Z,FV Engers 07,Eintracht Frankfurt,0,5,,,,,,,STATUS_FULL_TIME
DFB-Pokal,2025-2026,2025-08-17T11:00Z,Viktoria Köln,SC Paderborn 07,1,3,,,,,,,STATUS_FULL_TIME
DFB-Pokal,2025-2026,2025-08-17T13:30Z,1. FC Lokomotive Leipzig,Schalke 04,0,1,,,,,,,STATUS_FINAL_AET
DFB-Pokal,2025-2026,2025-08-17T13:30Z,Lohne,SpVgg Greuther Fürth,0,2,,,,,,,STATUS_FULL_TIME
DFB-Pokal,2025-2026,2025-08-17T13:30Z,RSV Eintracht,Kaiserslautern,0,7,,,,,,,STATUS_FULL_TIME
DFB-Pokal,2025-2026,2025-08-17T13:30Z,SSV Jahn Regensburg,FC Cologne,1,2,,,,,,,STATUS_FULL_TIME
DFB-Pokal,2025-2026,2025-08-17T13:30Z,SV Atlas Delmenhorst,Borussia Mönchengladbach,2,3,,,,,,,STATUS_FULL_TIME
DFB-Pokal,2025-2026,2025-08-17T13:30Z,ZFC Meuselwitz,Karlsruher SC,0,5,,,,,,,STATUS_FULL_TIME
DFB-Pokal,2025-2026,2025-08-17T16:00Z,FC 08 Homburg,Holstein Kiel,0,2,,,,,,,STATUS_FULL_TIME
DFB-Pokal,2025-2026,2025-08-17T16:00Z,Hallescher FC,FC Augsburg,0,2,,,,,,,STATUS_FULL_TIME
DFB-Pokal,2025-2026,2025-08-17T16:00Z,SSV Ulm 1846,SV Elversberg,0,1,,,,,,,STATUS_FULL_TIME
DFB-Pokal,2025-2026,2025-08-18T16:00Z,1. FC Schweinfurt 05,Fortuna Düsseldorf,2,4,,,,,,,STATUS_FULL_TIME
DFB-Pokal,2025-2026,2025-08-18T16:00Z,Dynamo Dresden,Mainz,0,1,,,,,,,STATUS_FULL_TIME
DFB-Pokal,2025-2026,2025-08-18T16:00Z,Preußen Münster,Hertha Berlin,0,0,,,,,,,STATUS_FINAL_PEN
DFB-Pokal,2025-2026,2025-08-18T18:45Z,Rot-Weiss Essen,Borussia Dortmund,0,1,,,,,,,STATUS_FULL_TIME
DFB-Pokal,2025-2026,2025-08-26T18:45Z,TSV Eintracht Braunschweig,VfB Stuttgart,4,4,,,,,,,STATUS_FINAL_PEN
DFB-Pokal,2025-2026,2025-08-27T18:45Z,SV Wehen Wiesbaden,Bayern Munich,2,3,,,,,,,STATUS_FULL_TIME
DFB-Pokal,2025-2026,2025-10-28T17:30Z,1. FC Heidenheim 1846,Hamburg SV,0,1,,,,,,,STATUS_FULL_TIME
DFB-Pokal,2025-2026,2025-10-28T17:30Z,Eintracht Frankfurt,Borussia Dortmund,1,1,,,,,,,STATUS_FINAL_PEN
DFB-Pokal,2025-2026,2025-10-28T17:30Z,Hertha Berlin,SV Elversberg,3,0,,,,,,,STATUS_FULL_TIME
DFB-Pokal,2025-2026,2025-10-28T17:30Z,VfL Wolfsburg,Holstein Kiel,0,1,,,,,,,STATUS_FULL_TIME
DFB-Pokal,2025-2026,2025-10-28T19:45Z,Borussia Mönchengladbach,Karlsruher SC,3,1,,,,,,,STATUS_FULL_TIME
DFB-Pokal,2025-2026,2025-10-28T19:45Z,Energie Cottbus,RB Leipzig,1,4,,,,,,,STATUS_FULL_TIME
DFB-Pokal,2025-2026,2025-10-28T19:45Z,FC Augsburg,VfL Bochum,0,1,,,,,,,STATUS_FULL_TIME
DFB-Pokal,2025-2026,2025-10-28T19:45Z,St. Pauli,TSG Hoffenheim,2,2,,,,,,,STATUS_FINAL_PEN
DFB-Pokal,2025-2026,2025-10-29T17:00Z,FV Illertissen,1. FC Magdeburg,0,3,,,,,,,STATUS_FULL_TIME
DFB-Pokal,2025-2026,2025-10-29T17:00Z,Mainz,VfB Stuttgart,0,2,,,,,,,STATUS_FULL_TIME
DFB-Pokal,2025-2026,2025-10-29T17:00Z,SC Paderborn 07,Bayer Leverkusen,2,4,,,,,,,STATUS_FINAL_AET
DFB-Pokal,2025-2026,2025-10-29T17:00Z,SpVgg Greuther Fürth,Kaiserslautern,0,1,,,,,,,STATUS_FULL_TIME
DFB-Pokal,2025-2026,2025-10-29T19:45Z,1. FC Union Berlin,Arminia Bielefeld,2,1,,,,,,,STATUS_FINAL_AET
DFB-Pokal,2025-2026,2025-10-29T19:45Z,FC Cologne,Bayern Munich,1,4,,,,,,,STATUS_FULL_TIME
DFB-Pokal,2025-2026,2025-10-29T19:45Z,Fortuna Düsseldorf,SC Freiburg,1,3,,,,,,,STATUS_FULL_TIME
DFB-Pokal,2025-2026,2025-10-29T19:45Z,SV Darmstadt 98,Schalke 04,4,0,,,,,,,STATUS_FULL_TIME
DFB-Pokal,2025-2026,2025-12-02T17:00Z,Borussia Mönchengladbach,St. Pauli,1,2,,,,,,,STATUS_FULL_TIME
DFB-Pokal,2025-2026,2025-12-02T17:00Z,Hertha Berlin,Kaiserslautern,6,1,,,,,,,STATUS_FULL_TIME
DFB-Pokal,2025-2026,2025-12-02T20:00Z,Borussia Dortmund,Bayer Leverkusen,0,1,,,,,,,STATUS_FULL_TIME
DFB-Pokal,2025-2026,2025-12-02T20:00Z,RB Leipzig,1. FC Magdeburg,3,1,,,,,,,STATUS_FULL_TIME
DFB-Pokal,2025-2026,2025-12-03T17:00Z,SC Freiburg,SV Darmstadt 98,2,0,,,,,,,STATUS_FULL_TIME
DFB-Pokal,2025-2026,2025-12-03T17:00Z,VfL Bochum,VfB Stuttgart,0,2,,,,,,,STATUS_FULL_TIME
DFB-Pokal,2025-2026,2025-12-03T19:45Z,1. FC Union Berlin,Bayern Munich,2,3,,,,,,,STATUS_FULL_TIME
DFB-Pokal,2025-2026,2025-12-03T19:45Z,Hamburg SV,Holstein Kiel,1,1,,,,,,,STATUS_FINAL_PEN
DFB-Pokal,2025-2026,2026-02-03T19:45Z,Bayer Leverkusen,St. Pauli,3,0,,,,,,,STATUS_FULL_TIME
DFB-Pokal,2025-2026,2026-02-04T19:45Z,Holstein Kiel,VfB Stuttgart,0,3,,,,,,,STATUS_FULL_TIME
DFB-Pokal,2025-2026,2026-02-10T19:45Z,Hertha Berlin,SC Freiburg,1,1,,,,,,,STATUS_FINAL_PEN
DFB-Pokal,2025-2026,2026-02-11T19:45Z,Bayern Munich,RB Leipzig,2,0,,,,,,,STATUS_FULL_TIME
DFB-Pokal,2025-2026,2026-04-22T18:45Z,Bayer Leverkusen,Bayern Munich,0,2,,,,,,,STATUS_FULL_TIME
DFB-Pokal,2025-2026,2026-04-23T18:45Z,VfB Stuttgart,SC Freiburg,2,1,,,,,,,STATUS_FINAL_AET
DFB-Pokal,2025-2026,2026-05-23T18:00Z,Bayern Munich,VfB Stuttgart,3,0,,,,,,,STATUS_FULL_TIME
Champions League,2025-2026,2025-09-16T16:45Z,Athletic Club,Arsenal,0,2,,,,,,,STATUS_FULL_TIME
Champions League,2025-2026,2025-09-16T16:45Z,PSV Eindhoven,Union St.-Gilloise,1,3,,,,,,,STATUS_FULL_TIME
Champions League,2025-2026,2025-09-16T19:00Z,Benfica,FK Qarabag,2,3,,,,,,,STATUS_FULL_TIME
Champions League,2025-2026,2025-09-16T19:00Z,Juventus,Borussia Dortmund,4,4,,,,,,,STATUS_FULL_TIME
Champions League,2025-2026,2025-09-16T19:00Z,Real Madrid,Marseille,2,1,,,,,,,STATUS_FULL_TIME
Champions League,2025-2026,2025-09-16T19:00Z,Tottenham Hotspur,Villarreal,1,0,,,,,,,STATUS_FULL_TIME
Champions League,2025-2026,2025-09-17T16:45Z,Olympiacos,Pafos,0,0,,,,,,,STATUS_FULL_TIME
Champions League,2025-2026,2025-09-17T16:45Z,Slavia Prague,Bodo/Glimt,2,2,,,,,,,STATUS_FULL_TIME
Champions League,2025-2026,2025-09-17T19:00Z,Ajax Amsterdam,Internazionale,0,2,,,,,,,STATUS_FULL_TIME
Champions League,2025-2026,2025-09-17T19:00Z,Bayern Munich,Chelsea,3,1,,,,,,,STATUS_FULL_TIME
Champions League,2025-2026,2025-09-17T19:00Z,Liverpool,Atlético Madrid,3,2,,,,,,,STATUS_FULL_TIME
Champions League,2025-2026,2025-09-17T19:00Z,Paris Saint-Germain,Atalanta,4,0,,,,,,,STATUS_FULL_TIME
Champions League,2025-2026,2025-09-18T16:45Z,Club Brugge,AS Monaco,4,1,,,,,,,STATUS_FULL_TIME
Champions League,2025-2026,2025-09-18T16:45Z,F.C. København,Bayer Leverkusen,2,2,,,,,,,STATUS_FULL_TIME
Champions League,2025-2026,2025-09-18T19:00Z,Eintracht Frankfurt,Galatasaray,5,1,,,,,,,STATUS_FULL_TIME
Champions League,2025-2026,2025-09-18T19:00Z,Manchester City,Napoli,2,0,,,,,,,STATUS_FULL_TIME
Champions League,2025-2026,2025-09-18T19:00Z,Newcastle United,Barcelona,1,2,,,,,,,STATUS_FULL_TIME
Champions League,2025-2026,2025-09-18T19:00Z,Sporting CP,Kairat Almaty,4,1,,,,,,,STATUS_FULL_TIME
Champions League,2025-2026,2025-09-30T16:45Z,Atalanta,Club Brugge,2,1,,,,,,,STATUS_FULL_TIME
Champions League,2025-2026,2025-09-30T16:45Z,Kairat Almaty,Real Madrid,0,5,,,,,,,STATUS_FULL_TIME
Champions League,2025-2026,2025-09-30T19:00Z,Atlético Madrid,Eintracht Frankfurt,5,1,,,,,,,STATUS_FULL_TIME
Champions League,2025-2026,2025-09-30T19:00Z,Bodo/Glimt,Tottenham Hotspur,2,2,,,,,,,STATUS_FULL_TIME
Champions League,2025-2026,2025-09-30T19:00Z,Chelsea,Benfica,1,0,,,,,,,STATUS_FULL_TIME
Champions League,2025-2026,2025-09-30T19:00Z,Galatasaray,Liverpool,1,0,,,,,,,STATUS_FULL_TIME
Champions League,2025-2026,2025-09-30T19:00Z,Internazionale,Slavia Prague,3,0,,,,,,,STATUS_FULL_TIME
Champions League,2025-2026,2025-09-30T19:00Z,Marseille,Ajax Amsterdam,4,0,,,,,,,STATUS_FULL_TIME
Champions League,2025-2026,2025-09-30T19:00Z,Pafos,Bayern Munich,1,5,,,,,,,STATUS_FULL_TIME
Champions League,2025-2026,2025-10-01T16:45Z,FK Qarabag,F.C. København,2,0,,,,,,,STATUS_FULL_TIME
Champions League,2025-2026,2025-10-01T16:45Z,Union St.-Gilloise,Newcastle United,0,4,,,,,,,STATUS_FULL_TIME
Champions League,2025-2026,2025-10-01T19:00Z,Arsenal,Olympiacos,2,0,,,,,,,STATUS_FULL_TIME
Champions League,2025-2026,2025-10-01T19:00Z,AS Monaco,Manchester City,2,2,,,,,,,STATUS_FULL_TIME
Champions League,2025-2026,2025-10-01T19:00Z,Barcelona,Paris Saint-Germain,1,2,,,,,,,STATUS_FULL_TIME
Champions League,2025-2026,2025-10-01T19:00Z,Bayer Leverkusen,PSV Eindhoven,1,1,,,,,,,STATUS_FULL_TIME
Champions League,2025-2026,2025-10-01T19:00Z,Borussia Dortmund,Athletic Club,4,1,,,,,,,STATUS_FULL_TIME
Champions League,2025-2026,2025-10-01T19:00Z,Napoli,Sporting CP,2,1,,,,,,,STATUS_FULL_TIME
Champions League,2025-2026,2025-10-01T19:00Z,Villarreal,Juventus,2,2,,,,,,,STATUS_FULL_TIME
Champions League,2025-2026,2025-10-21T16:45Z,Barcelona,Olympiacos,6,1,,,,,,,STATUS_FULL_TIME
Champions League,2025-2026,2025-10-21T16:45Z,Kairat Almaty,Pafos,0,0,,,,,,,STATUS_FULL_TIME
Champions League,2025-2026,2025-10-21T19:00Z,Arsenal,Atlético Madrid,4,0,,,,,,,STATUS_FULL_TIME
Champions League,2025-2026,2025-10-21T19:00Z,Bayer Leverkusen,Paris Saint-Germain,2,7,,,,,,,STATUS_FULL_TIME
Champions League,2025-2026,2025-10-21T19:00Z,F.C. København,Borussia Dortmund,2,4,,,,,,,STATUS_FULL_TIME
Champions League,2025-2026,2025-10-21T19:00Z,Newcastle United,Benfica,3,0,,,,,,,STATUS_FULL_TIME
Champions League,2025-2026,2025-10-21T19:00Z,PSV Eindhoven,Napoli,6,2,,,,,,,STATUS_FULL_TIME
Champions League,2025-2026,2025-10-21T19:00Z,Union St.-Gilloise,Internazionale,0,4,,,,,,,STATUS_FULL_TIME
Champions League,2025-2026,2025-10-21T19:00Z,Villarreal,Manchester City,0,2,,,,,,,STATUS_FULL_TIME
Champions League,2025-2026,2025-10-22T16:45Z,Athletic Club,FK Qarabag,3,1,,,,,,,STATUS_FULL_TIME
Champions League,2025-2026,2025-10-22T16:45Z,Galatasaray,Bodo/Glimt,3,1,,,,,,,STATUS_FULL_TIME
Champions League,2025-2026,2025-10-22T19:00Z,AS Monaco,Tottenham Hotspur,0,0,,,,,,,STATUS_FULL_TIME
Champions League,2025-2026,2025-10-22T19:00Z,Atalanta,Slavia Prague,0,0,,,,,,,STATUS_FULL_TIME
Champions League,2025-2026,2025-10-22T19:00Z,Bayern Munich,Club Brugge,4,0,,,,,,,STATUS_FULL_TIME
Champions League,2025-2026,2025-10-22T19:00Z,Chelsea,Ajax Amsterdam,5,1,,,,,,,STATUS_FULL_TIME
Champions League,2025-2026,2025-10-22T19:00Z,Eintracht Frankfurt,Liverpool,1,5,,,,,,,STATUS_FULL_TIME
Champions League,2025-2026,2025-10-22T19:00Z,Real Madrid,Juventus,1,0,,,,,,,STATUS_FULL_TIME
Champions League,2025-2026,2025-10-22T19:00Z,Sporting CP,Marseille,2,1,,,,,,,STATUS_FULL_TIME
Champions League,2025-2026,2025-11-04T17:45Z,Napoli,Eintracht Frankfurt,0,0,,,,,,,STATUS_FULL_TIME
Champions League,2025-2026,2025-11-04T17:45Z,Slavia Prague,Arsenal,0,3,,,,,,,STATUS_FULL_TIME
Champions League,2025-2026,2025-11-04T20:00Z,Atlético Madrid,Union St.-Gilloise,3,1,,,,,,,STATUS_FULL_TIME
Champions League,2025-2026,2025-11-04T20:00Z,Bodo/Glimt,AS Monaco,0,1,,,,,,,STATUS_FULL_TIME
Champions League,2025-2026,2025-11-04T20:00Z,Juventus,Sporting CP,1,1,,,,,,,STATUS_FULL_TIME
Champions League,2025-2026,2025-11-04T20:00Z,Liverpool,Real Madrid,1,0,,,,,,,STATUS_FULL_TIME
Champions League,2025-2026,2025-11-04T20:00Z,Olympiacos,PSV Eindhoven,1,1,,,,,,,STATUS_FULL_TIME
Champions League,2025-2026,2025-11-04T20:00Z,Paris Saint-Germain,Bayern Munich,1,2,,,,,,,STATUS_FULL_TIME
Champions League,2025-2026,2025-11-04T20:00Z,Tottenham Hotspur,F.C. København,4,0,,,,,,,STATUS_FULL_TIME
Champions League,2025-2026,2025-11-05T17:45Z,FK Qarabag,Chelsea,2,2,,,,,,,STATUS_FULL_TIME
Champions League,2025-2026,2025-11-05T17:45Z,Pafos,Villarreal,1,0,,,,,,,STATUS_FULL_TIME
Champions League,2025-2026,2025-11-05T20:00Z,Ajax Amsterdam,Galatasaray,0,3,,,,,,,STATUS_FULL_TIME
Champions League,2025-2026,2025-11-05T20:00Z,Benfica,Bayer Leverkusen,0,1,,,,,,,STATUS_FULL_TIME
Champions League,2025-2026,2025-11-05T20:00Z,Club Brugge,Barcelona,3,3,,,,,,,STATUS_FULL_TIME
Champions League,2025-2026,2025-11-05T20:00Z,Internazionale,Kairat Almaty,2,1,,,,,,,STATUS_FULL_TIME
Champions League,2025-2026,2025-11-05T20:00Z,Manchester City,Borussia Dortmund,4,1,,,,,,,STATUS_FULL_TIME
Champions League,2025-2026,2025-11-05T20:00Z,Marseille,Atalanta,0,1,,,,,,,STATUS_FULL_TIME
Champions League,2025-2026,2025-11-05T20:00Z,Newcastle United,Athletic Club,2,0,,,,,,,STATUS_FULL_TIME
Champions League,2025-2026,2025-11-25T17:45Z,Ajax Amsterdam,Benfica,0,2,,,,,,,STATUS_FULL_TIME
Champions League,2025-2026,2025-11-25T17:45Z,Galatasaray,Union St.-Gilloise,0,1,,,,,,,STATUS_FULL_TIME
Champions League,2025-2026,2025-11-25T20:00Z,Bodo/Glimt,Juventus,2,3,,,,,,,STATUS_FULL_TIME
Champions League,2025-2026,2025-11-25T20:00Z,Borussia Dortmund,Villarreal,4,0,,,,,,,STATUS_FULL_TIME
Champions League,2025-2026,2025-11-25T20:00Z,Chelsea,Barcelona,3,0,,,,,,,STATUS_FULL_TIME
Champions League,2025-2026,2025-11-25T20:00Z,Manchester City,Bayer Leverkusen,0,2,,,,,,,STATUS_FULL_TIME
Champions League,2025-2026,2025-11-25T20:00Z,Marseille,Newcastle United,2,1,,,,,,,STATUS_FULL_TIME
Champions League,2025-2026,2025-11-25T20:00Z,Napoli,FK Qarabag,2,0,,,,,,,STATUS_FULL_TIME
Champions League,2025-2026,2025-11-25T20:00Z,Slavia Prague,Athletic Club,0,0,,,,,,,STATUS_FULL_TIME
Champions League,2025-2026,2025-11-26T17:45Z,F.C. København,Kairat Almaty,3,2,,,,,,,STATUS_FULL_TIME
Champions League,2025-2026,2025-11-26T17:45Z,Pafos,AS Monaco,2,2,,,,,,,STATUS_FULL_TIME
Champions League,2025-2026,2025-11-26T20:00Z,Arsenal,Bayern Munich,3,1,,,,,,,STATUS_FULL_TIME
Champions League,2025-2026,2025-11-26T20:00Z,Atlético Madrid,Internazionale,2,1,,,,,,,STATUS_FULL_TIME
Champions League,2025-2026,2025-11-26T20:00Z,Eintracht Frankfurt,Atalanta,0,3,,,,,,,STATUS_FULL_TIME
Champions League,2025-2026,2025-11-26T20:00Z,Liverpool,PSV Eindhoven,1,4,,,,,,,STATUS_FULL_TIME
Champions League,2025-2026,2025-11-26T20:00Z,Olympiacos,Real Madrid,3,4,,,,,,,STATUS_FULL_TIME
Champions League,2025-2026,2025-11-26T20:00Z,Paris Saint-Germain,Tottenham Hotspur,5,3,,,,,,,STATUS_FULL_TIME
Champions League,2025-2026,2025-11-26T20:00Z,Sporting CP,Club Brugge,3,0,,,,,,,STATUS_FULL_TIME
Champions League,2025-2026,2025-12-09T15:30Z,Kairat Almaty,Olympiacos,0,1,,,,,,,STATUS_FULL_TIME
Champions League,2025-2026,2025-12-09T17:45Z,Bayern Munich,Sporting CP,3,1,,,,,,,STATUS_FULL_TIME
Champions League,2025-2026,2025-12-09T20:00Z,AS Monaco,Galatasaray,1,0,,,,,,,STATUS_FULL_TIME
Champions League,2025-2026,2025-12-09T20:00Z,Atalanta,Chelsea,2,1,,,,,,,STATUS_FULL_TIME
Champions League,2025-2026,2025-12-09T20:00Z,Barcelona,Eintracht Frankfurt,2,1,,,,,,,STATUS_FULL_TIME
Champions League,2025-2026,2025-12-09T20:00Z,Internazionale,Liverpool,0,1,,,,,,,STATUS_FULL_TIME
Champions League,2025-2026,2025-12-09T20:00Z,PSV Eindhoven,Atlético Madrid,2,3,,,,,,,STATUS_FULL_TIME
Champions League,2025-2026,2025-12-09T20:00Z,Tottenham Hotspur,Slavia Prague,3,0,,,,,,,STATUS_FULL_TIME
Champions League,2025-2026,2025-12-09T20:00Z,Union St.-Gilloise,Marseille,2,3,,,,,,,STATUS_FULL_TIME
Champions League,2025-2026,2025-12-10T17:45Z,FK Qarabag,Ajax Amsterdam,2,4,,,,,,,STATUS_FULL_TIME
Champions League,2025-2026,2025-12-10T17:45Z,Villarreal,F.C. København,2,3,,,,,,,STATUS_FULL_TIME
Champions League,2025-2026,2025-12-10T20:00Z,Athletic Club,Paris Saint-Germain,0,0,,,,,,,STATUS_FULL_TIME
Champions League,2025-2026,2025-12-10T20:00Z,Bayer Leverkusen,Newcastle United,2,2,,,,,,,STATUS_FULL_TIME
Champions League,2025-2026,2025-12-10T20:00Z,Benfica,Napoli,2,0,,,,,,,STATUS_FULL_TIME
Champions League,2025-2026,2025-12-10T20:00Z,Borussia Dortmund,Bodo/Glimt,2,2,,,,,,,STATUS_FULL_TIME
Champions League,2025-2026,2025-12-10T20:00Z,Club Brugge,Arsenal,0,3,,,,,,,STATUS_FULL_TIME
Champions League,2025-2026,2025-12-10T20:00Z,Juventus,Pafos,2,0,,,,,,,STATUS_FULL_TIME
Champions League,2025-2026,2025-12-10T20:00Z,Real Madrid,Manchester City,1,2,,,,,,,STATUS_FULL_TIME
Champions League,2025-2026,2026-01-20T15:30Z,Kairat Almaty,Club Brugge,1,4,,,,,,,STATUS_FULL_TIME
Champions League,2025-2026,2026-01-20T17:45Z,Bodo/Glimt,Manchester City,3,1,,,,,,,STATUS_FULL_TIME
Champions League,2025-2026,2026-01-20T20:00Z,F.C. København,Napoli,1,1,,,,,,,STATUS_FULL_TIME
Champions League,2025-2026,2026-01-20T20:00Z,Internazionale,Arsenal,1,3,,,,,,,STATUS_FULL_TIME
Champions League,2025-2026,2026-01-20T20:00Z,Olympiacos,Bayer Leverkusen,2,0,,,,,,,STATUS_FULL_TIME
Champions League,2025-2026,2026-01-20T20:00Z,Real Madrid,AS Monaco,6,1,,,,,,,STATUS_FULL_TIME
Champions League,2025-2026,2026-01-20T20:00Z,Sporting CP,Paris Saint-Germain,2,1,,,,,,,STATUS_FULL_TIME
Champions League,2025-2026,2026-01-20T20:00Z,Tottenham Hotspur,Borussia Dortmund,2,0,,,,,,,STATUS_FULL_TIME
Champions League,2025-2026,2026-01-20T20:00Z,Villarreal,Ajax Amsterdam,1,2,,,,,,,STATUS_FULL_TIME
Champions League,2025-2026,2026-01-21T17:45Z,FK Qarabag,Eintracht Frankfurt,3,2,,,,,,,STATUS_FULL_TIME
Champions League,2025-2026,2026-01-21T17:45Z,Galatasaray,Atlético Madrid,1,1,,,,,,,STATUS_FULL_TIME
Champions League,2025-2026,2026-01-21T20:00Z,Atalanta,Athletic Club,2,3,,,,,,,STATUS_FULL_TIME
Champions League,2025-2026,2026-01-21T20:00Z,Bayern Munich,Union St.-Gilloise,2,0,,,,,,,STATUS_FULL_TIME
Champions League,2025-2026,2026-01-21T20:00Z,Chelsea,Pafos,1,0,,,,,,,STATUS_FULL_TIME
Champions League,2025-2026,2026-01-21T20:00Z,Juventus,Benfica,2,0,,,,,,,STATUS_FULL_TIME
Champions League,2025-2026,2026-01-21T20:00Z,Marseille,Liverpool,0,3,,,,,,,STATUS_FULL_TIME
Champions League,2025-2026,2026-01-21T20:00Z,Newcastle United,PSV Eindhoven,3,0,,,,,,,STATUS_FULL_TIME
Champions League,2025-2026,2026-01-21T20:00Z,Slavia Prague,Barcelona,2,4,,,,,,,STATUS_FULL_TIME
Champions League,2025-2026,2026-01-28T20:00Z,Ajax Amsterdam,Olympiacos,1,2,,,,,,,STATUS_FULL_TIME
Champions League,2025-2026,2026-01-28T20:00Z,Arsenal,Kairat Almaty,3,2,,,,,,,STATUS_FULL_TIME
Champions League,2025-2026,2026-01-28T20:00Z,AS Monaco,Juventus,0,0,,,,,,,STATUS_FULL_TIME
Champions League,2025-2026,2026-01-28T20:00Z,Athletic Club,Sporting CP,2,3,,,,,,,STATUS_FULL_TIME
Champions League,2025-2026,2026-01-28T20:00Z,Atlético Madrid,Bodo/Glimt,1,2,,,,,,,STATUS_FULL_TIME
Champions League,2025-2026,2026-01-28T20:00Z,Barcelona,F.C. København,4,1,,,,,,,STATUS_FULL_TIME
Champions League,2025-2026,2026-01-28T20:00Z,Bayer Leverkusen,Villarreal,3,0,,,,,,,STATUS_FULL_TIME
Champions League,2025-2026,2026-01-28T20:00Z,Benfica,Real Madrid,4,2,,,,,,,STATUS_FULL_TIME
Champions League,2025-2026,2026-01-28T20:00Z,Borussia Dortmund,Internazionale,0,2,,,,,,,STATUS_FULL_TIME
Champions League,2025-2026,2026-01-28T20:00Z,Club Brugge,Marseille,3,0,,,,,,,STATUS_FULL_TIME
Champions League,2025-2026,2026-01-28T20:00Z,Eintracht Frankfurt,Tottenham Hotspur,0,2,,,,,,,STATUS_FULL_TIME
Champions League,2025-2026,2026-01-28T20:00Z,Liverpool,FK Qarabag,6,0,,,,,,,STATUS_FULL_TIME
Champions League,2025-2026,2026-01-28T20:00Z,Manchester City,Galatasaray,2,0,,,,,,,STATUS_FULL_TIME
Champions League,2025-2026,2026-01-28T20:00Z,Napoli,Chelsea,2,3,,,,,,,STATUS_FULL_TIME
Champions League,2025-2026,2026-01-28T20:00Z,Pafos,Slavia Prague,4,1,,,,,,,STATUS_FULL_TIME
Champions League,2025-2026,2026-01-28T20:00Z,Paris Saint-Germain,Newcastle United,1,1,,,,,,,STATUS_FULL_TIME
Champions League,2025-2026,2026-01-28T20:00Z,PSV Eindhoven,Bayern Munich,1,2,,,,,,,STATUS_FULL_TIME
Champions League,2025-2026,2026-01-28T20:00Z,Union St.-Gilloise,Atalanta,1,0,,,,,,,STATUS_FULL_TIME
Champions League,2025-2026,2026-02-17T17:45Z,Galatasaray,Juventus,5,2,,,,,,,STATUS_FULL_TIME
Champions League,2025-2026,2026-02-17T20:00Z,AS Monaco,Paris Saint-Germain,2,3,,,,,,,STATUS_FULL_TIME
Champions League,2025-2026,2026-02-17T20:00Z,Benfica,Real Madrid,0,1,,,,,,,STATUS_FULL_TIME
Champions League,2025-2026,2026-02-17T20:15Z,Borussia Dortmund,Atalanta,2,0,,,,,,,STATUS_FULL_TIME
Champions League,2025-2026,2026-02-18T17:45Z,FK Qarabag,Newcastle United,1,6,,,,,,,STATUS_FULL_TIME
Champions League,2025-2026,2026-02-18T20:00Z,Bodo/Glimt,Internazionale,3,1,,,,,,,STATUS_FULL_TIME
Champions League,2025-2026,2026-02-18T20:00Z,Club Brugge,Atlético Madrid,3,3,,,,,,,STATUS_FULL_TIME
Champions League,2025-2026,2026-02-18T20:00Z,Olympiacos,Bayer Leverkusen,0,2,,,,,,,STATUS_FULL_TIME
Champions League,2025-2026,2026-02-24T17:45Z,Atlético Madrid,Club Brugge,4,1,,,,,,,STATUS_FULL_TIME
Champions League,2025-2026,2026-02-24T20:00Z,Bayer Leverkusen,Olympiacos,0,0,,,,,,,STATUS_FULL_TIME
Champions League,2025-2026,2026-02-24T20:00Z,Internazionale,Bodo/Glimt,1,2,,,,,,,STATUS_FULL_TIME
Champions League,2025-2026,2026-02-24T20:00Z,Newcastle United,FK Qarabag,3,2,,,,,,,STATUS_FULL_TIME
Champions League,2025-2026,2026-02-25T17:45Z,Atalanta,Borussia Dortmund,4,1,,,,,,,STATUS_FULL_TIME
Champions League,2025-2026,2026-02-25T20:00Z,Juventus,Galatasaray,3,2,,,,,,,STATUS_FINAL_AET
Champions League,2025-2026,2026-02-25T20:00Z,Paris Saint-Germain,AS Monaco,2,2,,,,,,,STATUS_FULL_TIME
Champions League,2025-2026,2026-02-25T20:00Z,Real Madrid,Benfica,2,1,,,,,,,STATUS_FULL_TIME
Champions League,2025-2026,2026-03-10T17:45Z,Galatasaray,Liverpool,1,0,,,,,,,STATUS_FULL_TIME
Champions League,2025-2026,2026-03-10T20:00Z,Atalanta,Bayern Munich,1,6,,,,,,,STATUS_FULL_TIME
Champions League,2025-2026,2026-03-10T20:00Z,Atlético Madrid,Tottenham Hotspur,5,2,,,,,,,STATUS_FULL_TIME
Champions League,2025-2026,2026-03-10T20:00Z,Newcastle United,Barcelona,1,1,,,,,,,STATUS_FULL_TIME
Champions League,2025-2026,2026-03-11T17:45Z,Bayer Leverkusen,Arsenal,1,1,,,,,,,STATUS_FULL_TIME
Champions League,2025-2026,2026-03-11T20:00Z,Bodo/Glimt,Sporting CP,3,0,,,,,,,STATUS_FULL_TIME
Champions League,2025-2026,2026-03-11T20:00Z,Paris Saint-Germain,Chelsea,5,2,,,,,,,STATUS_FULL_TIME
Champions League,2025-2026,2026-03-11T20:00Z,Real Madrid,Manchester City,3,0,,,,,,,STATUS_FULL_TIME
Champions League,2025-2026,2026-03-17T17:45Z,Sporting CP,Bodo/Glimt,5,0,,,,,,,STATUS_FINAL_AET
Champions League,2025-2026,2026-03-17T20:00Z,Arsenal,Bayer Leverkusen,2,0,,,,,,,STATUS_FULL_TIME
Champions League,2025-2026,2026-03-17T20:00Z,Chelsea,Paris Saint-Germain,0,3,,,,,,,STATUS_FULL_TIME
Champions League,2025-2026,2026-03-17T20:00Z,Manchester City,Real Madrid,1,2,,,,,,,STATUS_FULL_TIME
Champions League,2025-2026,2026-03-18T17:45Z,Barcelona,Newcastle United,7,2,,,,,,,STATUS_FULL_TIME
Champions League,2025-2026,2026-03-18T20:00Z,Bayern Munich,Atalanta,4,1,,,,,,,STATUS_FULL_TIME
Champions League,2025-2026,2026-03-18T20:00Z,Liverpool,Galatasaray,4,0,,,,,,,STATUS_FULL_TIME
Champions League,2025-2026,2026-03-18T20:00Z,Tottenham Hotspur,Atlético Madrid,3,2,,,,,,,STATUS_FULL_TIME
Champions League,2025-2026,2026-04-07T19:00Z,Real Madrid,Bayern Munich,1,2,,,,,,,STATUS_FULL_TIME
Champions League,2025-2026,2026-04-07T19:00Z,Sporting CP,Arsenal,0,1,,,,,,,STATUS_FULL_TIME
Champions League,2025-2026,2026-04-08T19:00Z,Barcelona,Atlético Madrid,0,2,,,,,,,STATUS_FULL_TIME
Champions League,2025-2026,2026-04-08T19:00Z,Paris Saint-Germain,Liverpool,2,0,,,,,,,STATUS_FULL_TIME
Champions League,2025-2026,2026-04-14T19:00Z,Atlético Madrid,Barcelona,1,2,,,,,,,STATUS_FULL_TIME
Champions League,2025-2026,2026-04-14T19:00Z,Liverpool,Paris Saint-Germain,0,2,,,,,,,STATUS_FULL_TIME
Champions League,2025-2026,2026-04-15T19:00Z,Arsenal,Sporting CP,0,0,,,,,,,STATUS_FULL_TIME
Champions League,2025-2026,2026-04-15T19:00Z,Bayern Munich,Real Madrid,4,3,,,,,,,STATUS_FULL_TIME
Champions League,2025-2026,2026-04-28T19:00Z,Paris Saint-Germain,Bayern Munich,5,4,,,,,,,STATUS_FULL_TIME
Champions League,2025-2026,2026-04-29T19:00Z,Atlético Madrid,Arsenal,1,1,,,,,,,STATUS_FULL_TIME
Champions League,2025-2026,2026-05-05T19:00Z,Arsenal,Atlético Madrid,1,0,,,,,,,STATUS_FULL_TIME
Champions League,2025-2026,2026-05-06T19:00Z,Bayern Munich,Paris Saint-Germain,1,1,,,,,,,STATUS_FULL_TIME
Champions League,2025-2026,2026-05-30T16:00Z,Paris Saint-Germain,Arsenal,1,1,,,,,,,STATUS_FINAL_PEN
Europa League,2025-2026,2025-09-24T16:45Z,FC Midtjylland,SK Sturm Graz,2,0,,,,,,,STATUS_FULL_TIME
Europa League,2025-2026,2025-09-24T16:45Z,PAOK Salonika,Maccabi Tel-Aviv,0,0,,,,,,,STATUS_FULL_TIME
Europa League,2025-2026,2025-09-24T19:00Z,Braga,Feyenoord Rotterdam,1,0,,,,,,,STATUS_FULL_TIME
Europa League,2025-2026,2025-09-24T19:00Z,Dinamo Zagreb,Fenerbahce,3,1,,,,,,,STATUS_FULL_TIME
Europa League,2025-2026,2025-09-24T19:00Z,Malmö FF,Ludogorets Razgrad,1,2,,,,,,,STATUS_FULL_TIME
Europa League,2025-2026,2025-09-24T19:00Z,Nice,AS Roma,1,2,,,,,,,STATUS_FULL_TIME
Europa League,2025-2026,2025-09-24T19:00Z,Real Betis,Nottingham Forest,2,2,,,,,,,STATUS_FULL_TIME
Europa League,2025-2026,2025-09-24T19:00Z,Red Star Belgrade,Celtic,1,1,,,,,,,STATUS_FULL_TIME
Europa League,2025-2026,2025-09-24T19:00Z,SC Freiburg,FC Basel,2,1,,,,,,,STATUS_FULL_TIME
Europa League,2025-2026,2025-09-25T16:45Z,Go Ahead Eagles,FCSB,0,1,,,,,,,STATUS_FULL_TIME
Europa League,2025-2026,2025-09-25T16:45Z,Lille,SK Brann,2,1,,,,,,,STATUS_FULL_TIME
Europa League,2025-2026,2025-09-25T19:00Z,Aston Villa,Bologna,1,0,,,,,,,STATUS_FULL_TIME
Europa League,2025-2026,2025-09-25T19:00Z,FC Utrecht,Lyon,0,1,,,,,,,STATUS_FULL_TIME
Europa League,2025-2026,2025-09-25T19:00Z,Ferencvaros,Viktoria Plzen,1,1,,,,,,,STATUS_FULL_TIME
Europa League,2025-2026,2025-09-25T19:00Z,Rangers,Racing Genk,0,1,,,,,,,STATUS_FULL_TIME
Europa League,2025-2026,2025-09-25T19:00Z,RB Salzburg,FC Porto,0,1,,,,,,,STATUS_FULL_TIME
Europa League,2025-2026,2025-09-25T19:00Z,VfB Stuttgart,Celta Vigo,2,1,,,,,,,STATUS_FULL_TIME
Europa League,2025-2026,2025-09-25T19:00Z,Young Boys,Panathinaikos,1,4,,,,,,,STATUS_FULL_TIME
Europa League,2025-2026,2025-10-02T16:45Z,AS Roma,Lille,0,1,,,,,,,STATUS_FULL_TIME
Europa League,2025-2026,2025-10-02T16:45Z,Bologna,SC Freiburg,1,1,,,,,,,STATUS_FULL_TIME
Europa League,2025-2026,2025-10-02T16:45Z,Celtic,Braga,0,2,,,,,,,STATUS_FULL_TIME
Europa League,2025-2026,2025-10-02T16:45Z,FCSB,Young Boys,0,2,,,,,,,STATUS_FULL_TIME
Europa League,2025-2026,2025-10-02T16:45Z,Fenerbahce,Nice,2,1,,,,,,,STATUS_FULL_TIME
Europa League,2025-2026,2025-10-02T16:45Z,Ludogorets Razgrad,Real Betis,0,2,,,,,,,STATUS_FULL_TIME
Europa League,2025-2026,2025-10-02T16:45Z,Panathinaikos,Go Ahead Eagles,1,2,,,,,,,STATUS_FULL_TIME
Europa League,2025-2026,2025-10-02T16:45Z,SK Brann,FC Utrecht,1,0,,,,,,,STATUS_FULL_TIME
Europa League,2025-2026,2025-10-02T16:45Z,Viktoria Plzen,Malmö FF,3,0,,,,,,,STATUS_FULL_TIME
Europa League,2025-2026,2025-10-02T19:00Z,Celta Vigo,PAOK Salonika,3,1,,,,,,,STATUS_FULL_TIME
Europa League,2025-2026,2025-10-02T19:00Z,FC Basel,VfB Stuttgart,2,0,,,,,,,STATUS_FULL_TIME
Europa League,2025-2026,2025-10-02T19:00Z,FC Porto,Red Star Belgrade,2,1,,,,,,,STATUS_FULL_TIME
Europa League,2025-2026,2025-10-02T19:00Z,Feyenoord Rotterdam,Aston Villa,0,2,,,,,,,STATUS_FULL_TIME
Europa League,2025-2026,2025-10-02T19:00Z,Lyon,RB Salzburg,2,0,,,,,,,STATUS_FULL_TIME
Europa League,2025-2026,2025-10-02T19:00Z,Maccabi Tel-Aviv,Dinamo Zagreb,1,3,,,,,,,STATUS_FULL_TIME
Europa League,2025-2026,2025-10-02T19:00Z,Nottingham Forest,FC Midtjylland,2,3,,,,,,,STATUS_FULL_TIME
Europa League,2025-2026,2025-10-02T19:00Z,Racing Genk,Ferencvaros,0,1,,,,,,,STATUS_FULL_TIME
Europa League,2025-2026,2025-10-02T19:00Z,SK Sturm Graz,Rangers,2,1,,,,,,,STATUS_FULL_TIME
Europa League,2025-2026,2025-10-23T16:45Z,Braga,Red Star Belgrade,2,0,,,,,,,STATUS_FULL_TIME
Europa League,2025-2026,2025-10-23T16:45Z,FCSB,Bologna,1,2,,,,,,,STATUS_FULL_TIME
Europa League,2025-2026,2025-10-23T16:45Z,Fenerbahce,VfB Stuttgart,1,0,,,,,,,STATUS_FULL_TIME
Europa League,2025-2026,2025-10-23T16:45Z,Go Ahead Eagles,Aston Villa,2,1,,,,,,,STATUS_FULL_TIME
Europa League,2025-2026,2025-10-23T16:45Z,Lyon,FC Basel,2,0,,,,,,,STATUS_FULL_TIME
Europa League,2025-2026,2025-10-23T16:45Z,Racing Genk,Real Betis,0,0,,,,,,,STATUS_FULL_TIME
Europa League,2025-2026,2025-10-23T16:45Z,RB Salzburg,Ferencvaros,2,3,,,,,,,STATUS_FULL_TIME
Europa League,2025-2026,2025-10-23T16:45Z,SK Brann,Rangers,3,0,,,,,,,STATUS_FULL_TIME
Europa League,2025-2026,2025-10-23T19:00Z,AS Roma,Viktoria Plzen,1,2,,,,,,,STATUS_FULL_TIME
Europa League,2025-2026,2025-10-23T19:00Z,Celta Vigo,Nice,2,1,,,,,,,STATUS_FULL_TIME
Europa League,2025-2026,2025-10-23T19:00Z,Celtic,SK Sturm Graz,2,1,,,,,,,STATUS_FULL_TIME
Europa League,2025-2026,2025-10-23T19:00Z,Feyenoord Rotterdam,Panathinaikos,3,1,,,,,,,STATUS_FULL_TIME
Europa League,2025-2026,2025-10-23T19:00Z,Lille,PAOK Salonika,3,4,,,,,,,STATUS_FULL_TIME
Europa League,2025-2026,2025-10-23T19:00Z,Maccabi Tel-Aviv,FC Midtjylland,0,3,,,,,,,STATUS_FULL_TIME
Europa League,2025-2026,2025-10-23T19:00Z,Malmö FF,Dinamo Zagreb,1,1,,,,,,,STATUS_FULL_TIME
Europa League,2025-2026,2025-10-23T19:00Z,Nottingham Forest,FC Porto,2,0,,,,,,,STATUS_FULL_TIME
Europa League,2025-2026,2025-10-23T19:00Z,SC Freiburg,FC Utrecht,2,0,,,,,,,STATUS_FULL_TIME
Europa League,2025-2026,2025-10-23T19:00Z,Young Boys,Ludogorets Razgrad,3,2,,,,,,,STATUS_FULL_TIME
Europa League,2025-2026,2025-11-06T17:45Z,Dinamo Zagreb,Celta Vigo,0,3,,,,,,,STATUS_FULL_TIME
Europa League,2025-2026,2025-11-06T17:45Z,FC Basel,FCSB,3,1,,,,,,,STATUS_FULL_TIME
Europa League,2025-2026,2025-11-06T17:45Z,FC Midtjylland,Celtic,3,1,,,,,,,STATUS_FULL_TIME
Europa League,2025-2026,2025-11-06T17:45Z,FC Utrecht,FC Porto,1,1,,,,,,,STATUS_FULL_TIME
Europa League,2025-2026,2025-11-06T17:45Z,Malmö FF,Panathinaikos,0,1,,,,,,,STATUS_FULL_TIME
Europa League,2025-2026,2025-11-06T17:45Z,Nice,SC Freiburg,1,3,,,,,,,STATUS_FULL_TIME
Europa League,2025-2026,2025-11-06T17:45Z,RB Salzburg,Go Ahead Eagles,2,0,,,,,,,STATUS_FULL_TIME
Europa League,2025-2026,2025-11-06T17:45Z,Red Star Belgrade,Lille,1,0,,,,,,,STATUS_FULL_TIME
Europa League,2025-2026,2025-11-06T17:45Z,SK Sturm Graz,Nottingham Forest,0,0,,,,,,,STATUS_FULL_TIME
Europa League,2025-2026,2025-11-06T20:00Z,Aston Villa,Maccabi Tel-Aviv,2,0,,,,,,,STATUS_FULL_TIME
Europa League,2025-2026,2025-11-06T20:00Z,Bologna,SK Brann,0,0,,,,,,,STATUS_FULL_TIME
Europa League,2025-2026,2025-11-06T20:00Z,Braga,Racing Genk,3,4,,,,,,,STATUS_FULL_TIME
Europa League,2025-2026,2025-11-06T20:00Z,Ferencvaros,Ludogorets Razgrad,3,1,,,,,,,STATUS_FULL_TIME
Europa League,2025-2026,2025-11-06T20:00Z,PAOK Salonika,Young Boys,4,0,,,,,,,STATUS_FULL_TIME
Europa League,2025-2026,2025-11-06T20:00Z,Rangers,AS Roma,0,2,,,,,,,STATUS_FULL_TIME
Europa League,2025-2026,2025-11-06T20:00Z,Real Betis,Lyon,2,0,,,,,,,STATUS_FULL_TIME
Europa League,2025-2026,2025-11-06T20:00Z,VfB Stuttgart,Feyenoord Rotterdam,2,0,,,,,,,STATUS_FULL_TIME
Europa League,2025-2026,2025-11-06T20:00Z,Viktoria Plzen,Fenerbahce,0,0,,,,,,,STATUS_FULL_TIME
Europa League,2025-2026,2025-11-27T17:45Z,AS Roma,FC Midtjylland,2,1,,,,,,,STATUS_FULL_TIME
Europa League,2025-2026,2025-11-27T17:45Z,Aston Villa,Young Boys,2,1,,,,,,,STATUS_FULL_TIME
Europa League,2025-2026,2025-11-27T17:45Z,FC Porto,Nice,3,0,,,,,,,STATUS_FULL_TIME
Europa League,2025-2026,2025-11-27T17:45Z,Fenerbahce,Ferencvaros,1,1,,,,,,,STATUS_FULL_TIME
Europa League,2025-2026,2025-11-27T17:45Z,Feyenoord Rotterdam,Celtic,1,3,,,,,,,STATUS_FULL_TIME
Europa League,2025-2026,2025-11-27T17:45Z,Lille,Dinamo Zagreb,4,0,,,,,,,STATUS_FULL_TIME
Europa League,2025-2026,2025-11-27T17:45Z,Ludogorets Razgrad,Celta Vigo,3,2,,,,,,,STATUS_FULL_TIME
Europa League,2025-2026,2025-11-27T17:45Z,PAOK Salonika,SK Brann,1,1,,,,,,,STATUS_FULL_TIME
Europa League,2025-2026,2025-11-27T17:45Z,Viktoria Plzen,SC Freiburg,0,0,,,,,,,STATUS_FULL_TIME
Europa League,2025-2026,2025-11-27T20:00Z,Bologna,RB Salzburg,4,1,,,,,,,STATUS_FULL_TIME
Europa League,2025-2026,2025-11-27T20:00Z,Go Ahead Eagles,VfB Stuttgart,0,4,,,,,,,STATUS_FULL_TIME
Europa League,2025-2026,2025-11-27T20:00Z,Maccabi Tel-Aviv,Lyon,0,6,,,,,,,STATUS_FULL_TIME
Europa League,2025-2026,2025-11-27T20:00Z,Nottingham Forest,Malmö FF,3,0,,,,,,,STATUS_FULL_TIME
Europa League,2025-2026,2025-11-27T20:00Z,Panathinaikos,SK Sturm Graz,2,1,,,,,,,STATUS_FULL_TIME
Europa League,2025-2026,2025-11-27T20:00Z,Racing Genk,FC Basel,2,1,,,,,,,STATUS_FULL_TIME
Europa League,2025-2026,2025-11-27T20:00Z,Rangers,Braga,1,1,,,,,,,STATUS_FULL_TIME
Europa League,2025-2026,2025-11-27T20:00Z,Real Betis,FC Utrecht,2,1,,,,,,,STATUS_FULL_TIME
Europa League,2025-2026,2025-11-27T20:00Z,Red Star Belgrade,FCSB,1,0,,,,,,,STATUS_FULL_TIME
Europa League,2025-2026,2025-12-11T17:45Z,Dinamo Zagreb,Real Betis,1,3,,,,,,,STATUS_FULL_TIME
Europa League,2025-2026,2025-12-11T17:45Z,FC Midtjylland,Racing Genk,1,0,,,,,,,STATUS_FULL_TIME
Europa League,2025-2026,2025-12-11T17:45Z,FC Utrecht,Nottingham Forest,1,2,,,,,,,STATUS_FULL_TIME
Europa League,2025-2026,2025-12-11T17:45Z,Ferencvaros,Rangers,2,1,,,,,,,STATUS_FULL_TIME
Europa League,2025-2026,2025-12-11T17:45Z,Ludogorets Razgrad,PAOK Salonika,3,3,,,,,,,STATUS_FULL_TIME
Europa League,2025-2026,2025-12-11T17:45Z,Nice,Braga,0,1,,,,,,,STATUS_FULL_TIME
Europa League,2025-2026,2025-12-11T17:45Z,SK Sturm Graz,Red Star Belgrade,0,1,,,,,,,STATUS_FULL_TIME
Europa League,2025-2026,2025-12-11T17:45Z,VfB Stuttgart,Maccabi Tel-Aviv,4,1,,,,,,,STATUS_FULL_TIME
Europa League,2025-2026,2025-12-11T17:45Z,Young Boys,Lille,1,0,,,,,,,STATUS_FULL_TIME
Europa League,2025-2026,2025-12-11T20:00Z,Celta Vigo,Bologna,1,2,,,,,,,STATUS_FULL_TIME
Europa League,2025-2026,2025-12-11T20:00Z,Celtic,AS Roma,0,3,,,,,,,STATUS_FULL_TIME
Europa League,2025-2026,2025-12-11T20:00Z,FC Basel,Aston Villa,1,2,,,,,,,STATUS_FULL_TIME
Europa League,2025-2026,2025-12-11T20:00Z,FC Porto,Malmö FF,2,1,,,,,,,STATUS_FULL_TIME
Europa League,2025-2026,2025-12-11T20:00Z,FCSB,Feyenoord Rotterdam,4,3,,,,,,,STATUS_FULL_TIME
Europa League,2025-2026,2025-12-11T20:00Z,Lyon,Go Ahead Eagles,2,1,,,,,,,STATUS_FULL_TIME
Europa League,2025-2026,2025-12-11T20:00Z,Panathinaikos,Viktoria Plzen,0,0,,,,,,,STATUS_FULL_TIME
Europa League,2025-2026,2025-12-11T20:00Z,SC Freiburg,RB Salzburg,1,0,,,,,,,STATUS_FULL_TIME
Europa League,2025-2026,2025-12-11T20:00Z,SK Brann,Fenerbahce,0,4,,,,,,,STATUS_FULL_TIME
Europa League,2025-2026,2026-01-22T17:45Z,Bologna,Celtic,2,2,,,,,,,STATUS_FULL_TIME
Europa League,2025-2026,2026-01-22T17:45Z,Fenerbahce,Aston Villa,0,1,,,,,,,STATUS_FULL_TIME
Europa League,2025-2026,2026-01-22T17:45Z,Feyenoord Rotterdam,SK Sturm Graz,3,0,,,,,,,STATUS_FULL_TIME
Europa League,2025-2026,2026-01-22T17:45Z,Malmö FF,Red Star Belgrade,0,1,,,,,,,STATUS_FULL_TIME
Europa League,2025-2026,2026-01-22T17:45Z,PAOK Salonika,Real Betis,2,0,,,,,,,STATUS_FULL_TIME
Europa League,2025-2026,2026-01-22T17:45Z,SC Freiburg,Maccabi Tel-Aviv,1,0,,,,,,,STATUS_FULL_TIME
Europa League,2025-2026,2026-01-22T17:45Z,SK Brann,FC Midtjylland,3,3,,,,,,,STATUS_FULL_TIME
Europa League,2025-2026,2026-01-22T17:45Z,Viktoria Plzen,FC Porto,1,1,,,,,,,STATUS_FULL_TIME
Europa League,2025-2026,2026-01-22T17:45Z,Young Boys,Lyon,0,1,,,,,,,STATUS_FULL_TIME
Europa League,2025-2026,2026-01-22T20:00Z,AS Roma,VfB Stuttgart,2,0,,,,,,,STATUS_FULL_TIME
Europa League,2025-2026,2026-01-22T20:00Z,Braga,Nottingham Forest,1,0,,,,,,,STATUS_FULL_TIME
Europa League,2025-2026,2026-01-22T20:00Z,Celta Vigo,Lille,2,1,,,,,,,STATUS_FULL_TIME
Europa League,2025-2026,2026-01-22T20:00Z,Dinamo Zagreb,FCSB,4,1,,,,,,,STATUS_FULL_TIME
Europa League,2025-2026,2026-01-22T20:00Z,Ferencvaros,Panathinaikos,1,1,,,,,,,STATUS_FULL_TIME
Europa League,2025-2026,2026-01-22T20:00Z,Nice,Go Ahead Eagles,3,1,,,,,,,STATUS_FULL_TIME
Europa League,2025-2026,2026-01-22T20:00Z,Rangers,Ludogorets Razgrad,1,0,,,,,,,STATUS_FULL_TIME
Europa League,2025-2026,2026-01-22T20:00Z,RB Salzburg,FC Basel,3,1,,,,,,,STATUS_FULL_TIME
Europa League,2025-2026,2026-01-22T20:50Z,FC Utrecht,Racing Genk,0,2,,,,,,,STATUS_FULL_TIME
Europa League,2025-2026,2026-01-29T20:00Z,Aston Villa,RB Salzburg,3,2,,,,,,,STATUS_FULL_TIME
Europa League,2025-2026,2026-01-29T20:00Z,Celtic,FC Utrecht,4,2,,,,,,,STATUS_FULL_TIME
Europa League,2025-2026,2026-01-29T20:00Z,FC Basel,Viktoria Plzen,0,1,,,,,,,STATUS_FULL_TIME
Europa League,2025-2026,2026-01-29T20:00Z,FC Midtjylland,Dinamo Zagreb,2,0,,,,,,,STATUS_FULL_TIME
Europa League,2025-2026,2026-01-29T20:00Z,FC Porto,Rangers,3,1,,,,,,,STATUS_FULL_TIME
Europa League,2025-2026,2026-01-29T20:00Z,FCSB,Fenerbahce,1,1,,,,,,,STATUS_FULL_TIME
Europa League,2025-2026,2026-01-29T20:00Z,Go Ahead Eagles,Braga,0,0,,,,,,,STATUS_FULL_TIME
Europa League,2025-2026,2026-01-29T20:00Z,Lille,SC Freiburg,1,0,,,,,,,STATUS_FULL_TIME
Europa League,2025-2026,2026-01-29T20:00Z,Ludogorets Razgrad,Nice,1,0,,,,,,,STATUS_FULL_TIME
Europa League,2025-2026,2026-01-29T20:00Z,Lyon,PAOK Salonika,4,2,,,,,,,STATUS_FULL_TIME
Europa League,2025-2026,2026-01-29T20:00Z,Maccabi Tel-Aviv,Bologna,0,3,,,,,,,STATUS_FULL_TIME
Europa League,2025-2026,2026-01-29T20:00Z,Nottingham Forest,Ferencvaros,4,0,,,,,,,STATUS_FULL_TIME
Europa League,2025-2026,2026-01-29T20:00Z,Panathinaikos,AS Roma,1,1,,,,,,,STATUS_FULL_TIME
Europa League,2025-2026,2026-01-29T20:00Z,Racing Genk,Malmö FF,2,1,,,,,,,STATUS_FULL_TIME
Europa League,2025-2026,2026-01-29T20:00Z,Real Betis,Feyenoord Rotterdam,2,1,,,,,,,STATUS_FULL_TIME
Europa League,2025-2026,2026-01-29T20:00Z,Red Star Belgrade,Celta Vigo,1,1,,,,,,,STATUS_FULL_TIME
Europa League,2025-2026,2026-01-29T20:00Z,SK Sturm Graz,SK Brann,1,0,,,,,,,STATUS_FULL_TIME
Europa League,2025-2026,2026-01-29T20:00Z,VfB Stuttgart,Young Boys,3,2,,,,,,,STATUS_FULL_TIME
Europa League,2025-2026,2026-02-19T17:45Z,Dinamo Zagreb,Racing Genk,1,3,,,,,,,STATUS_FULL_TIME
Europa League,2025-2026,2026-02-19T17:45Z,Fenerbahce,Nottingham Forest,0,3,,,,,,,STATUS_FULL_TIME
Europa League,2025-2026,2026-02-19T17:45Z,PAOK Salonika,Celta Vigo,1,2,,,,,,,STATUS_FULL_TIME
Europa League,2025-2026,2026-02-19T17:45Z,SK Brann,Bologna,0,1,,,,,,,STATUS_FULL_TIME
Europa League,2025-2026,2026-02-19T20:00Z,Celtic,VfB Stuttgart,1,4,,,,,,,STATUS_FULL_TIME
Europa League,2025-2026,2026-02-19T20:00Z,Lille,Red Star Belgrade,0,1,,,,,,,STATUS_FULL_TIME
Europa League,2025-2026,2026-02-19T20:00Z,Ludogorets Razgrad,Ferencvaros,2,1,,,,,,,STATUS_FULL_TIME
Europa League,2025-2026,2026-02-19T20:00Z,Panathinaikos,Viktoria Plzen,2,2,,,,,,,STATUS_FULL_TIME
Europa League,2025-2026,2026-02-26T17:45Z,Ferencvaros,Ludogorets Razgrad,2,0,,,,,,,STATUS_FULL_TIME
Europa League,2025-2026,2026-02-26T17:45Z,Red Star Belgrade,Lille,0,2,,,,,,,STATUS_FINAL_AET
Europa League,2025-2026,2026-02-26T17:45Z,VfB Stuttgart,Celtic,0,1,,,,,,,STATUS_FULL_TIME
Europa League,2025-2026,2026-02-26T17:45Z,Viktoria Plzen,Panathinaikos,1,1,,,,,,,STATUS_FINAL_PEN
Europa League,2025-2026,2026-02-26T20:00Z,Bologna,SK Brann,1,0,,,,,,,STATUS_FULL_TIME
Europa League,2025-2026,2026-02-26T20:00Z,Celta Vigo,PAOK Salonika,1,0,,,,,,,STATUS_FULL_TIME
Europa League,2025-2026,2026-02-26T20:00Z,Nottingham Forest,Fenerbahce,1,2,,,,,,,STATUS_FULL_TIME
Europa League,2025-2026,2026-02-26T20:00Z,Racing Genk,Dinamo Zagreb,3,3,,,,,,,STATUS_FINAL_AET
Europa League,2025-2026,2026-03-12T17:45Z,Bologna,AS Roma,1,1,,,,,,,STATUS_FULL_TIME
Europa League,2025-2026,2026-03-12T17:45Z,Lille,Aston Villa,0,1,,,,,,,STATUS_FULL_TIME
Europa League,2025-2026,2026-03-12T17:45Z,Panathinaikos,Real Betis,1,0,,,,,,,STATUS_FULL_TIME
Europa League,2025-2026,2026-03-12T17:45Z,VfB Stuttgart,FC Porto,1,2,,,,,,,STATUS_FULL_TIME
Europa League,2025-2026,2026-03-12T20:00Z,Celta Vigo,Lyon,1,1,,,,,,,STATUS_FULL_TIME
Europa League,2025-2026,2026-03-12T20:00Z,Ferencvaros,Braga,2,0,,,,,,,STATUS_FULL_TIME
Europa League,2025-2026,2026-03-12T20:00Z,Nottingham Forest,FC Midtjylland,0,1,,,,,,,STATUS_FULL_TIME
Europa League,2025-2026,2026-03-12T20:00Z,Racing Genk,SC Freiburg,1,0,,,,,,,STATUS_FULL_TIME
Europa League,2025-2026,2026-03-18T15:30Z,Braga,Ferencvaros,4,0,,,,,,,STATUS_FULL_TIME
Europa League,2025-2026,2026-03-19T17:45Z,FC Midtjylland,Nottingham Forest,1,2,,,,,,,STATUS_FINAL_PEN
Europa League,2025-2026,2026-03-19T17:45Z,Lyon,Celta Vigo,0,2,,,,,,,STATUS_FULL_TIME
Europa League,2025-2026,2026-03-19T17:45Z,SC Freiburg,Racing Genk,5,1,,,,,,,STATUS_FULL_TIME
Europa League,2025-2026,2026-03-19T20:00Z,AS Roma,Bologna,3,4,,,,,,,STATUS_FINAL_AET
Europa League,2025-2026,2026-03-19T20:00Z,Aston Villa,Lille,2,0,,,,,,,STATUS_FULL_TIME
Europa League,2025-2026,2026-03-19T20:00Z,FC Porto,VfB Stuttgart,2,0,,,,,,,STATUS_FULL_TIME
Europa League,2025-2026,2026-03-19T20:00Z,Real Betis,Panathinaikos,4,0,,,,,,,STATUS_FULL_TIME
Europa League,2025-2026,2026-04-08T16:45Z,Braga,Real Betis,1,1,,,,,,,STATUS_FULL_TIME
Europa League,2025-2026,2026-04-09T19:00Z,Bologna,Aston Villa,1,3,,,,,,,STATUS_FULL_TIME
Europa League,2025-2026,2026-04-09T19:00Z,FC Porto,Nottingham Forest,1,1,,,,,,,STATUS_FULL_TIME
Europa League,2025-2026,2026-04-09T19:00Z,SC Freiburg,Celta Vigo,3,0,,,,,,,STATUS_FULL_TIME
Europa League,2025-2026,2026-04-16T16:45Z,Celta Vigo,SC Freiburg,1,3,,,,,,,STATUS_FULL_TIME
Europa League,2025-2026,2026-04-16T19:00Z,Aston Villa,Bologna,4,0,,,,,,,STATUS_FULL_TIME
Europa League,2025-2026,2026-04-16T19:00Z,Nottingham Forest,FC Porto,1,0,,,,,,,STATUS_FULL_TIME
Europa League,2025-2026,2026-04-16T19:00Z,Real Betis,Braga,2,4,,,,,,,STATUS_FULL_TIME
Europa League,2025-2026,2026-04-30T19:00Z,Braga,SC Freiburg,2,1,,,,,,,STATUS_FULL_TIME
Europa League,2025-2026,2026-04-30T19:00Z,Nottingham Forest,Aston Villa,1,0,,,,,,,STATUS_FULL_TIME
Europa League,2025-2026,2026-05-07T19:00Z,Aston Villa,Nottingham Forest,4,0,,,,,,,STATUS_FULL_TIME
Europa League,2025-2026,2026-05-07T19:00Z,SC Freiburg,Braga,3,1,,,,,,,STATUS_FULL_TIME
Europa League,2025-2026,2026-05-20T19:00Z,SC Freiburg,Aston Villa,0,3,,,,,,,STATUS_FULL_TIME
