league_code,league_name,country,league_tier,league_teams,league_pts_std,season,team,matches_to_15_goals,goals_scored,goal_tempo,action_complexity_score,avg_xg_per_goal,finishing_delta,assist_entropy,open_play_ratio,counter_ratio,avg_ppda,avg_xpts,final_points,final_rank
GER-1BL,1. Bundesliga,Germany,1,18,17.5,2021-2022,SpVgg Greuther Fürth,19,15,0.7895,1.2263,0.3195,1.8,2.3842,0.6132,0.22,11.5526,1.4526,18,18
GER-1BL,1. Bundesliga,Germany,1,18,17.5,2021-2022,Borussia Mönchengladbach,12,17,1.4167,1.3267,0.3508,2.04,2.61,0.6633,0.22,10.8,1.6533,45,10
GER-1BL,1. Bundesliga,Germany,1,18,17.5,2021-2022,FC Augsburg,15,16,1.0667,1.2707,0.3333,1.92,2.484,0.6353,0.22,11.22,1.5413,38,14
GER-1BL,1. Bundesliga,Germany,1,18,17.5,2021-2022,VfL Wolfsburg,13,15,1.1538,1.2846,0.3377,1.8,2.5154,0.6423,0.22,11.1154,1.5692,42,12
GER-1BL,1. Bundesliga,Germany,1,18,17.5,2021-2022,Mainz,11,15,1.3636,1.3182,0.3482,1.8,2.5909,0.6591,0.22,10.8637,1.6364,46,8
GER-1BL,1. Bundesliga,Germany,1,18,17.5,2021-2022,Eintracht Frankfurt,13,16,1.2308,1.2969,0.3415,1.92,2.5431,0.6485,0.22,11.023,1.5939,42,11
GER-1BL,1. Bundesliga,Germany,1,18,17.5,2021-2022,RB Leipzig,7,15,2.1429,1.4429,0.3871,1.8,2.8714,0.7214,0.22,9.9285,1.8857,58,4
GER-1BL,1. Bundesliga,Germany,1,18,17.5,2021-2022,Arminia Bielefeld,18,16,0.8889,1.2422,0.3244,1.92,2.42,0.6211,0.22,11.4333,1.4844,28,17
GER-1BL,1. Bundesliga,Germany,1,18,17.5,2021-2022,1. FC Union Berlin,10,15,1.5,1.34,0.355,1.8,2.64,0.67,0.22,10.7,1.68,57,5
GER-1BL,1. Bundesliga,Germany,1,18,17.5,2021-2022,VfL Bochum,14,15,1.0714,1.2714,0.3336,1.8,2.4857,0.6357,0.22,11.2143,1.5428,42,13
GER-1BL,1. Bundesliga,Germany,1,18,17.5,2021-2022,Bayern Munich,5,20,4.0,1.74,0.48,2.4,3.54,0.87,0.22,7.7,2.48,77,1
GER-1BL,1. Bundesliga,Germany,1,18,17.5,2021-2022,Bayer Leverkusen,5,15,3.0,1.58,0.43,1.8,3.18,0.79,0.22,8.9,2.16,64,3
GER-1BL,1. Bundesliga,Germany,1,18,17.5,2021-2022,SC Freiburg,10,17,1.7,1.372,0.365,2.04,2.712,0.686,0.22,10.46,1.744,55,6
GER-1BL,1. Bundesliga,Germany,1,18,17.5,2021-2022,VfB Stuttgart,10,15,1.5,1.34,0.355,1.8,2.64,0.67,0.22,10.7,1.68,33,15
GER-1BL,1. Bundesliga,Germany,1,18,17.5,2021-2022,Hertha Berlin,14,15,1.0714,1.2714,0.3336,1.8,2.4857,0.6357,0.22,11.2143,1.5428,33,16
GER-1BL,1. Bundesliga,Germany,1,18,17.5,2021-2022,TSG Hoffenheim,8,17,2.125,1.44,0.3863,2.04,2.865,0.72,0.22,9.95,1.88,46,9
GER-1BL,1. Bundesliga,Germany,1,18,17.5,2021-2022,Borussia Dortmund,5,17,3.4,1.644,0.45,2.04,3.324,0.822,0.22,8.42,2.288,69,2
GER-1BL,1. Bundesliga,Germany,1,18,17.5,2021-2022,FC Cologne,9,15,1.6667,1.3667,0.3633,1.8,2.7,0.6833,0.22,10.5,1.7333,52,7
GER-1BL,1. Bundesliga,Germany,1,18,17.5,2022-2023,Borussia Mönchengladbach,9,16,1.7778,1.3844,0.3689,1.92,2.74,0.6922,0.22,10.3666,1.7689,43,10
GER-1BL,1. Bundesliga,Germany,1,18,17.5,2022-2023,FC Augsburg,12,15,1.25,1.3,0.3425,1.8,2.55,0.65,0.22,11.0,1.6,34,15
GER-1BL,1. Bundesliga,Germany,1,18,17.5,2022-2023,VfL Wolfsburg,12,17,1.4167,1.3267,0.3508,2.04,2.61,0.6633,0.22,10.8,1.6533,49,8
GER-1BL,1. Bundesliga,Germany,1,18,17.5,2022-2023,Werder Bremen,8,18,2.25,1.46,0.3925,2.16,2.91,0.73,0.22,9.8,1.92,36,13
GER-1BL,1. Bundesliga,Germany,1,18,17.5,2022-2023,Eintracht Frankfurt,8,16,2.0,1.42,0.38,1.92,2.82,0.71,0.22,10.1,1.84,50,7
GER-1BL,1. Bundesliga,Germany,1,18,17.5,2022-2023,Mainz,11,16,1.4545,1.3327,0.3527,1.92,2.6236,0.6664,0.22,10.7546,1.6654,46,9
GER-1BL,1. Bundesliga,Germany,1,18,17.5,2022-2023,RB Leipzig,10,17,1.7,1.372,0.365,2.04,2.712,0.686,0.22,10.46,1.744,66,3
GER-1BL,1. Bundesliga,Germany,1,18,17.5,2022-2023,1. FC Union Berlin,7,15,2.1429,1.4429,0.3871,1.8,2.8714,0.7214,0.22,9.9285,1.8857,62,4
GER-1BL,1. Bundesliga,Germany,1,18,17.5,2022-2023,VfL Bochum,16,17,1.0625,1.27,0.3331,2.04,2.4825,0.635,0.22,11.225,1.54,35,14
GER-1BL,1. Bundesliga,Germany,1,18,17.5,2022-2023,Schalke 04,22,16,0.7273,1.2164,0.3164,1.92,2.3618,0.6082,0.22,11.6272,1.4327,31,17
GER-1BL,1. Bundesliga,Germany,1,18,17.5,2022-2023,Bayern Munich,3,15,5.0,1.9,0.53,1.8,3.9,0.95,0.22,6.5,2.8,71,1
GER-1BL,1. Bundesliga,Germany,1,18,17.5,2022-2023,Bayer Leverkusen,11,16,1.4545,1.3327,0.3527,1.92,2.6236,0.6664,0.22,10.7546,1.6654,50,6
GER-1BL,1. Bundesliga,Germany,1,18,17.5,2022-2023,SC Freiburg,11,16,1.4545,1.3327,0.3527,1.92,2.6236,0.6664,0.22,10.7546,1.6654,59,5
GER-1BL,1. Bundesliga,Germany,1,18,17.5,2022-2023,VfB Stuttgart,12,15,1.25,1.3,0.3425,1.8,2.55,0.65,0.22,11.0,1.6,33,16
GER-1BL,1. Bundesliga,Germany,1,18,17.5,2022-2023,Hertha Berlin,13,16,1.2308,1.2969,0.3415,1.92,2.5431,0.6485,0.22,11.023,1.5939,29,18
GER-1BL,1. Bundesliga,Germany,1,18,17.5,2022-2023,TSG Hoffenheim,10,17,1.7,1.372,0.365,2.04,2.712,0.686,0.22,10.46,1.744,36,12
GER-1BL,1. Bundesliga,Germany,1,18,17.5,2022-2023,Borussia Dortmund,11,18,1.6364,1.3618,0.3618,2.16,2.6891,0.6809,0.22,10.5363,1.7236,71,2
GER-1BL,1. Bundesliga,Germany,1,18,17.5,2022-2023,FC Cologne,9,16,1.7778,1.3844,0.3689,1.92,2.74,0.6922,0.22,10.3666,1.7689,42,11
GER-1BL,1. Bundesliga,Germany,1,18,17.5,2023-2024,Borussia Mönchengladbach,9,16,1.7778,1.3844,0.3689,1.92,2.74,0.6922,0.22,10.3666,1.7689,34,14
GER-1BL,1. Bundesliga,Germany,1,18,17.5,2023-2024,FC Augsburg,8,15,1.875,1.4,0.3738,1.8,2.775,0.7,0.22,10.25,1.8,39,11
GER-1BL,1. Bundesliga,Germany,1,18,17.5,2023-2024,VfL Wolfsburg,10,15,1.5,1.34,0.355,1.8,2.64,0.67,0.22,10.7,1.68,37,12
GER-1BL,1. Bundesliga,Germany,1,18,17.5,2023-2024,Werder Bremen,10,16,1.6,1.356,0.36,1.92,2.676,0.678,0.22,10.58,1.712,42,9
GER-1BL,1. Bundesliga,Germany,1,18,17.5,2023-2024,Eintracht Frankfurt,10,15,1.5,1.34,0.355,1.8,2.64,0.67,0.22,10.7,1.68,47,6
GER-1BL,1. Bundesliga,Germany,1,18,17.5,2023-2024,Mainz,20,15,0.75,1.22,0.3175,1.8,2.37,0.61,0.22,11.6,1.44,35,13
GER-1BL,1. Bundesliga,Germany,1,18,17.5,2023-2024,RB Leipzig,6,16,2.6667,1.5267,0.4133,1.92,3.06,0.7633,0.22,9.3,2.0533,65,4
GER-1BL,1. Bundesliga,Germany,1,18,17.5,2023-2024,1. FC Union Berlin,13,15,1.1538,1.2846,0.3377,1.8,2.5154,0.6423,0.22,11.1154,1.5692,33,15
GER-1BL,1. Bundesliga,Germany,1,18,17.5,2023-2024,VfL Bochum,14,15,1.0714,1.2714,0.3336,1.8,2.4857,0.6357,0.22,11.2143,1.5428,33,16
GER-1BL,1. Bundesliga,Germany,1,18,17.5,2023-2024,Bayern Munich,5,18,3.6,1.676,0.46,2.16,3.396,0.838,0.22,8.18,2.352,72,3
GER-1BL,1. Bundesliga,Germany,1,18,17.5,2023-2024,SV Darmstadt 98,12,15,1.25,1.3,0.3425,1.8,2.55,0.65,0.22,11.0,1.6,17,18
GER-1BL,1. Bundesliga,Germany,1,18,17.5,2023-2024,Bayer Leverkusen,5,17,3.4,1.644,0.45,2.04,3.324,0.822,0.22,8.42,2.288,90,1
GER-1BL,1. Bundesliga,Germany,1,18,17.5,2023-2024,SC Freiburg,12,15,1.25,1.3,0.3425,1.8,2.55,0.65,0.22,11.0,1.6,42,10
GER-1BL,1. Bundesliga,Germany,1,18,17.5,2023-2024,1. FC Heidenheim 1846,10,15,1.5,1.34,0.355,1.8,2.64,0.67,0.22,10.7,1.68,42,8
GER-1BL,1. Bundesliga,Germany,1,18,17.5,2023-2024,VfB Stuttgart,5,17,3.4,1.644,0.45,2.04,3.324,0.822,0.22,8.42,2.288,73,2
GER-1BL,1. Bundesliga,Germany,1,18,17.5,2023-2024,TSG Hoffenheim,7,16,2.2857,1.4657,0.3943,1.92,2.9229,0.7329,0.22,9.7572,1.9314,46,7
GER-1BL,1. Bundesliga,Germany,1,18,17.5,2023-2024,Borussia Dortmund,7,16,2.2857,1.4657,0.3943,1.92,2.9229,0.7329,0.22,9.7572,1.9314,63,5
GER-1BL,1. Bundesliga,Germany,1,18,17.5,2023-2024,FC Cologne,21,15,0.7143,1.2143,0.3157,1.8,2.3571,0.6071,0.22,11.6428,1.4286,27,17
GER-1BL,1. Bundesliga,Germany,1,18,17.5,2024-2025,Borussia Mönchengladbach,9,15,1.6667,1.3667,0.3633,1.8,2.7,0.6833,0.22,10.5,1.7333,45,10
GER-1BL,1. Bundesliga,Germany,1,18,17.5,2024-2025,FC Augsburg,13,16,1.2308,1.2969,0.3415,1.92,2.5431,0.6485,0.22,11.023,1.5939,43,12
GER-1BL,1. Bundesliga,Germany,1,18,17.5,2024-2025,Mainz,10,15,1.5,1.34,0.355,1.8,2.64,0.67,0.22,10.7,1.68,52,6
GER-1BL,1. Bundesliga,Germany,1,18,17.5,2024-2025,VfL Wolfsburg,7,15,2.1429,1.4429,0.3871,1.8,2.8714,0.7214,0.22,9.9285,1.8857,43,11
GER-1BL,1. Bundesliga,Germany,1,18,17.5,2024-2025,Werder Bremen,9,15,1.6667,1.3667,0.3633,1.8,2.7,0.6833,0.22,10.5,1.7333,51,8
GER-1BL,1. Bundesliga,Germany,1,18,17.5,2024-2025,Eintracht Frankfurt,7,15,2.1429,1.4429,0.3871,1.8,2.8714,0.7214,0.22,9.9285,1.8857,60,3
GER-1BL,1. Bundesliga,Germany,1,18,17.5,2024-2025,RB Leipzig,9,15,1.6667,1.3667,0.3633,1.8,2.7,0.6833,0.22,10.5,1.7333,51,7
GER-1BL,1. Bundesliga,Germany,1,18,17.5,2024-2025,1. FC Union Berlin,18,15,0.8333,1.2333,0.3217,1.8,2.4,0.6167,0.22,11.5,1.4667,40,13
GER-1BL,1. Bundesliga,Germany,1,18,17.5,2024-2025,VfL Bochum,17,15,0.8824,1.2412,0.3241,1.8,2.4177,0.6206,0.22,11.4411,1.4824,25,18
GER-1BL,1. Bundesliga,Germany,1,18,17.5,2024-2025,Bayern Munich,4,16,4.0,1.74,0.48,1.92,3.54,0.87,0.22,7.7,2.48,82,1
GER-1BL,1. Bundesliga,Germany,1,18,17.5,2024-2025,Bayer Leverkusen,6,16,2.6667,1.5267,0.4133,1.92,3.06,0.7633,0.22,9.3,2.0533,69,2
GER-1BL,1. Bundesliga,Germany,1,18,17.5,2024-2025,Holstein Kiel,15,19,1.2667,1.3027,0.3433,2.28,2.556,0.6513,0.22,10.98,1.6053,25,17
GER-1BL,1. Bundesliga,Germany,1,18,17.5,2024-2025,SC Freiburg,12,16,1.3333,1.3133,0.3467,1.92,2.58,0.6567,0.22,10.9,1.6267,55,5
GER-1BL,1. Bundesliga,Germany,1,18,17.5,2024-2025,1. FC Heidenheim 1846,11,15,1.3636,1.3182,0.3482,1.8,2.5909,0.6591,0.22,10.8637,1.6364,29,16
GER-1BL,1. Bundesliga,Germany,1,18,17.5,2024-2025,VfB Stuttgart,6,15,2.5,1.5,0.405,1.8,3.0,0.75,0.22,9.5,2.0,50,9
GER-1BL,1. Bundesliga,Germany,1,18,17.5,2024-2025,St. Pauli,19,17,0.8947,1.2432,0.3247,2.04,2.4221,0.6216,0.22,11.4264,1.4863,32,14
GER-1BL,1. Bundesliga,Germany,1,18,17.5,2024-2025,TSG Hoffenheim,11,17,1.5455,1.3473,0.3573,2.04,2.6564,0.6736,0.22,10.6454,1.6946,32,15
GER-1BL,1. Bundesliga,Germany,1,18,17.5,2024-2025,Borussia Dortmund,8,15,1.875,1.4,0.3738,1.8,2.775,0.7,0.22,10.25,1.8,57,4
GER-1BL,1. Bundesliga,Germany,1,18,17.5,2025-2026,Borussia Mönchengladbach,11,16,1.4545,1.3327,0.3527,1.92,2.6236,0.6664,0.22,10.7546,1.6654,38,12
GER-1BL,1. Bundesliga,Germany,1,18,17.5,2025-2026,FC Augsburg,11,15,1.3636,1.3182,0.3482,1.8,2.5909,0.6591,0.22,10.8637,1.6364,43,9
GER-1BL,1. Bundesliga,Germany,1,18,17.5,2025-2026,Mainz,16,15,0.9375,1.25,0.3269,1.8,2.4375,0.625,0.22,11.375,1.5,40,10
GER-1BL,1. Bundesliga,Germany,1,18,17.5,2025-2026,Werder Bremen,10,15,1.5,1.34,0.355,1.8,2.64,0.67,0.22,10.7,1.68,32,15
GER-1BL,1. Bundesliga,Germany,1,18,17.5,2025-2026,Eintracht Frankfurt,5,17,3.4,1.644,0.45,2.04,3.324,0.822,0.22,8.42,2.288,44,8
GER-1BL,1. Bundesliga,Germany,1,18,17.5,2025-2026,VfL Wolfsburg,13,17,1.3077,1.3092,0.3454,2.04,2.5708,0.6546,0.22,10.9308,1.6185,29,16
GER-1BL,1. Bundesliga,Germany,1,18,17.5,2025-2026,RB Leipzig,8,16,2.0,1.42,0.38,1.92,2.82,0.71,0.22,10.1,1.84,65,3
GER-1BL,1. Bundesliga,Germany,1,18,17.5,2025-2026,1. FC Union Berlin,12,15,1.25,1.3,0.3425,1.8,2.55,0.65,0.22,11.0,1.6,39,11
GER-1BL,1. Bundesliga,Germany,1,18,17.5,2025-2026,Bayern Munich,4,18,4.5,1.82,0.505,2.16,3.72,0.91,0.22,7.1,2.64,89,1
GER-1BL,1. Bundesliga,Germany,1,18,17.5,2025-2026,Hamburg SV,14,15,1.0714,1.2714,0.3336,1.8,2.4857,0.6357,0.22,11.2143,1.5428,38,13
GER-1BL,1. Bundesliga,Germany,1,18,17.5,2025-2026,Bayer Leverkusen,7,16,2.2857,1.4657,0.3943,1.92,2.9229,0.7329,0.22,9.7572,1.9314,59,6
GER-1BL,1. Bundesliga,Germany,1,18,17.5,2025-2026,SC Freiburg,11,15,1.3636,1.3182,0.3482,1.8,2.5909,0.6591,0.22,10.8637,1.6364,47,7
GER-1BL,1. Bundesliga,Germany,1,18,17.5,2025-2026,1. FC Heidenheim 1846,16,15,0.9375,1.25,0.3269,1.8,2.4375,0.625,0.22,11.375,1.5,26,17
GER-1BL,1. Bundesliga,Germany,1,18,17.5,2025-2026,VfB Stuttgart,10,17,1.7,1.372,0.365,2.04,2.712,0.686,0.22,10.46,1.744,62,4
GER-1BL,1. Bundesliga,Germany,1,18,17.5,2025-2026,St. Pauli,17,16,0.9412,1.2506,0.3271,1.92,2.4388,0.6253,0.22,11.3706,1.5012,26,18
GER-1BL,1. Bundesliga,Germany,1,18,17.5,2025-2026,TSG Hoffenheim,8,15,1.875,1.4,0.3738,1.8,2.775,0.7,0.22,10.25,1.8,61,5
GER-1BL,1. Bundesliga,Germany,1,18,17.5,2025-2026,Borussia Dortmund,9,15,1.6667,1.3667,0.3633,1.8,2.7,0.6833,0.22,10.5,1.7333,73,2
GER-1BL,1. Bundesliga,Germany,1,18,17.5,2025-2026,FC Cologne,9,16,1.7778,1.3844,0.3689,1.92,2.74,0.6922,0.22,10.3666,1.7689,32,14
GER-2BL,2. Bundesliga,Germany,2,18,12.2,2021-2022,Hansa Rostock,14,15,1.0714,1.2714,0.3336,1.8,2.4857,0.6357,0.22,11.2143,1.5428,38,13
GER-2BL,2. Bundesliga,Germany,2,18,12.2,2021-2022,1. FC Nürnberg,11,15,1.3636,1.3182,0.3482,1.8,2.5909,0.6591,0.22,10.8637,1.6364,49,7
GER-2BL,2. Bundesliga,Germany,2,18,12.2,2021-2022,Werder Bremen,11,15,1.3636,1.3182,0.3482,1.8,2.5909,0.6591,0.22,10.8637,1.6364,59,3
GER-2BL,2. Bundesliga,Germany,2,18,12.2,2021-2022,Karlsruher SC,12,15,1.25,1.3,0.3425,1.8,2.55,0.65,0.22,11.0,1.6,35,14
GER-2BL,2. Bundesliga,Germany,2,18,12.2,2021-2022,Schalke 04,8,15,1.875,1.4,0.3738,1.8,2.775,0.7,0.22,10.25,1.8,65,1
GER-2BL,2. Bundesliga,Germany,2,18,12.2,2021-2022,Hamburg SV,10,15,1.5,1.34,0.355,1.8,2.64,0.67,0.22,10.7,1.68,57,4
GER-2BL,2. Bundesliga,Germany,2,18,12.2,2021-2022,SV Darmstadt 98,6,15,2.5,1.5,0.405,1.8,3.0,0.75,0.22,9.5,2.0,60,2
GER-2BL,2. Bundesliga,Germany,2,18,12.2,2021-2022,Fortuna Düsseldorf,11,15,1.3636,1.3182,0.3482,1.8,2.5909,0.6591,0.22,10.8637,1.6364,41,10
GER-2BL,2. Bundesliga,Germany,2,18,12.2,2021-2022,Holstein Kiel,13,15,1.1538,1.2846,0.3377,1.8,2.5154,0.6423,0.22,11.1154,1.5692,45,9
GER-2BL,2. Bundesliga,Germany,2,18,12.2,2021-2022,FC Erzgebirge Aue,17,15,0.8824,1.2412,0.3241,1.8,2.4177,0.6206,0.22,11.4411,1.4824,25,17
GER-2BL,2. Bundesliga,Germany,2,18,12.2,2021-2022,1. FC Heidenheim 1846,14,17,1.2143,1.2943,0.3407,2.04,2.5371,0.6471,0.22,11.0428,1.5886,48,8
GER-2BL,2. Bundesliga,Germany,2,18,12.2,2021-2022,Hannover 96,19,15,0.7895,1.2263,0.3195,1.8,2.3842,0.6132,0.22,11.5526,1.4526,41,12
GER-2BL,2. Bundesliga,Germany,2,18,12.2,2021-2022,SC Paderborn 07,6,15,2.5,1.5,0.405,1.8,3.0,0.75,0.22,9.5,2.0,49,6
GER-2BL,2. Bundesliga,Germany,2,18,12.2,2021-2022,SSV Jahn Regensburg,7,15,2.1429,1.4429,0.3871,1.8,2.8714,0.7214,0.22,9.9285,1.8857,34,15
GER-2BL,2. Bundesliga,Germany,2,18,12.2,2021-2022,St. Pauli,8,16,2.0,1.42,0.38,1.92,2.82,0.71,0.22,10.1,1.84,54,5
GER-2BL,2. Bundesliga,Germany,2,18,12.2,2021-2022,FC Ingolstadt 04,19,19,1.0,1.26,0.33,2.28,2.46,0.63,0.22,11.3,1.52,21,18
GER-2BL,2. Bundesliga,Germany,2,18,12.2,2021-2022,SV Sandhausen,13,16,1.2308,1.2969,0.3415,1.92,2.5431,0.6485,0.22,11.023,1.5939,41,11
GER-2BL,2. Bundesliga,Germany,2,18,12.2,2021-2022,Dynamo Dresden,15,16,1.0667,1.2707,0.3333,1.92,2.484,0.6353,0.22,11.22,1.5413,29,16
GER-2BL,2. Bundesliga,Germany,2,18,12.2,2022-2023,SpVgg Greuther Fürth,10,15,1.5,1.34,0.355,1.8,2.64,0.67,0.22,10.7,1.68,40,11
GER-2BL,2. Bundesliga,Germany,2,18,12.2,2022-2023,Hansa Rostock,14,15,1.0714,1.2714,0.3336,1.8,2.4857,0.6357,0.22,11.2143,1.5428,38,13
GER-2BL,2. Bundesliga,Germany,2,18,12.2,2022-2023,1. FC Nürnberg,22,16,0.7273,1.2164,0.3164,1.92,2.3618,0.6082,0.22,11.6272,1.4327,36,15
GER-2BL,2. Bundesliga,Germany,2,18,12.2,2022-2023,Kaiserslautern,8,15,1.875,1.4,0.3738,1.8,2.775,0.7,0.22,10.25,1.8,41,10
GER-2BL,2. Bundesliga,Germany,2,18,12.2,2022-2023,Karlsruher SC,8,16,2.0,1.42,0.38,1.92,2.82,0.71,0.22,10.1,1.84,46,7
GER-2BL,2. Bundesliga,Germany,2,18,12.2,2022-2023,1. FC Magdeburg,13,15,1.1538,1.2846,0.3377,1.8,2.5154,0.6423,0.22,11.1154,1.5692,40,12
GER-2BL,2. Bundesliga,Germany,2,18,12.2,2022-2023,Arminia Bielefeld,11,15,1.3636,1.3182,0.3482,1.8,2.5909,0.6591,0.22,10.8637,1.6364,34,16
GER-2BL,2. Bundesliga,Germany,2,18,12.2,2022-2023,Hamburg SV,9,15,1.6667,1.3667,0.3633,1.8,2.7,0.6833,0.22,10.5,1.7333,63,2
GER-2BL,2. Bundesliga,Germany,2,18,12.2,2022-2023,TSV Eintracht Braunschweig,10,15,1.5,1.34,0.355,1.8,2.64,0.67,0.22,10.7,1.68,36,14
GER-2BL,2. Bundesliga,Germany,2,18,12.2,2022-2023,SV Darmstadt 98,7,15,2.1429,1.4429,0.3871,1.8,2.8714,0.7214,0.22,9.9285,1.8857,64,1
GER-2BL,2. Bundesliga,Germany,2,18,12.2,2022-2023,SC Paderborn 07,5,15,3.0,1.58,0.43,1.8,3.18,0.79,0.22,8.9,2.16,52,5
GER-2BL,2. Bundesliga,Germany,2,18,12.2,2022-2023,Holstein Kiel,9,16,1.7778,1.3844,0.3689,1.92,2.74,0.6922,0.22,10.3666,1.7689,44,8
GER-2BL,2. Bundesliga,Germany,2,18,12.2,2022-2023,Fortuna Düsseldorf,8,16,2.0,1.42,0.38,1.92,2.82,0.71,0.22,10.1,1.84,52,6
GER-2BL,2. Bundesliga,Germany,2,18,12.2,2022-2023,SSV Jahn Regensburg,15,15,1.0,1.26,0.33,1.8,2.46,0.63,0.22,11.3,1.52,25,18
GER-2BL,2. Bundesliga,Germany,2,18,12.2,2022-2023,Hannover 96,8,15,1.875,1.4,0.3738,1.8,2.775,0.7,0.22,10.25,1.8,43,9
GER-2BL,2. Bundesliga,Germany,2,18,12.2,2022-2023,1. FC Heidenheim 1846,11,16,1.4545,1.3327,0.3527,1.92,2.6236,0.6664,0.22,10.7546,1.6654,61,3
GER-2BL,2. Bundesliga,Germany,2,18,12.2,2022-2023,St. Pauli,15,18,1.2,1.292,0.34,2.16,2.532,0.646,0.22,11.06,1.584,54,4
GER-2BL,2. Bundesliga,Germany,2,18,12.2,2022-2023,SV Sandhausen,14,16,1.1429,1.2829,0.3371,1.92,2.5114,0.6414,0.22,11.1285,1.5657,25,17
GER-2BL,2. Bundesliga,Germany,2,18,12.2,2023-2024,SpVgg Greuther Fürth,11,15,1.3636,1.3182,0.3482,1.8,2.5909,0.6591,0.22,10.8637,1.6364,18,9
GER-2BL,2. Bundesliga,Germany,2,18,12.2,2023-2024,Hansa Rostock,13,12,0.9231,1.2477,0.3262,1.44,2.4323,0.6238,0.22,11.3923,1.4954,13,14
GER-2BL,2. Bundesliga,Germany,2,18,12.2,2023-2024,1. FC Nürnberg,9,16,1.7778,1.3844,0.3689,1.92,2.74,0.6922,0.22,10.3666,1.7689,18,10
GER-2BL,2. Bundesliga,Germany,2,18,12.2,2023-2024,VfL Osnabruck,14,14,1.0,1.26,0.33,1.68,2.46,0.63,0.22,11.3,1.52,10,17
GER-2BL,2. Bundesliga,Germany,2,18,12.2,2023-2024,Kaiserslautern,8,17,2.125,1.44,0.3863,2.04,2.865,0.72,0.22,9.95,1.88,24,4
GER-2BL,2. Bundesliga,Germany,2,18,12.2,2023-2024,Karlsruher SC,12,17,1.4167,1.3267,0.3508,2.04,2.61,0.6633,0.22,10.8,1.6533,12,15
GER-2BL,2. Bundesliga,Germany,2,18,12.2,2023-2024,1. FC Magdeburg,5,15,3.0,1.58,0.43,1.8,3.18,0.79,0.22,8.9,2.16,12,16
GER-2BL,2. Bundesliga,Germany,2,18,12.2,2023-2024,Schalke 04,11,16,1.4545,1.3327,0.3527,1.92,2.6236,0.6664,0.22,10.7546,1.6654,17,13
GER-2BL,2. Bundesliga,Germany,2,18,12.2,2023-2024,SV Wehen Wiesbaden,12,13,1.0833,1.2733,0.3342,1.56,2.49,0.6367,0.22,11.2,1.5467,17,12
GER-2BL,2. Bundesliga,Germany,2,18,12.2,2023-2024,Hamburg SV,10,17,1.7,1.372,0.365,2.04,2.712,0.686,0.22,10.46,1.744,24,2
GER-2BL,2. Bundesliga,Germany,2,18,12.2,2023-2024,Fortuna Düsseldorf,9,18,2.0,1.42,0.38,2.16,2.82,0.71,0.22,10.1,1.84,22,5
GER-2BL,2. Bundesliga,Germany,2,18,12.2,2023-2024,TSV Eintracht Braunschweig,13,10,0.7692,1.2231,0.3185,1.2,2.3769,0.6115,0.22,11.577,1.4461,8,18
GER-2BL,2. Bundesliga,Germany,2,18,12.2,2023-2024,SC Paderborn 07,9,16,1.7778,1.3844,0.3689,1.92,2.74,0.6922,0.22,10.3666,1.7689,21,6
GER-2BL,2. Bundesliga,Germany,2,18,12.2,2023-2024,Holstein Kiel,9,17,1.8889,1.4022,0.3744,2.04,2.78,0.7011,0.22,10.2333,1.8044,20,7
GER-2BL,2. Bundesliga,Germany,2,18,12.2,2023-2024,SV Elversberg,10,15,1.5,1.34,0.355,1.8,2.64,0.67,0.22,10.7,1.68,18,11
GER-2BL,2. Bundesliga,Germany,2,18,12.2,2023-2024,Hannover 96,6,15,2.5,1.5,0.405,1.8,3.0,0.75,0.22,9.5,2.0,24,3
GER-2BL,2. Bundesliga,Germany,2,18,12.2,2023-2024,St. Pauli,8,16,2.0,1.42,0.38,1.92,2.82,0.71,0.22,10.1,1.84,29,1
GER-2BL,2. Bundesliga,Germany,2,18,12.2,2023-2024,Hertha Berlin,6,15,2.5,1.5,0.405,1.8,3.0,0.75,0.22,9.5,2.0,19,8
GER-2BL,2. Bundesliga,Germany,2,18,12.2,2024-2025,SpVgg Greuther Fürth,10,17,1.7,1.372,0.365,2.04,2.712,0.686,0.22,10.46,1.744,39,13
GER-2BL,2. Bundesliga,Germany,2,18,12.2,2024-2025,Preußen Münster,12,15,1.25,1.3,0.3425,1.8,2.55,0.65,0.22,11.0,1.6,36,15
GER-2BL,2. Bundesliga,Germany,2,18,12.2,2024-2025,1. FC Nürnberg,9,15,1.6667,1.3667,0.3633,1.8,2.7,0.6833,0.22,10.5,1.7333,48,10
GER-2BL,2. Bundesliga,Germany,2,18,12.2,2024-2025,Kaiserslautern,10,18,1.8,1.388,0.37,2.16,2.748,0.694,0.22,10.34,1.776,53,7
GER-2BL,2. Bundesliga,Germany,2,18,12.2,2024-2025,Karlsruher SC,7,16,2.2857,1.4657,0.3943,1.92,2.9229,0.7329,0.22,9.7572,1.9314,52,8
GER-2BL,2. Bundesliga,Germany,2,18,12.2,2024-2025,1. FC Magdeburg,7,15,2.1429,1.4429,0.3871,1.8,2.8714,0.7214,0.22,9.9285,1.8857,53,5
GER-2BL,2. Bundesliga,Germany,2,18,12.2,2024-2025,Schalke 04,8,16,2.0,1.42,0.38,1.92,2.82,0.71,0.22,10.1,1.84,38,14
GER-2BL,2. Bundesliga,Germany,2,18,12.2,2024-2025,Hamburg SV,7,16,2.2857,1.4657,0.3943,1.92,2.9229,0.7329,0.22,9.7572,1.9314,59,2
GER-2BL,2. Bundesliga,Germany,2,18,12.2,2024-2025,SV Darmstadt 98,9,17,1.8889,1.4022,0.3744,2.04,2.78,0.7011,0.22,10.2333,1.8044,42,12
GER-2BL,2. Bundesliga,Germany,2,18,12.2,2024-2025,Fortuna Düsseldorf,10,17,1.7,1.372,0.365,2.04,2.712,0.686,0.22,10.46,1.744,53,6
GER-2BL,2. Bundesliga,Germany,2,18,12.2,2024-2025,SV Elversberg,9,15,1.6667,1.3667,0.3633,1.8,2.7,0.6833,0.22,10.5,1.7333,58,3
GER-2BL,2. Bundesliga,Germany,2,18,12.2,2024-2025,SC Paderborn 07,8,16,2.0,1.42,0.38,1.92,2.82,0.71,0.22,10.1,1.84,55,4
GER-2BL,2. Bundesliga,Germany,2,18,12.2,2024-2025,TSV Eintracht Braunschweig,13,16,1.2308,1.2969,0.3415,1.92,2.5431,0.6485,0.22,11.023,1.5939,35,16
GER-2BL,2. Bundesliga,Germany,2,18,12.2,2024-2025,Hannover 96,11,15,1.3636,1.3182,0.3482,1.8,2.5909,0.6591,0.22,10.8637,1.6364,51,9
GER-2BL,2. Bundesliga,Germany,2,18,12.2,2024-2025,SSV Jahn Regensburg,27,16,0.5926,1.1948,0.3096,1.92,2.3133,0.5974,0.22,11.7889,1.3896,25,18
GER-2BL,2. Bundesliga,Germany,2,18,12.2,2024-2025,SSV Ulm 1846,15,15,1.0,1.26,0.33,1.8,2.46,0.63,0.22,11.3,1.52,30,17
GER-2BL,2. Bundesliga,Germany,2,18,12.2,2024-2025,Hertha Berlin,9,16,1.7778,1.3844,0.3689,1.92,2.74,0.6922,0.22,10.3666,1.7689,44,11
GER-2BL,2. Bundesliga,Germany,2,18,12.2,2024-2025,FC Cologne,7,18,2.5714,1.5114,0.4086,2.16,3.0257,0.7557,0.22,9.4143,2.0228,61,1
GER-2BL,2. Bundesliga,Germany,2,18,12.2,2025-2026,SpVgg Greuther Fürth,8,15,1.875,1.4,0.3738,1.8,2.775,0.7,0.22,10.25,1.8,37,16
GER-2BL,2. Bundesliga,Germany,2,18,12.2,2025-2026,Preußen Münster,9,15,1.6667,1.3667,0.3633,1.8,2.7,0.6833,0.22,10.5,1.7333,30,18
GER-2BL,2. Bundesliga,Germany,2,18,12.2,2025-2026,1. FC Nürnberg,13,15,1.1538,1.2846,0.3377,1.8,2.5154,0.6423,0.22,11.1154,1.5692,46,8
GER-2BL,2. Bundesliga,Germany,2,18,12.2,2025-2026,Kaiserslautern,8,15,1.875,1.4,0.3738,1.8,2.775,0.7,0.22,10.25,1.8,52,6
GER-2BL,2. Bundesliga,Germany,2,18,12.2,2025-2026,Karlsruher SC,10,17,1.7,1.372,0.365,2.04,2.712,0.686,0.22,10.46,1.744,44,10
GER-2BL,2. Bundesliga,Germany,2,18,12.2,2025-2026,Arminia Bielefeld,9,17,1.8889,1.4022,0.3744,2.04,2.78,0.7011,0.22,10.2333,1.8044,39,13
GER-2BL,2. Bundesliga,Germany,2,18,12.2,2025-2026,Schalke 04,11,15,1.3636,1.3182,0.3482,1.8,2.5909,0.6591,0.22,10.8637,1.6364,70,1
GER-2BL,2. Bundesliga,Germany,2,18,12.2,2025-2026,1. FC Magdeburg,15,15,1.0,1.26,0.33,1.8,2.46,0.63,0.22,11.3,1.52,39,14
GER-2BL,2. Bundesliga,Germany,2,18,12.2,2025-2026,VfL Bochum,12,16,1.3333,1.3133,0.3467,1.92,2.58,0.6567,0.22,10.9,1.6267,44,9
GER-2BL,2. Bundesliga,Germany,2,18,12.2,2025-2026,SV Darmstadt 98,11,16,1.4545,1.3327,0.3527,1.92,2.6236,0.6664,0.22,10.7546,1.6654,52,5
GER-2BL,2. Bundesliga,Germany,2,18,12.2,2025-2026,Fortuna Düsseldorf,17,15,0.8824,1.2412,0.3241,1.8,2.4177,0.6206,0.22,11.4411,1.4824,37,17
GER-2BL,2. Bundesliga,Germany,2,18,12.2,2025-2026,SC Paderborn 07,9,15,1.6667,1.3667,0.3633,1.8,2.7,0.6833,0.22,10.5,1.7333,62,3
GER-2BL,2. Bundesliga,Germany,2,18,12.2,2025-2026,SV Elversberg,8,16,2.0,1.42,0.38,1.92,2.82,0.71,0.22,10.1,1.84,62,2
GER-2BL,2. Bundesliga,Germany,2,18,12.2,2025-2026,TSV Eintracht Braunschweig,15,15,1.0,1.26,0.33,1.8,2.46,0.63,0.22,11.3,1.52,37,15
GER-2BL,2. Bundesliga,Germany,2,18,12.2,2025-2026,Hannover 96,8,15,1.875,1.4,0.3738,1.8,2.775,0.7,0.22,10.25,1.8,60,4
GER-2BL,2. Bundesliga,Germany,2,18,12.2,2025-2026,Holstein Kiel,15,15,1.0,1.26,0.33,1.8,2.46,0.63,0.22,11.3,1.52,41,12
GER-2BL,2. Bundesliga,Germany,2,18,12.2,2025-2026,Hertha Berlin,12,15,1.25,1.3,0.3425,1.8,2.55,0.65,0.22,11.0,1.6,51,7
GER-2BL,2. Bundesliga,Germany,2,18,12.2,2025-2026,Dynamo Dresden,10,15,1.5,1.34,0.355,1.8,2.64,0.67,0.22,10.7,1.68,41,11
ENG-EPL,Premier League,England,1,20,18.2,2021-2022,Tottenham Hotspur,14,16,1.1429,1.2829,0.3371,1.92,2.5114,0.6414,0.22,11.1285,1.5657,71,4
ENG-EPL,Premier League,England,1,20,18.2,2021-2022,Leeds United,15,15,1.0,1.26,0.33,1.8,2.46,0.63,0.22,11.3,1.52,38,17
ENG-EPL,Premier League,England,1,20,18.2,2021-2022,Newcastle United,12,15,1.25,1.3,0.3425,1.8,2.55,0.65,0.22,11.0,1.6,49,11
ENG-EPL,Premier League,England,1,20,18.2,2021-2022,West Ham United,8,15,1.875,1.4,0.3738,1.8,2.775,0.7,0.22,10.25,1.8,56,7
ENG-EPL,Premier League,England,1,20,18.2,2021-2022,Everton,9,15,1.6667,1.3667,0.3633,1.8,2.7,0.6833,0.22,10.5,1.7333,39,16
ENG-EPL,Premier League,England,1,20,18.2,2021-2022,Manchester United,8,16,2.0,1.42,0.38,1.92,2.82,0.71,0.22,10.1,1.84,58,6
ENG-EPL,Premier League,England,1,20,18.2,2021-2022,Norwich City,25,15,0.6,1.196,0.31,1.8,2.316,0.598,0.22,11.78,1.392,22,20
ENG-EPL,Premier League,England,1,20,18.2,2021-2022,Watford,12,16,1.3333,1.3133,0.3467,1.92,2.58,0.6567,0.22,10.9,1.6267,23,19
ENG-EPL,Premier League,England,1,20,18.2,2021-2022,Manchester City,8,16,2.0,1.42,0.38,1.92,2.82,0.71,0.22,10.1,1.84,93,1
ENG-EPL,Premier League,England,1,20,18.2,2021-2022,Brighton & Hove Albion,17,16,0.9412,1.2506,0.3271,1.92,2.4388,0.6253,0.22,11.3706,1.5012,51,9
ENG-EPL,Premier League,England,1,20,18.2,2021-2022,Liverpool,6,15,2.5,1.5,0.405,1.8,3.0,0.75,0.22,9.5,2.0,92,2
ENG-EPL,Premier League,England,1,20,18.2,2021-2022,Burnley,16,15,0.9375,1.25,0.3269,1.8,2.4375,0.625,0.22,11.375,1.5,35,18
ENG-EPL,Premier League,England,1,20,18.2,2021-2022,Arsenal,13,15,1.1538,1.2846,0.3377,1.8,2.5154,0.6423,0.22,11.1154,1.5692,69,5
ENG-EPL,Premier League,England,1,20,18.2,2021-2022,Chelsea,7,15,2.1429,1.4429,0.3871,1.8,2.8714,0.7214,0.22,9.9285,1.8857,74,3
ENG-EPL,Premier League,England,1,20,18.2,2021-2022,Aston Villa,12,16,1.3333,1.3133,0.3467,1.92,2.58,0.6567,0.22,10.9,1.6267,45,14
ENG-EPL,Premier League,England,1,20,18.2,2021-2022,Brentford,12,16,1.3333,1.3133,0.3467,1.92,2.58,0.6567,0.22,10.9,1.6267,46,13
ENG-EPL,Premier League,England,1,20,18.2,2021-2022,Southampton,17,16,0.9412,1.2506,0.3271,1.92,2.4388,0.6253,0.22,11.3706,1.5012,40,15
ENG-EPL,Premier League,England,1,20,18.2,2021-2022,Crystal Palace,11,15,1.3636,1.3182,0.3482,1.8,2.5909,0.6591,0.22,10.8637,1.6364,48,12
ENG-EPL,Premier League,England,1,20,18.2,2021-2022,Leicester City,9,15,1.6667,1.3667,0.3633,1.8,2.7,0.6833,0.22,10.5,1.7333,52,8
ENG-EPL,Premier League,England,1,20,18.2,2021-2022,Wolverhampton Wanderers,20,17,0.85,1.236,0.3225,2.04,2.406,0.618,0.22,11.48,1.472,51,10
ENG-EPL,Premier League,England,1,20,18.2,2022-2023,Tottenham Hotspur,7,18,2.5714,1.5114,0.4086,2.16,3.0257,0.7557,0.22,9.4143,2.0228,60,8
ENG-EPL,Premier League,England,1,20,18.2,2022-2023,Leeds United,12,15,1.25,1.3,0.3425,1.8,2.55,0.65,0.22,11.0,1.6,31,19
ENG-EPL,Premier League,England,1,20,18.2,2022-2023,Newcastle United,9,17,1.8889,1.4022,0.3744,2.04,2.78,0.7011,0.22,10.2333,1.8044,71,4
ENG-EPL,Premier League,England,1,20,18.2,2022-2023,West Ham United,18,15,0.8333,1.2333,0.3217,1.8,2.4,0.6167,0.22,11.5,1.4667,40,14
ENG-EPL,Premier League,England,1,20,18.2,2022-2023,AFC Bournemouth,14,15,1.0714,1.2714,0.3336,1.8,2.4857,0.6357,0.22,11.2143,1.5428,39,15
ENG-EPL,Premier League,England,1,20,18.2,2022-2023,Everton,19,15,0.7895,1.2263,0.3195,1.8,2.3842,0.6132,0.22,11.5526,1.4526,36,17
ENG-EPL,Premier League,England,1,20,18.2,2022-2023,Manchester United,10,15,1.5,1.34,0.355,1.8,2.64,0.67,0.22,10.7,1.68,75,3
ENG-EPL,Premier League,England,1,20,18.2,2022-2023,Manchester City,5,19,3.8,1.708,0.47,2.28,3.468,0.854,0.22,7.94,2.416,89,1
ENG-EPL,Premier League,England,1,20,18.2,2022-2023,Brighton & Hove Albion,11,15,1.3636,1.3182,0.3482,1.8,2.5909,0.6591,0.22,10.8637,1.6364,62,6
ENG-EPL,Premier League,England,1,20,18.2,2022-2023,Fulham,10,16,1.6,1.356,0.36,1.92,2.676,0.678,0.22,10.58,1.712,52,10
ENG-EPL,Premier League,England,1,20,18.2,2022-2023,Liverpool,5,15,3.0,1.58,0.43,1.8,3.18,0.79,0.22,8.9,2.16,67,5
ENG-EPL,Premier League,England,1,20,18.2,2022-2023,Arsenal,7,17,2.4286,1.4886,0.4014,2.04,2.9743,0.7443,0.22,9.5857,1.9772,84,2
ENG-EPL,Premier League,England,1,20,18.2,2022-2023,Chelsea,9,15,1.6667,1.3667,0.3633,1.8,2.7,0.6833,0.22,10.5,1.7333,44,12
ENG-EPL,Premier League,England,1,20,18.2,2022-2023,Aston Villa,15,16,1.0667,1.2707,0.3333,1.92,2.484,0.6353,0.22,11.22,1.5413,61,7
ENG-EPL,Premier League,England,1,20,18.2,2022-2023,Southampton,17,15,0.8824,1.2412,0.3241,1.8,2.4177,0.6206,0.22,11.4411,1.4824,25,20
ENG-EPL,Premier League,England,1,20,18.2,2022-2023,Brentford,6,15,2.5,1.5,0.405,1.8,3.0,0.75,0.22,9.5,2.0,59,9
ENG-EPL,Premier League,England,1,20,18.2,2022-2023,Crystal Palace,13,15,1.1538,1.2846,0.3377,1.8,2.5154,0.6423,0.22,11.1154,1.5692,45,11
ENG-EPL,Premier League,England,1,20,18.2,2022-2023,Leicester City,9,15,1.6667,1.3667,0.3633,1.8,2.7,0.6833,0.22,10.5,1.7333,34,18
ENG-EPL,Premier League,England,1,20,18.2,2022-2023,Nottingham Forest,19,15,0.7895,1.2263,0.3195,1.8,2.3842,0.6132,0.22,11.5526,1.4526,38,16
ENG-EPL,Premier League,England,1,20,18.2,2022-2023,Wolverhampton Wanderers,21,15,0.7143,1.2143,0.3157,1.8,2.3571,0.6071,0.22,11.6428,1.4286,41,13
ENG-EPL,Premier League,England,1,20,18.2,2023-2024,Tottenham Hotspur,6,15,2.5,1.5,0.405,1.8,3.0,0.75,0.22,9.5,2.0,66,5
ENG-EPL,Premier League,England,1,20,18.2,2023-2024,Newcastle United,6,16,2.6667,1.5267,0.4133,1.92,3.06,0.7633,0.22,9.3,2.0533,60,7
ENG-EPL,Premier League,England,1,20,18.2,2023-2024,West Ham United,8,15,1.875,1.4,0.3738,1.8,2.775,0.7,0.22,10.25,1.8,52,9
ENG-EPL,Premier League,England,1,20,18.2,2023-2024,AFC Bournemouth,14,16,1.1429,1.2829,0.3371,1.92,2.5114,0.6414,0.22,11.1285,1.5657,48,13
ENG-EPL,Premier League,England,1,20,18.2,2023-2024,Everton,14,15,1.0714,1.2714,0.3336,1.8,2.4857,0.6357,0.22,11.2143,1.5428,48,12
ENG-EPL,Premier League,England,1,20,18.2,2023-2024,Manchester United,13,16,1.2308,1.2969,0.3415,1.92,2.5431,0.6485,0.22,11.023,1.5939,60,8
ENG-EPL,Premier League,England,1,20,18.2,2023-2024,Manchester City,6,16,2.6667,1.5267,0.4133,1.92,3.06,0.7633,0.22,9.3,2.0533,91,1
ENG-EPL,Premier League,England,1,20,18.2,2023-2024,Brighton & Hove Albion,5,15,3.0,1.58,0.43,1.8,3.18,0.79,0.22,8.9,2.16,48,11
ENG-EPL,Premier League,England,1,20,18.2,2023-2024,Fulham,14,16,1.1429,1.2829,0.3371,1.92,2.5114,0.6414,0.22,11.1285,1.5657,47,14
ENG-EPL,Premier League,England,1,20,18.2,2023-2024,Burnley,14,15,1.0714,1.2714,0.3336,1.8,2.4857,0.6357,0.22,11.2143,1.5428,24,19
ENG-EPL,Premier League,England,1,20,18.2,2023-2024,Liverpool,6,15,2.5,1.5,0.405,1.8,3.0,0.75,0.22,9.5,2.0,82,3
ENG-EPL,Premier League,England,1,20,18.2,2023-2024,Arsenal,7,15,2.1429,1.4429,0.3871,1.8,2.8714,0.7214,0.22,9.9285,1.8857,89,2
ENG-EPL,Premier League,England,1,20,18.2,2023-2024,Chelsea,11,17,1.5455,1.3473,0.3573,2.04,2.6564,0.6736,0.22,10.6454,1.6946,63,6
ENG-EPL,Premier League,England,1,20,18.2,2023-2024,Aston Villa,7,18,2.5714,1.5114,0.4086,2.16,3.0257,0.7557,0.22,9.4143,2.0228,68,4
ENG-EPL,Premier League,England,1,20,18.2,2023-2024,Brentford,10,16,1.6,1.356,0.36,1.92,2.676,0.678,0.22,10.58,1.712,39,16
ENG-EPL,Premier League,England,1,20,18.2,2023-2024,Crystal Palace,16,15,0.9375,1.25,0.3269,1.8,2.4375,0.625,0.22,11.375,1.5,49,10
ENG-EPL,Premier League,England,1,20,18.2,2023-2024,Sheffield United,19,15,0.7895,1.2263,0.3195,1.8,2.3842,0.6132,0.22,11.5526,1.4526,16,20
ENG-EPL,Premier League,England,1,20,18.2,2023-2024,Nottingham Forest,13,16,1.2308,1.2969,0.3415,1.92,2.5431,0.6485,0.22,11.023,1.5939,36,17
ENG-EPL,Premier League,England,1,20,18.2,2023-2024,Luton Town,15,16,1.0667,1.2707,0.3333,1.92,2.484,0.6353,0.22,11.22,1.5413,26,18
ENG-EPL,Premier League,England,1,20,18.2,2023-2024,Wolverhampton Wanderers,12,16,1.3333,1.3133,0.3467,1.92,2.58,0.6567,0.22,10.9,1.6267,46,15
ENG-EPL,Premier League,England,1,20,18.2,2024-2025,Tottenham Hotspur,8,18,2.25,1.46,0.3925,2.16,2.91,0.73,0.22,9.8,1.92,38,17
ENG-EPL,Premier League,England,1,20,18.2,2024-2025,Newcastle United,14,17,1.2143,1.2943,0.3407,2.04,2.5371,0.6471,0.22,11.0428,1.5886,66,5
ENG-EPL,Premier League,England,1,20,18.2,2024-2025,West Ham United,12,15,1.25,1.3,0.3425,1.8,2.55,0.65,0.22,11.0,1.6,43,14
ENG-EPL,Premier League,England,1,20,18.2,2024-2025,AFC Bournemouth,11,15,1.3636,1.3182,0.3482,1.8,2.5909,0.6591,0.22,10.8637,1.6364,56,9
ENG-EPL,Premier League,England,1,20,18.2,2024-2025,Everton,17,15,0.8824,1.2412,0.3241,1.8,2.4177,0.6206,0.22,11.4411,1.4824,48,13
ENG-EPL,Premier League,England,1,20,18.2,2024-2025,Manchester United,13,17,1.3077,1.3092,0.3454,2.04,2.5708,0.6546,0.22,10.9308,1.6185,42,15
ENG-EPL,Premier League,England,1,20,18.2,2024-2025,Ipswich Town,16,16,1.0,1.26,0.33,1.92,2.46,0.63,0.22,11.3,1.52,22,19
ENG-EPL,Premier League,England,1,20,18.2,2024-2025,Manchester City,7,17,2.4286,1.4886,0.4014,2.04,2.9743,0.7443,0.22,9.5857,1.9772,71,3
ENG-EPL,Premier League,England,1,20,18.2,2024-2025,Brighton & Hove Albion,9,16,1.7778,1.3844,0.3689,1.92,2.74,0.6922,0.22,10.3666,1.7689,61,8
ENG-EPL,Premier League,England,1,20,18.2,2024-2025,Fulham,11,16,1.4545,1.3327,0.3527,1.92,2.6236,0.6664,0.22,10.7546,1.6654,54,11
ENG-EPL,Premier League,England,1,20,18.2,2024-2025,Liverpool,8,15,1.875,1.4,0.3738,1.8,2.775,0.7,0.22,10.25,1.8,84,1
ENG-EPL,Premier League,England,1,20,18.2,2024-2025,Arsenal,7,15,2.1429,1.4429,0.3871,1.8,2.8714,0.7214,0.22,9.9285,1.8857,74,2
ENG-EPL,Premier League,England,1,20,18.2,2024-2025,Chelsea,6,15,2.5,1.5,0.405,1.8,3.0,0.75,0.22,9.5,2.0,69,4
ENG-EPL,Premier League,England,1,20,18.2,2024-2025,Aston Villa,8,15,1.875,1.4,0.3738,1.8,2.775,0.7,0.22,10.25,1.8,66,6
ENG-EPL,Premier League,England,1,20,18.2,2024-2025,Brentford,9,18,2.0,1.42,0.38,2.16,2.82,0.71,0.22,10.1,1.84,56,10
ENG-EPL,Premier League,England,1,20,18.2,2024-2025,Southampton,22,15,0.6818,1.2091,0.3141,1.8,2.3454,0.6045,0.22,11.6818,1.4182,12,20
ENG-EPL,Premier League,England,1,20,18.2,2024-2025,Crystal Palace,16,17,1.0625,1.27,0.3331,2.04,2.4825,0.635,0.22,11.225,1.54,53,12
ENG-EPL,Premier League,England,1,20,18.2,2024-2025,Leicester City,12,15,1.25,1.3,0.3425,1.8,2.55,0.65,0.22,11.0,1.6,25,18
ENG-EPL,Premier League,England,1,20,18.2,2024-2025,Nottingham Forest,11,15,1.3636,1.3182,0.3482,1.8,2.5909,0.6591,0.22,10.8637,1.6364,65,7
ENG-EPL,Premier League,England,1,20,18.2,2024-2025,Wolverhampton Wanderers,11,16,1.4545,1.3327,0.3527,1.92,2.6236,0.6664,0.22,10.7546,1.6654,42,16
ENG-EPL,Premier League,England,1,20,18.2,2025-2026,Tottenham Hotspur,9,17,1.8889,1.4022,0.3744,2.04,2.78,0.7011,0.22,10.2333,1.8044,41,17
ENG-EPL,Premier League,England,1,20,18.2,2025-2026,Leeds United,14,16,1.1429,1.2829,0.3371,1.92,2.5114,0.6414,0.22,11.1285,1.5657,47,14
ENG-EPL,Premier League,England,1,20,18.2,2025-2026,Sunderland,13,17,1.3077,1.3092,0.3454,2.04,2.5708,0.6546,0.22,10.9308,1.6185,54,7
ENG-EPL,Premier League,England,1,20,18.2,2025-2026,Newcastle United,13,17,1.3077,1.3092,0.3454,2.04,2.5708,0.6546,0.22,10.9308,1.6185,49,12
ENG-EPL,Premier League,England,1,20,18.2,2025-2026,West Ham United,12,15,1.25,1.3,0.3425,1.8,2.55,0.65,0.22,11.0,1.6,39,18
ENG-EPL,Premier League,England,1,20,18.2,2025-2026,AFC Bournemouth,9,16,1.7778,1.3844,0.3689,1.92,2.74,0.6922,0.22,10.3666,1.7689,57,6
ENG-EPL,Premier League,England,1,20,18.2,2025-2026,Everton,14,15,1.0714,1.2714,0.3336,1.8,2.4857,0.6357,0.22,11.2143,1.5428,49,13
ENG-EPL,Premier League,England,1,20,18.2,2025-2026,Manchester United,9,15,1.6667,1.3667,0.3633,1.8,2.7,0.6833,0.22,10.5,1.7333,71,3
ENG-EPL,Premier League,England,1,20,18.2,2025-2026,Manchester City,7,15,2.1429,1.4429,0.3871,1.8,2.8714,0.7214,0.22,9.9285,1.8857,78,2
ENG-EPL,Premier League,England,1,20,18.2,2025-2026,Brighton & Hove Albion,10,17,1.7,1.372,0.365,2.04,2.712,0.686,0.22,10.46,1.744,53,8
ENG-EPL,Premier League,England,1,20,18.2,2025-2026,Liverpool,9,16,1.7778,1.3844,0.3689,1.92,2.74,0.6922,0.22,10.3666,1.7689,60,5
ENG-EPL,Premier League,England,1,20,18.2,2025-2026,Burnley,13,15,1.1538,1.2846,0.3377,1.8,2.5154,0.6423,0.22,11.1154,1.5692,22,19
ENG-EPL,Premier League,England,1,20,18.2,2025-2026,Fulham,13,15,1.1538,1.2846,0.3377,1.8,2.5154,0.6423,0.22,11.1154,1.5692,52,11
ENG-EPL,Premier League,England,1,20,18.2,2025-2026,Arsenal,8,15,1.875,1.4,0.3738,1.8,2.775,0.7,0.22,10.25,1.8,85,1
ENG-EPL,Premier League,England,1,20,18.2,2025-2026,Chelsea,8,16,2.0,1.42,0.38,1.92,2.82,0.71,0.22,10.1,1.84,52,10
ENG-EPL,Premier League,England,1,20,18.2,2025-2026,Aston Villa,12,15,1.25,1.3,0.3425,1.8,2.55,0.65,0.22,11.0,1.6,65,4
ENG-EPL,Premier League,England,1,20,18.2,2025-2026,Brentford,11,17,1.5455,1.3473,0.3573,2.04,2.6564,0.6736,0.22,10.6454,1.6946,53,9
ENG-EPL,Premier League,England,1,20,18.2,2025-2026,Crystal Palace,12,16,1.3333,1.3133,0.3467,1.92,2.58,0.6567,0.22,10.9,1.6267,45,15
ENG-EPL,Premier League,England,1,20,18.2,2025-2026,Nottingham Forest,16,17,1.0625,1.27,0.3331,2.04,2.4825,0.635,0.22,11.225,1.54,44,16
ENG-EPL,Premier League,England,1,20,18.2,2025-2026,Wolverhampton Wanderers,21,15,0.7143,1.2143,0.3157,1.8,2.3571,0.6071,0.22,11.6428,1.4286,20,20
ENG-CHA,Championship,England,2,24,13.5,2021-2022,Queens Park Rangers,7,15,2.1429,1.4429,0.3871,1.8,2.8714,0.7214,0.22,9.9285,1.8857,66,11
ENG-CHA,Championship,England,2,24,13.5,2021-2022,Millwall,14,15,1.0714,1.2714,0.3336,1.8,2.4857,0.6357,0.22,11.2143,1.5428,69,9
ENG-CHA,Championship,England,2,24,13.5,2021-2022,Stoke City,11,15,1.3636,1.3182,0.3482,1.8,2.5909,0.6591,0.22,10.8637,1.6364,62,14
ENG-CHA,Championship,England,2,24,13.5,2021-2022,Preston North End,15,16,1.0667,1.2707,0.3333,1.92,2.484,0.6353,0.22,11.22,1.5413,64,13
ENG-CHA,Championship,England,2,24,13.5,2021-2022,AFC Bournemouth,9,16,1.7778,1.3844,0.3689,1.92,2.74,0.6922,0.22,10.3666,1.7689,88,2
ENG-CHA,Championship,England,2,24,13.5,2021-2022,Barnsley,22,15,0.6818,1.2091,0.3141,1.8,2.3454,0.6045,0.22,11.6818,1.4182,30,24
ENG-CHA,Championship,England,2,24,13.5,2021-2022,Derby County,18,16,0.8889,1.2422,0.3244,1.92,2.42,0.6211,0.22,11.4333,1.4844,55,17
ENG-CHA,Championship,England,2,24,13.5,2021-2022,Middlesbrough,13,15,1.1538,1.2846,0.3377,1.8,2.5154,0.6423,0.22,11.1154,1.5692,70,7
ENG-CHA,Championship,England,2,24,13.5,2021-2022,Birmingham City,16,17,1.0625,1.27,0.3331,2.04,2.4825,0.635,0.22,11.225,1.54,47,21
ENG-CHA,Championship,England,2,24,13.5,2021-2022,Fulham,7,17,2.4286,1.4886,0.4014,2.04,2.9743,0.7443,0.22,9.5857,1.9772,90,1
ENG-CHA,Championship,England,2,24,13.5,2021-2022,Reading,8,15,1.875,1.4,0.3738,1.8,2.775,0.7,0.22,10.25,1.8,47,22
ENG-CHA,Championship,England,2,24,13.5,2021-2022,Peterborough United,14,16,1.1429,1.2829,0.3371,1.92,2.5114,0.6414,0.22,11.1285,1.5657,37,23
ENG-CHA,Championship,England,2,24,13.5,2021-2022,Bristol City,13,15,1.1538,1.2846,0.3377,1.8,2.5154,0.6423,0.22,11.1154,1.5692,55,18
ENG-CHA,Championship,England,2,24,13.5,2021-2022,Coventry City,11,16,1.4545,1.3327,0.3527,1.92,2.6236,0.6664,0.22,10.7546,1.6654,64,12
ENG-CHA,Championship,England,2,24,13.5,2021-2022,Cardiff City,15,15,1.0,1.26,0.33,1.8,2.46,0.63,0.22,11.3,1.52,53,19
ENG-CHA,Championship,England,2,24,13.5,2021-2022,West Bromwich Albion,9,16,1.7778,1.3844,0.3689,1.92,2.74,0.6922,0.22,10.3666,1.7689,67,10
ENG-CHA,Championship,England,2,24,13.5,2021-2022,Sheffield United,12,16,1.3333,1.3133,0.3467,1.92,2.58,0.6567,0.22,10.9,1.6267,78,5
ENG-CHA,Championship,England,2,24,13.5,2021-2022,Huddersfield Town,10,16,1.6,1.356,0.36,1.92,2.676,0.678,0.22,10.58,1.712,86,4
ENG-CHA,Championship,England,2,24,13.5,2021-2022,Nottingham Forest,12,16,1.3333,1.3133,0.3467,1.92,2.58,0.6567,0.22,10.9,1.6267,86,3
ENG-CHA,Championship,England,2,24,13.5,2021-2022,Luton Town,10,18,1.8,1.388,0.37,2.16,2.748,0.694,0.22,10.34,1.776,76,6
ENG-CHA,Championship,England,2,24,13.5,2021-2022,Blackpool,13,15,1.1538,1.2846,0.3377,1.8,2.5154,0.6423,0.22,11.1154,1.5692,60,16
ENG-CHA,Championship,England,2,24,13.5,2021-2022,Swansea City,14,15,1.0714,1.2714,0.3336,1.8,2.4857,0.6357,0.22,11.2143,1.5428,61,15
ENG-CHA,Championship,England,2,24,13.5,2021-2022,Hull City,20,16,0.8,1.228,0.32,1.92,2.388,0.614,0.22,11.54,1.456,51,20
ENG-CHA,Championship,England,2,24,13.5,2021-2022,Blackburn Rovers,9,16,1.7778,1.3844,0.3689,1.92,2.74,0.6922,0.22,10.3666,1.7689,69,8
ENG-CHA,Championship,England,2,24,13.5,2022-2023,Queens Park Rangers,10,16,1.6,1.356,0.36,1.92,2.676,0.678,0.22,10.58,1.712,50,20
ENG-CHA,Championship,England,2,24,13.5,2022-2023,Sunderland,9,15,1.6667,1.3667,0.3633,1.8,2.7,0.6833,0.22,10.5,1.7333,71,6
ENG-CHA,Championship,England,2,24,13.5,2022-2023,Millwall,13,15,1.1538,1.2846,0.3377,1.8,2.5154,0.6423,0.22,11.1154,1.5692,65,9
ENG-CHA,Championship,England,2,24,13.5,2022-2023,Stoke City,12,15,1.25,1.3,0.3425,1.8,2.55,0.65,0.22,11.0,1.6,53,16
ENG-CHA,Championship,England,2,24,13.5,2022-2023,Preston North End,19,16,0.8421,1.2347,0.3221,1.92,2.4032,0.6174,0.22,11.4895,1.4695,62,13
ENG-CHA,Championship,England,2,24,13.5,2022-2023,Norwich City,8,15,1.875,1.4,0.3738,1.8,2.775,0.7,0.22,10.25,1.8,62,12
ENG-CHA,Championship,England,2,24,13.5,2022-2023,Watford,11,15,1.3636,1.3182,0.3482,1.8,2.5909,0.6591,0.22,10.8637,1.6364,63,11
ENG-CHA,Championship,England,2,24,13.5,2022-2023,Rotherham United,13,15,1.1538,1.2846,0.3377,1.8,2.5154,0.6423,0.22,11.1154,1.5692,49,21
ENG-CHA,Championship,England,2,24,13.5,2022-2023,Wigan Athletic,13,15,1.1538,1.2846,0.3377,1.8,2.5154,0.6423,0.22,11.1154,1.5692,44,23
ENG-CHA,Championship,England,2,24,13.5,2022-2023,Middlesbrough,14,18,1.2857,1.3057,0.3443,2.16,2.5629,0.6529,0.22,10.9572,1.6114,75,4
ENG-CHA,Championship,England,2,24,13.5,2022-2023,Birmingham City,14,15,1.0714,1.2714,0.3336,1.8,2.4857,0.6357,0.22,11.2143,1.5428,52,18
ENG-CHA,Championship,England,2,24,13.5,2022-2023,Burnley,9,16,1.7778,1.3844,0.3689,1.92,2.74,0.6922,0.22,10.3666,1.7689,98,1
ENG-CHA,Championship,England,2,24,13.5,2022-2023,Reading,12,15,1.25,1.3,0.3425,1.8,2.55,0.65,0.22,11.0,1.6,50,19
ENG-CHA,Championship,England,2,24,13.5,2022-2023,Bristol City,7,15,2.1429,1.4429,0.3871,1.8,2.8714,0.7214,0.22,9.9285,1.8857,59,14
ENG-CHA,Championship,England,2,24,13.5,2022-2023,Coventry City,15,15,1.0,1.26,0.33,1.8,2.46,0.63,0.22,11.3,1.52,74,5
ENG-CHA,Championship,England,2,24,13.5,2022-2023,Cardiff City,19,16,0.8421,1.2347,0.3221,1.92,2.4032,0.6174,0.22,11.4895,1.4695,46,22
ENG-CHA,Championship,England,2,24,13.5,2022-2023,West Bromwich Albion,10,16,1.6,1.356,0.36,1.92,2.676,0.678,0.22,10.58,1.712,65,8
ENG-CHA,Championship,England,2,24,13.5,2022-2023,Sheffield United,8,16,2.0,1.42,0.38,1.92,2.82,0.71,0.22,10.1,1.84,91,2
ENG-CHA,Championship,England,2,24,13.5,2022-2023,Huddersfield Town,11,15,1.3636,1.3182,0.3482,1.8,2.5909,0.6591,0.22,10.8637,1.6364,53,17
ENG-CHA,Championship,England,2,24,13.5,2022-2023,Luton Town,11,16,1.4545,1.3327,0.3527,1.92,2.6236,0.6664,0.22,10.7546,1.6654,83,3
ENG-CHA,Championship,England,2,24,13.5,2022-2023,Blackpool,13,15,1.1538,1.2846,0.3377,1.8,2.5154,0.6423,0.22,11.1154,1.5692,41,24
ENG-CHA,Championship,England,2,24,13.5,2022-2023,Swansea City,12,16,1.3333,1.3133,0.3467,1.92,2.58,0.6567,0.22,10.9,1.6267,65,10
ENG-CHA,Championship,England,2,24,13.5,2022-2023,Hull City,15,18,1.2,1.292,0.34,2.16,2.532,0.646,0.22,11.06,1.584,55,15
ENG-CHA,Championship,England,2,24,13.5,2022-2023,Blackburn Rovers,12,15,1.25,1.3,0.3425,1.8,2.55,0.65,0.22,11.0,1.6,66,7
ENG-CHA,Championship,England,2,24,13.5,2023-2024,Leeds United,10,15,1.5,1.34,0.355,1.8,2.64,0.67,0.22,10.7,1.68,94,3
ENG-CHA,Championship,England,2,24,13.5,2023-2024,Queens Park Rangers,18,15,0.8333,1.2333,0.3217,1.8,2.4,0.6167,0.22,11.5,1.4667,56,18
ENG-CHA,Championship,England,2,24,13.5,2023-2024,Sunderland,7,15,2.1429,1.4429,0.3871,1.8,2.8714,0.7214,0.22,9.9285,1.8857,56,16
ENG-CHA,Championship,England,2,24,13.5,2023-2024,Millwall,14,15,1.0714,1.2714,0.3336,1.8,2.4857,0.6357,0.22,11.2143,1.5428,59,13
ENG-CHA,Championship,England,2,24,13.5,2023-2024,Stoke City,14,16,1.1429,1.2829,0.3371,1.92,2.5114,0.6414,0.22,11.1285,1.5657,56,17
ENG-CHA,Championship,England,2,24,13.5,2023-2024,Preston North End,11,15,1.3636,1.3182,0.3482,1.8,2.5909,0.6591,0.22,10.8637,1.6364,63,10
ENG-CHA,Championship,England,2,24,13.5,2023-2024,Norwich City,6,15,2.5,1.5,0.405,1.8,3.0,0.75,0.22,9.5,2.0,74,6
ENG-CHA,Championship,England,2,24,13.5,2023-2024,Ipswich Town,8,17,2.125,1.44,0.3863,2.04,2.865,0.72,0.22,9.95,1.88,96,2
ENG-CHA,Championship,England,2,24,13.5,2023-2024,Watford,12,15,1.25,1.3,0.3425,1.8,2.55,0.65,0.22,11.0,1.6,56,15
ENG-CHA,Championship,England,2,24,13.5,2023-2024,Rotherham United,15,15,1.0,1.26,0.33,1.8,2.46,0.63,0.22,11.3,1.52,27,24
ENG-CHA,Championship,England,2,24,13.5,2023-2024,Middlesbrough,11,16,1.4545,1.3327,0.3527,1.92,2.6236,0.6664,0.22,10.7546,1.6654,69,8
ENG-CHA,Championship,England,2,24,13.5,2023-2024,Birmingham City,11,15,1.3636,1.3182,0.3482,1.8,2.5909,0.6591,0.22,10.8637,1.6364,50,22
ENG-CHA,Championship,England,2,24,13.5,2023-2024,Bristol City,12,15,1.25,1.3,0.3425,1.8,2.55,0.65,0.22,11.0,1.6,62,11
ENG-CHA,Championship,England,2,24,13.5,2023-2024,Coventry City,9,15,1.6667,1.3667,0.3633,1.8,2.7,0.6833,0.22,10.5,1.7333,64,9
ENG-CHA,Championship,England,2,24,13.5,2023-2024,Cardiff City,9,16,1.7778,1.3844,0.3689,1.92,2.74,0.6922,0.22,10.3666,1.7689,62,12
ENG-CHA,Championship,England,2,24,13.5,2023-2024,West Bromwich Albion,9,16,1.7778,1.3844,0.3689,1.92,2.74,0.6922,0.22,10.3666,1.7689,76,5
ENG-CHA,Championship,England,2,24,13.5,2023-2024,Southampton,9,15,1.6667,1.3667,0.3633,1.8,2.7,0.6833,0.22,10.5,1.7333,94,4
ENG-CHA,Championship,England,2,24,13.5,2023-2024,Huddersfield Town,17,15,0.8824,1.2412,0.3241,1.8,2.4177,0.6206,0.22,11.4411,1.4824,45,23
ENG-CHA,Championship,England,2,24,13.5,2023-2024,Sheffield Wednesday,22,16,0.7273,1.2164,0.3164,1.92,2.3618,0.6082,0.22,11.6272,1.4327,53,20
ENG-CHA,Championship,England,2,24,13.5,2023-2024,Leicester City,9,18,2.0,1.42,0.38,2.16,2.82,0.71,0.22,10.1,1.84,97,1
ENG-CHA,Championship,England,2,24,13.5,2023-2024,Plymouth Argyle,8,16,2.0,1.42,0.38,1.92,2.82,0.71,0.22,10.1,1.84,51,21
ENG-CHA,Championship,England,2,24,13.5,2023-2024,Swansea City,10,15,1.5,1.34,0.355,1.8,2.64,0.67,0.22,10.7,1.68,57,14
ENG-CHA,Championship,England,2,24,13.5,2023-2024,Hull City,11,16,1.4545,1.3327,0.3527,1.92,2.6236,0.6664,0.22,10.7546,1.6654,70,7
ENG-CHA,Championship,England,2,24,13.5,2023-2024,Blackburn Rovers,11,17,1.5455,1.3473,0.3573,2.04,2.6564,0.6736,0.22,10.6454,1.6946,53,19
ENG-CHA,Championship,England,2,24,13.5,2024-2025,Leeds United,9,15,1.6667,1.3667,0.3633,1.8,2.7,0.6833,0.22,10.5,1.7333,100,1
ENG-CHA,Championship,England,2,24,13.5,2024-2025,Queens Park Rangers,17,15,0.8824,1.2412,0.3241,1.8,2.4177,0.6206,0.22,11.4411,1.4824,56,15
ENG-CHA,Championship,England,2,24,13.5,2024-2025,Sunderland,8,16,2.0,1.42,0.38,1.92,2.82,0.71,0.22,10.1,1.84,83,4
ENG-CHA,Championship,England,2,24,13.5,2024-2025,Millwall,12,15,1.25,1.3,0.3425,1.8,2.55,0.65,0.22,11.0,1.6,66,8
ENG-CHA,Championship,England,2,24,13.5,2024-2025,Stoke City,13,15,1.1538,1.2846,0.3377,1.8,2.5154,0.6423,0.22,11.1154,1.5692,51,18
ENG-CHA,Championship,England,2,24,13.5,2024-2025,Preston North End,15,15,1.0,1.26,0.33,1.8,2.46,0.63,0.22,11.3,1.52,50,20
ENG-CHA,Championship,England,2,24,13.5,2024-2025,Norwich City,9,16,1.7778,1.3844,0.3689,1.92,2.74,0.6922,0.22,10.3666,1.7689,57,13
ENG-CHA,Championship,England,2,24,13.5,2024-2025,Watford,11,15,1.3636,1.3182,0.3482,1.8,2.5909,0.6591,0.22,10.8637,1.6364,57,14
ENG-CHA,Championship,England,2,24,13.5,2024-2025,Derby County,12,15,1.25,1.3,0.3425,1.8,2.55,0.65,0.22,11.0,1.6,50,19
ENG-CHA,Championship,England,2,24,13.5,2024-2025,Middlesbrough,14,18,1.2857,1.3057,0.3443,2.16,2.5629,0.6529,0.22,10.9572,1.6114,64,10
ENG-CHA,Championship,England,2,24,13.5,2024-2025,Burnley,10,16,1.6,1.356,0.36,1.92,2.676,0.678,0.22,10.58,1.712,100,2
ENG-CHA,Championship,England,2,24,13.5,2024-2025,Bristol City,13,17,1.3077,1.3092,0.3454,2.04,2.5708,0.6546,0.22,10.9308,1.6185,68,6
ENG-CHA,Championship,England,2,24,13.5,2024-2025,Coventry City,13,17,1.3077,1.3092,0.3454,2.04,2.5708,0.6546,0.22,10.9308,1.6185,70,5
ENG-CHA,Championship,England,2,24,13.5,2024-2025,Oxford United,11,15,1.3636,1.3182,0.3482,1.8,2.5909,0.6591,0.22,10.8637,1.6364,53,17
ENG-CHA,Championship,England,2,24,13.5,2024-2025,Cardiff City,16,15,0.9375,1.25,0.3269,1.8,2.4375,0.625,0.22,11.375,1.5,44,24
ENG-CHA,Championship,England,2,24,13.5,2024-2025,West Bromwich Albion,15,16,1.0667,1.2707,0.3333,1.92,2.484,0.6353,0.22,11.22,1.5413,64,9
ENG-CHA,Championship,England,2,24,13.5,2024-2025,Sheffield United,13,16,1.2308,1.2969,0.3415,1.92,2.5431,0.6485,0.22,11.023,1.5939,98,3
ENG-CHA,Championship,England,2,24,13.5,2024-2025,Sheffield Wednesday,13,15,1.1538,1.2846,0.3377,1.8,2.5154,0.6423,0.22,11.1154,1.5692,58,12
ENG-CHA,Championship,England,2,24,13.5,2024-2025,Luton Town,13,15,1.1538,1.2846,0.3377,1.8,2.5154,0.6423,0.22,11.1154,1.5692,49,22
ENG-CHA,Championship,England,2,24,13.5,2024-2025,Plymouth Argyle,15,15,1.0,1.26,0.33,1.8,2.46,0.63,0.22,11.3,1.52,46,23
ENG-CHA,Championship,England,2,24,13.5,2024-2025,Swansea City,17,16,0.9412,1.2506,0.3271,1.92,2.4388,0.6253,0.22,11.3706,1.5012,61,11
ENG-CHA,Championship,England,2,24,13.5,2024-2025,Portsmouth,15,16,1.0667,1.2707,0.3333,1.92,2.484,0.6353,0.22,11.22,1.5413,54,16
ENG-CHA,Championship,England,2,24,13.5,2024-2025,Hull City,13,15,1.1538,1.2846,0.3377,1.8,2.5154,0.6423,0.22,11.1154,1.5692,49,21
ENG-CHA,Championship,England,2,24,13.5,2024-2025,Blackburn Rovers,9,15,1.6667,1.3667,0.3633,1.8,2.7,0.6833,0.22,10.5,1.7333,66,7
ENG-CHA,Championship,England,2,24,13.5,2025-2026,Queens Park Rangers,11,15,1.3636,1.3182,0.3482,1.8,2.5909,0.6591,0.22,10.8637,1.6364,58,15
ENG-CHA,Championship,England,2,24,13.5,2025-2026,Wrexham,11,15,1.3636,1.3182,0.3482,1.8,2.5909,0.6591,0.22,10.8637,1.6364,71,7
ENG-CHA,Championship,England,2,24,13.5,2025-2026,Millwall,13,16,1.2308,1.2969,0.3415,1.92,2.5431,0.6485,0.22,11.023,1.5939,84,4
ENG-CHA,Championship,England,2,24,13.5,2025-2026,Stoke City,13,18,1.3846,1.3215,0.3492,2.16,2.5985,0.6608,0.22,10.8385,1.6431,55,17
ENG-CHA,Championship,England,2,24,13.5,2025-2026,Preston North End,12,15,1.25,1.3,0.3425,1.8,2.55,0.65,0.22,11.0,1.6,60,14
ENG-CHA,Championship,England,2,24,13.5,2025-2026,Charlton Athletic,13,15,1.1538,1.2846,0.3377,1.8,2.5154,0.6423,0.22,11.1154,1.5692,53,20
ENG-CHA,Championship,England,2,24,13.5,2025-2026,Norwich City,16,15,0.9375,1.25,0.3269,1.8,2.4375,0.625,0.22,11.375,1.5,65,9
ENG-CHA,Championship,England,2,24,13.5,2025-2026,Ipswich Town,8,15,1.875,1.4,0.3738,1.8,2.775,0.7,0.22,10.25,1.8,84,2
ENG-CHA,Championship,England,2,24,13.5,2025-2026,Watford,13,17,1.3077,1.3092,0.3454,2.04,2.5708,0.6546,0.22,10.9308,1.6185,57,16
ENG-CHA,Championship,England,2,24,13.5,2025-2026,Derby County,13,16,1.2308,1.2969,0.3415,1.92,2.5431,0.6485,0.22,11.023,1.5939,69,8
ENG-CHA,Championship,England,2,24,13.5,2025-2026,Middlesbrough,11,15,1.3636,1.3182,0.3482,1.8,2.5909,0.6591,0.22,10.8637,1.6364,81,5
ENG-CHA,Championship,England,2,24,13.5,2025-2026,Birmingham City,13,15,1.1538,1.2846,0.3377,1.8,2.5154,0.6423,0.22,11.1154,1.5692,64,10
ENG-CHA,Championship,England,2,24,13.5,2025-2026,Bristol City,9,15,1.6667,1.3667,0.3633,1.8,2.7,0.6833,0.22,10.5,1.7333,62,12
ENG-CHA,Championship,England,2,24,13.5,2025-2026,Coventry City,5,15,3.0,1.58,0.43,1.8,3.18,0.79,0.22,8.9,2.16,95,1
ENG-CHA,Championship,England,2,24,13.5,2025-2026,Oxford United,13,15,1.1538,1.2846,0.3377,1.8,2.5154,0.6423,0.22,11.1154,1.5692,47,23
ENG-CHA,Championship,England,2,24,13.5,2025-2026,West Bromwich Albion,16,16,1.0,1.26,0.33,1.92,2.46,0.63,0.22,11.3,1.52,53,19
ENG-CHA,Championship,England,2,24,13.5,2025-2026,Southampton,14,15,1.0714,1.2714,0.3336,1.8,2.4857,0.6357,0.22,11.2143,1.5428,84,3
ENG-CHA,Championship,England,2,24,13.5,2025-2026,Sheffield United,17,17,1.0,1.26,0.33,2.04,2.46,0.63,0.22,11.3,1.52,60,13
ENG-CHA,Championship,England,2,24,13.5,2025-2026,Sheffield Wednesday,19,15,0.7895,1.2263,0.3195,1.8,2.3842,0.6132,0.22,11.5526,1.4526,18,24
ENG-CHA,Championship,England,2,24,13.5,2025-2026,Leicester City,11,15,1.3636,1.3182,0.3482,1.8,2.5909,0.6591,0.22,10.8637,1.6364,52,21
ENG-CHA,Championship,England,2,24,13.5,2025-2026,Swansea City,15,15,1.0,1.26,0.33,1.8,2.46,0.63,0.22,11.3,1.52,64,11
ENG-CHA,Championship,England,2,24,13.5,2025-2026,Portsmouth,16,15,0.9375,1.25,0.3269,1.8,2.4375,0.625,0.22,11.375,1.5,55,18
ENG-CHA,Championship,England,2,24,13.5,2025-2026,Hull City,10,17,1.7,1.372,0.365,2.04,2.712,0.686,0.22,10.46,1.744,80,6
ENG-CHA,Championship,England,2,24,13.5,2025-2026,Blackburn Rovers,15,16,1.0667,1.2707,0.3333,1.92,2.484,0.6353,0.22,11.22,1.5413,52,22
ESP-LALIGA,La Liga,Spain,1,20,18.8,2021-2022,Cádiz,17,15,0.8824,1.2412,0.3241,1.8,2.4177,0.6206,0.22,11.4411,1.4824,39,16
ESP-LALIGA,La Liga,Spain,1,20,18.8,2021-2022,Rayo Vallecano,9,15,1.6667,1.3667,0.3633,1.8,2.7,0.6833,0.22,10.5,1.7333,42,12
ESP-LALIGA,La Liga,Spain,1,20,18.8,2021-2022,Real Betis,10,15,1.5,1.34,0.355,1.8,2.64,0.67,0.22,10.7,1.68,65,5
ESP-LALIGA,La Liga,Spain,1,20,18.8,2021-2022,Atlético Madrid,10,15,1.5,1.34,0.355,1.8,2.64,0.67,0.22,10.7,1.68,71,3
ESP-LALIGA,La Liga,Spain,1,20,18.8,2021-2022,Mallorca,16,16,1.0,1.26,0.33,1.92,2.46,0.63,0.22,11.3,1.52,39,17
ESP-LALIGA,La Liga,Spain,1,20,18.8,2021-2022,Alavés,18,15,0.8333,1.2333,0.3217,1.8,2.4,0.6167,0.22,11.5,1.4667,31,20
ESP-LALIGA,La Liga,Spain,1,20,18.8,2021-2022,Real Madrid,5,15,3.0,1.58,0.43,1.8,3.18,0.79,0.22,8.9,2.16,86,1
ESP-LALIGA,La Liga,Spain,1,20,18.8,2021-2022,Celta Vigo,15,16,1.0667,1.2707,0.3333,1.92,2.484,0.6353,0.22,11.22,1.5413,46,11
ESP-LALIGA,La Liga,Spain,1,20,18.8,2021-2022,Elche,16,15,0.9375,1.25,0.3269,1.8,2.4375,0.625,0.22,11.375,1.5,42,13
ESP-LALIGA,La Liga,Spain,1,20,18.8,2021-2022,Real Sociedad,11,16,1.4545,1.3327,0.3527,1.92,2.6236,0.6664,0.22,10.7546,1.6654,62,6
ESP-LALIGA,La Liga,Spain,1,20,18.8,2021-2022,Osasuna,15,15,1.0,1.26,0.33,1.8,2.46,0.63,0.22,11.3,1.52,47,10
ESP-LALIGA,La Liga,Spain,1,20,18.8,2021-2022,Villarreal,13,15,1.1538,1.2846,0.3377,1.8,2.5154,0.6423,0.22,11.1154,1.5692,59,7
ESP-LALIGA,La Liga,Spain,1,20,18.8,2021-2022,Granada,15,16,1.0667,1.2707,0.3333,1.92,2.484,0.6353,0.22,11.22,1.5413,38,18
ESP-LALIGA,La Liga,Spain,1,20,18.8,2021-2022,Sevilla,9,16,1.7778,1.3844,0.3689,1.92,2.74,0.6922,0.22,10.3666,1.7689,70,4
ESP-LALIGA,La Liga,Spain,1,20,18.8,2021-2022,Athletic Club,18,16,0.8889,1.2422,0.3244,1.92,2.42,0.6211,0.22,11.4333,1.4844,55,8
ESP-LALIGA,La Liga,Spain,1,20,18.8,2021-2022,Levante,17,16,0.9412,1.2506,0.3271,1.92,2.4388,0.6253,0.22,11.3706,1.5012,35,19
ESP-LALIGA,La Liga,Spain,1,20,18.8,2021-2022,Barcelona,9,15,1.6667,1.3667,0.3633,1.8,2.7,0.6833,0.22,10.5,1.7333,73,2
ESP-LALIGA,La Liga,Spain,1,20,18.8,2021-2022,Getafe,21,17,0.8095,1.2295,0.3205,2.04,2.3914,0.6148,0.22,11.5286,1.459,39,15
ESP-LALIGA,La Liga,Spain,1,20,18.8,2021-2022,Valencia,10,15,1.5,1.34,0.355,1.8,2.64,0.67,0.22,10.7,1.68,48,9
ESP-LALIGA,La Liga,Spain,1,20,18.8,2021-2022,Espanyol,15,15,1.0,1.26,0.33,1.8,2.46,0.63,0.22,11.3,1.52,42,14
ESP-LALIGA,La Liga,Spain,1,20,18.8,2022-2023,Cádiz,20,15,0.75,1.22,0.3175,1.8,2.37,0.61,0.22,11.6,1.44,42,16
ESP-LALIGA,La Liga,Spain,1,20,18.8,2022-2023,Rayo Vallecano,11,16,1.4545,1.3327,0.3527,1.92,2.6236,0.6664,0.22,10.7546,1.6654,49,12
ESP-LALIGA,La Liga,Spain,1,20,18.8,2022-2023,Real Betis,12,16,1.3333,1.3133,0.3467,1.92,2.58,0.6567,0.22,10.9,1.6267,60,6
ESP-LALIGA,La Liga,Spain,1,20,18.8,2022-2023,Atlético Madrid,9,15,1.6667,1.3667,0.3633,1.8,2.7,0.6833,0.22,10.5,1.7333,77,3
ESP-LALIGA,La Liga,Spain,1,20,18.8,2022-2023,Mallorca,18,15,0.8333,1.2333,0.3217,1.8,2.4,0.6167,0.22,11.5,1.4667,50,9
ESP-LALIGA,La Liga,Spain,1,20,18.8,2022-2023,Real Madrid,5,15,3.0,1.58,0.43,1.8,3.18,0.79,0.22,8.9,2.16,78,2
ESP-LALIGA,La Liga,Spain,1,20,18.8,2022-2023,Celta Vigo,15,15,1.0,1.26,0.33,1.8,2.46,0.63,0.22,11.3,1.52,43,13
ESP-LALIGA,La Liga,Spain,1,20,18.8,2022-2023,Real Valladolid,20,15,0.75,1.22,0.3175,1.8,2.37,0.61,0.22,11.6,1.44,40,18
ESP-LALIGA,La Liga,Spain,1,20,18.8,2022-2023,Almería,12,15,1.25,1.3,0.3425,1.8,2.55,0.65,0.22,11.0,1.6,41,17
ESP-LALIGA,La Liga,Spain,1,20,18.8,2022-2023,Elche,20,15,0.75,1.22,0.3175,1.8,2.37,0.61,0.22,11.6,1.44,25,20
ESP-LALIGA,La Liga,Spain,1,20,18.8,2022-2023,Real Sociedad,9,15,1.6667,1.3667,0.3633,1.8,2.7,0.6833,0.22,10.5,1.7333,71,4
ESP-LALIGA,La Liga,Spain,1,20,18.8,2022-2023,Osasuna,13,15,1.1538,1.2846,0.3377,1.8,2.5154,0.6423,0.22,11.1154,1.5692,53,7
ESP-LALIGA,La Liga,Spain,1,20,18.8,2022-2023,Villarreal,14,15,1.0714,1.2714,0.3336,1.8,2.4857,0.6357,0.22,11.2143,1.5428,64,5
ESP-LALIGA,La Liga,Spain,1,20,18.8,2022-2023,Girona,11,15,1.3636,1.3182,0.3482,1.8,2.5909,0.6591,0.22,10.8637,1.6364,49,10
ESP-LALIGA,La Liga,Spain,1,20,18.8,2022-2023,Sevilla,16,16,1.0,1.26,0.33,1.92,2.46,0.63,0.22,11.3,1.52,49,11
ESP-LALIGA,La Liga,Spain,1,20,18.8,2022-2023,Athletic Club,7,16,2.2857,1.4657,0.3943,1.92,2.9229,0.7329,0.22,9.7572,1.9314,51,8
ESP-LALIGA,La Liga,Spain,1,20,18.8,2022-2023,Barcelona,5,15,3.0,1.58,0.43,1.8,3.18,0.79,0.22,8.9,2.16,88,1
ESP-LALIGA,La Liga,Spain,1,20,18.8,2022-2023,Getafe,16,15,0.9375,1.25,0.3269,1.8,2.4375,0.625,0.22,11.375,1.5,42,15
ESP-LALIGA,La Liga,Spain,1,20,18.8,2022-2023,Valencia,9,16,1.7778,1.3844,0.3689,1.92,2.74,0.6922,0.22,10.3666,1.7689,42,14
ESP-LALIGA,La Liga,Spain,1,20,18.8,2022-2023,Espanyol,12,15,1.25,1.3,0.3425,1.8,2.55,0.65,0.22,11.0,1.6,37,19
ESP-LALIGA,La Liga,Spain,1,20,18.8,2023-2024,Cádiz,20,15,0.75,1.22,0.3175,1.8,2.37,0.61,0.22,11.6,1.44,33,18
ESP-LALIGA,La Liga,Spain,1,20,18.8,2023-2024,Rayo Vallecano,13,15,1.1538,1.2846,0.3377,1.8,2.5154,0.6423,0.22,11.1154,1.5692,38,17
ESP-LALIGA,La Liga,Spain,1,20,18.8,2023-2024,Real Betis,12,16,1.3333,1.3133,0.3467,1.92,2.58,0.6567,0.22,10.9,1.6267,57,7
ESP-LALIGA,La Liga,Spain,1,20,18.8,2023-2024,Atlético Madrid,6,15,2.5,1.5,0.405,1.8,3.0,0.75,0.22,9.5,2.0,76,4
ESP-LALIGA,La Liga,Spain,1,20,18.8,2023-2024,Mallorca,18,17,0.9444,1.2511,0.3272,2.04,2.44,0.6256,0.22,11.3667,1.5022,40,15
ESP-LALIGA,La Liga,Spain,1,20,18.8,2023-2024,Alavés,19,15,0.7895,1.2263,0.3195,1.8,2.3842,0.6132,0.22,11.5526,1.4526,46,10
ESP-LALIGA,La Liga,Spain,1,20,18.8,2023-2024,Real Madrid,8,16,2.0,1.42,0.38,1.92,2.82,0.71,0.22,10.1,1.84,95,1
ESP-LALIGA,La Liga,Spain,1,20,18.8,2023-2024,Celta Vigo,15,15,1.0,1.26,0.33,1.8,2.46,0.63,0.22,11.3,1.52,41,14
ESP-LALIGA,La Liga,Spain,1,20,18.8,2023-2024,Almería,13,15,1.1538,1.2846,0.3377,1.8,2.5154,0.6423,0.22,11.1154,1.5692,21,19
ESP-LALIGA,La Liga,Spain,1,20,18.8,2023-2024,Real Sociedad,8,16,2.0,1.42,0.38,1.92,2.82,0.71,0.22,10.1,1.84,60,6
ESP-LALIGA,La Liga,Spain,1,20,18.8,2023-2024,Osasuna,13,15,1.1538,1.2846,0.3377,1.8,2.5154,0.6423,0.22,11.1154,1.5692,45,11
ESP-LALIGA,La Liga,Spain,1,20,18.8,2023-2024,Villarreal,11,15,1.3636,1.3182,0.3482,1.8,2.5909,0.6591,0.22,10.8637,1.6364,53,8
ESP-LALIGA,La Liga,Spain,1,20,18.8,2023-2024,Granada,9,15,1.6667,1.3667,0.3633,1.8,2.7,0.6833,0.22,10.5,1.7333,21,20
ESP-LALIGA,La Liga,Spain,1,20,18.8,2023-2024,Las Palmas,17,15,0.8824,1.2412,0.3241,1.8,2.4177,0.6206,0.22,11.4411,1.4824,40,16
ESP-LALIGA,La Liga,Spain,1,20,18.8,2023-2024,Girona,6,16,2.6667,1.5267,0.4133,1.92,3.06,0.7633,0.22,9.3,2.0533,81,3
ESP-LALIGA,La Liga,Spain,1,20,18.8,2023-2024,Sevilla,10,16,1.6,1.356,0.36,1.92,2.676,0.678,0.22,10.58,1.712,41,13
ESP-LALIGA,La Liga,Spain,1,20,18.8,2023-2024,Athletic Club,9,16,1.7778,1.3844,0.3689,1.92,2.74,0.6922,0.22,10.3666,1.7689,68,5
ESP-LALIGA,La Liga,Spain,1,20,18.8,2023-2024,Getafe,13,15,1.1538,1.2846,0.3377,1.8,2.5154,0.6423,0.22,11.1154,1.5692,43,12
ESP-LALIGA,La Liga,Spain,1,20,18.8,2023-2024,Barcelona,6,16,2.6667,1.5267,0.4133,1.92,3.06,0.7633,0.22,9.3,2.0533,85,2
ESP-LALIGA,La Liga,Spain,1,20,18.8,2023-2024,Valencia,12,15,1.25,1.3,0.3425,1.8,2.55,0.65,0.22,11.0,1.6,49,9
ESP-LALIGA,La Liga,Spain,1,20,18.8,2024-2025,Rayo Vallecano,15,15,1.0,1.26,0.33,1.8,2.46,0.63,0.22,11.3,1.52,52,9
ESP-LALIGA,La Liga,Spain,1,20,18.8,2024-2025,Real Betis,14,16,1.1429,1.2829,0.3371,1.92,2.5114,0.6414,0.22,11.1285,1.5657,60,6
ESP-LALIGA,La Liga,Spain,1,20,18.8,2024-2025,Atlético Madrid,10,16,1.6,1.356,0.36,1.92,2.676,0.678,0.22,10.58,1.712,76,3
ESP-LALIGA,La Liga,Spain,1,20,18.8,2024-2025,Mallorca,15,15,1.0,1.26,0.33,1.8,2.46,0.63,0.22,11.3,1.52,48,10
ESP-LALIGA,La Liga,Spain,1,20,18.8,2024-2025,Alavés,14,15,1.0714,1.2714,0.3336,1.8,2.4857,0.6357,0.22,11.2143,1.5428,42,14
ESP-LALIGA,La Liga,Spain,1,20,18.8,2024-2025,Real Madrid,7,16,2.2857,1.4657,0.3943,1.92,2.9229,0.7329,0.22,9.7572,1.9314,84,2
ESP-LALIGA,La Liga,Spain,1,20,18.8,2024-2025,Celta Vigo,8,15,1.875,1.4,0.3738,1.8,2.775,0.7,0.22,10.25,1.8,55,7
ESP-LALIGA,La Liga,Spain,1,20,18.8,2024-2025,Real Valladolid,22,15,0.6818,1.2091,0.3141,1.8,2.3454,0.6045,0.22,11.6818,1.4182,16,20
ESP-LALIGA,La Liga,Spain,1,20,18.8,2024-2025,Real Sociedad,16,16,1.0,1.26,0.33,1.92,2.46,0.63,0.22,11.3,1.52,46,12
ESP-LALIGA,La Liga,Spain,1,20,18.8,2024-2025,Osasuna,11,16,1.4545,1.3327,0.3527,1.92,2.6236,0.6664,0.22,10.7546,1.6654,52,8
ESP-LALIGA,La Liga,Spain,1,20,18.8,2024-2025,Villarreal,8,17,2.125,1.44,0.3863,2.04,2.865,0.72,0.22,9.95,1.88,70,5
ESP-LALIGA,La Liga,Spain,1,20,18.8,2024-2025,Leganés,17,15,0.8824,1.2412,0.3241,1.8,2.4177,0.6206,0.22,11.4411,1.4824,40,18
ESP-LALIGA,La Liga,Spain,1,20,18.8,2024-2025,Las Palmas,13,16,1.2308,1.2969,0.3415,1.92,2.5431,0.6485,0.22,11.023,1.5939,32,19
ESP-LALIGA,La Liga,Spain,1,20,18.8,2024-2025,Girona,12,15,1.25,1.3,0.3425,1.8,2.55,0.65,0.22,11.0,1.6,41,17
ESP-LALIGA,La Liga,Spain,1,20,18.8,2024-2025,Sevilla,16,17,1.0625,1.27,0.3331,2.04,2.4825,0.635,0.22,11.225,1.54,41,16
ESP-LALIGA,La Liga,Spain,1,20,18.8,2024-2025,Athletic Club,10,17,1.7,1.372,0.365,2.04,2.712,0.686,0.22,10.46,1.744,70,4
ESP-LALIGA,La Liga,Spain,1,20,18.8,2024-2025,Barcelona,5,17,3.4,1.644,0.45,2.04,3.324,0.822,0.22,8.42,2.288,88,1
ESP-LALIGA,La Liga,Spain,1,20,18.8,2024-2025,Getafe,21,17,0.8095,1.2295,0.3205,2.04,2.3914,0.6148,0.22,11.5286,1.459,42,13
ESP-LALIGA,La Liga,Spain,1,20,18.8,2024-2025,Valencia,17,16,0.9412,1.2506,0.3271,1.92,2.4388,0.6253,0.22,11.3706,1.5012,46,11
ESP-LALIGA,La Liga,Spain,1,20,18.8,2024-2025,Espanyol,14,15,1.0714,1.2714,0.3336,1.8,2.4857,0.6357,0.22,11.2143,1.5428,42,15
ESP-LALIGA,La Liga,Spain,1,20,18.8,2025-2026,Rayo Vallecano,19,16,0.8421,1.2347,0.3221,1.92,2.4032,0.6174,0.22,11.4895,1.4695,50,8
ESP-LALIGA,La Liga,Spain,1,20,18.8,2025-2026,Real Betis,9,15,1.6667,1.3667,0.3633,1.8,2.7,0.6833,0.22,10.5,1.7333,60,5
ESP-LALIGA,La Liga,Spain,1,20,18.8,2025-2026,Atlético Madrid,8,15,1.875,1.4,0.3738,1.8,2.775,0.7,0.22,10.25,1.8,69,4
ESP-LALIGA,La Liga,Spain,1,20,18.8,2025-2026,Mallorca,14,15,1.0714,1.2714,0.3336,1.8,2.4857,0.6357,0.22,11.2143,1.5428,42,17
ESP-LALIGA,La Liga,Spain,1,20,18.8,2025-2026,Alavés,18,15,0.8333,1.2333,0.3217,1.8,2.4,0.6167,0.22,11.5,1.4667,43,14
ESP-LALIGA,La Liga,Spain,1,20,18.8,2025-2026,Real Madrid,7,16,2.2857,1.4657,0.3943,1.92,2.9229,0.7329,0.22,9.7572,1.9314,86,2
ESP-LALIGA,La Liga,Spain,1,20,18.8,2025-2026,Celta Vigo,12,15,1.25,1.3,0.3425,1.8,2.55,0.65,0.22,11.0,1.6,54,6
ESP-LALIGA,La Liga,Spain,1,20,18.8,2025-2026,Elche,13,15,1.1538,1.2846,0.3377,1.8,2.5154,0.6423,0.22,11.1154,1.5692,43,13
ESP-LALIGA,La Liga,Spain,1,20,18.8,2025-2026,Real Sociedad,13,17,1.3077,1.3092,0.3454,2.04,2.5708,0.6546,0.22,10.9308,1.6185,46,10
ESP-LALIGA,La Liga,Spain,1,20,18.8,2025-2026,Osasuna,17,17,1.0,1.26,0.33,2.04,2.46,0.63,0.22,11.3,1.52,42,16
ESP-LALIGA,La Liga,Spain,1,20,18.8,2025-2026,Villarreal,9,16,1.7778,1.3844,0.3689,1.92,2.74,0.6922,0.22,10.3666,1.7689,72,3
ESP-LALIGA,La Liga,Spain,1,20,18.8,2025-2026,Girona,16,15,0.9375,1.25,0.3269,1.8,2.4375,0.625,0.22,11.375,1.5,41,19
ESP-LALIGA,La Liga,Spain,1,20,18.8,2025-2026,Sevilla,8,15,1.875,1.4,0.3738,1.8,2.775,0.7,0.22,10.25,1.8,43,15
ESP-LALIGA,La Liga,Spain,1,20,18.8,2025-2026,Athletic Club,16,15,0.9375,1.25,0.3269,1.8,2.4375,0.625,0.22,11.375,1.5,45,12
ESP-LALIGA,La Liga,Spain,1,20,18.8,2025-2026,Levante,11,15,1.3636,1.3182,0.3482,1.8,2.5909,0.6591,0.22,10.8637,1.6364,42,18
ESP-LALIGA,La Liga,Spain,1,20,18.8,2025-2026,Getafe,19,15,0.7895,1.2263,0.3195,1.8,2.3842,0.6132,0.22,11.5526,1.4526,51,7
ESP-LALIGA,La Liga,Spain,1,20,18.8,2025-2026,Barcelona,5,16,3.2,1.612,0.44,1.92,3.252,0.806,0.22,8.66,2.224,94,1
ESP-LALIGA,La Liga,Spain,1,20,18.8,2025-2026,Valencia,16,15,0.9375,1.25,0.3269,1.8,2.4375,0.625,0.22,11.375,1.5,49,9
ESP-LALIGA,La Liga,Spain,1,20,18.8,2025-2026,Espanyol,11,15,1.3636,1.3182,0.3482,1.8,2.5909,0.6591,0.22,10.8637,1.6364,46,11
ESP-LALIGA,La Liga,Spain,1,20,18.8,2025-2026,Real Oviedo,24,16,0.6667,1.2067,0.3133,1.92,2.34,0.6033,0.22,11.7,1.4133,29,20
ESP-SEG,Segunda Division,Spain,2,22,12.8,2021-2022,Real Zaragoza,16,15,0.9375,1.25,0.3269,1.8,2.4375,0.625,0.22,11.375,1.5,56,10
ESP-SEG,Segunda Division,Spain,2,22,12.8,2021-2022,Fuenlabrada,19,15,0.7895,1.2263,0.3195,1.8,2.3842,0.6132,0.22,11.5526,1.4526,33,21
ESP-SEG,Segunda Division,Spain,2,22,12.8,2021-2022,UD Ibiza,12,15,1.25,1.3,0.3425,1.8,2.55,0.65,0.22,11.0,1.6,52,15
ESP-SEG,Segunda Division,Spain,2,22,12.8,2021-2022,Málaga,16,15,0.9375,1.25,0.3269,1.8,2.4375,0.625,0.22,11.375,1.5,45,18
ESP-SEG,Segunda Division,Spain,2,22,12.8,2021-2022,Mirandés,10,16,1.6,1.356,0.36,1.92,2.676,0.678,0.22,10.58,1.712,52,14
ESP-SEG,Segunda Division,Spain,2,22,12.8,2021-2022,Huesca,12,15,1.25,1.3,0.3425,1.8,2.55,0.65,0.22,11.0,1.6,54,12
ESP-SEG,Segunda Division,Spain,2,22,12.8,2021-2022,Real Valladolid,12,15,1.25,1.3,0.3425,1.8,2.55,0.65,0.22,11.0,1.6,81,3
ESP-SEG,Segunda Division,Spain,2,22,12.8,2021-2022,Tenerife,12,15,1.25,1.3,0.3425,1.8,2.55,0.65,0.22,11.0,1.6,76,4
ESP-SEG,Segunda Division,Spain,2,22,12.8,2021-2022,Almería,7,15,2.1429,1.4429,0.3871,1.8,2.8714,0.7214,0.22,9.9285,1.8857,81,2
ESP-SEG,Segunda Division,Spain,2,22,12.8,2021-2022,AD Alcorcón,19,15,0.7895,1.2263,0.3195,1.8,2.3842,0.6132,0.22,11.5526,1.4526,29,22
ESP-SEG,Segunda Division,Spain,2,22,12.8,2021-2022,Amorebieta,14,16,1.1429,1.2829,0.3371,1.92,2.5114,0.6414,0.22,11.1285,1.5657,43,19
ESP-SEG,Segunda Division,Spain,2,22,12.8,2021-2022,Lugo,14,16,1.1429,1.2829,0.3371,1.92,2.5114,0.6414,0.22,11.1285,1.5657,50,16
ESP-SEG,Segunda Division,Spain,2,22,12.8,2021-2022,Real Sociedad II,16,15,0.9375,1.25,0.3269,1.8,2.4375,0.625,0.22,11.375,1.5,40,20
ESP-SEG,Segunda Division,Spain,2,22,12.8,2021-2022,Leganés,15,15,1.0,1.26,0.33,1.8,2.46,0.63,0.22,11.3,1.52,54,13
ESP-SEG,Segunda Division,Spain,2,22,12.8,2021-2022,Girona,14,15,1.0714,1.2714,0.3336,1.8,2.4857,0.6357,0.22,11.2143,1.5428,75,5
ESP-SEG,Segunda Division,Spain,2,22,12.8,2021-2022,Las Palmas,10,15,1.5,1.34,0.355,1.8,2.64,0.67,0.22,10.7,1.68,70,6
ESP-SEG,Segunda Division,Spain,2,22,12.8,2021-2022,Eibar,9,15,1.6667,1.3667,0.3633,1.8,2.7,0.6833,0.22,10.5,1.7333,83,1
ESP-SEG,Segunda Division,Spain,2,22,12.8,2021-2022,Ponferradina,12,15,1.25,1.3,0.3425,1.8,2.55,0.65,0.22,11.0,1.6,63,8
ESP-SEG,Segunda Division,Spain,2,22,12.8,2021-2022,Sporting Gijón,12,15,1.25,1.3,0.3425,1.8,2.55,0.65,0.22,11.0,1.6,46,17
ESP-SEG,Segunda Division,Spain,2,22,12.8,2021-2022,FC Cartagena,10,15,1.5,1.34,0.355,1.8,2.64,0.67,0.22,10.7,1.68,60,9
ESP-SEG,Segunda Division,Spain,2,22,12.8,2021-2022,Burgos,18,17,0.9444,1.2511,0.3272,2.04,2.44,0.6256,0.22,11.3667,1.5022,55,11
ESP-SEG,Segunda Division,Spain,2,22,12.8,2021-2022,Real Oviedo,13,15,1.1538,1.2846,0.3377,1.8,2.5154,0.6423,0.22,11.1154,1.5692,68,7
ESP-SEG,Segunda Division,Spain,2,22,12.8,2022-2023,Real Zaragoza,20,17,0.85,1.236,0.3225,2.04,2.406,0.618,0.22,11.48,1.472,53,13
ESP-SEG,Segunda Division,Spain,2,22,12.8,2022-2023,UD Ibiza,23,15,0.6522,1.2044,0.3126,1.8,2.3348,0.6022,0.22,11.7174,1.4087,34,21
ESP-SEG,Segunda Division,Spain,2,22,12.8,2022-2023,Villarreal B,10,15,1.5,1.34,0.355,1.8,2.64,0.67,0.22,10.7,1.68,50,18
ESP-SEG,Segunda Division,Spain,2,22,12.8,2022-2023,Málaga,20,15,0.75,1.22,0.3175,1.8,2.37,0.61,0.22,11.6,1.44,44,19
ESP-SEG,Segunda Division,Spain,2,22,12.8,2022-2023,Alavés,13,16,1.2308,1.2969,0.3415,1.92,2.5431,0.6485,0.22,11.023,1.5939,79,2
ESP-SEG,Segunda Division,Spain,2,22,12.8,2022-2023,Mirandés,16,15,0.9375,1.25,0.3269,1.8,2.4375,0.625,0.22,11.375,1.5,52,16
ESP-SEG,Segunda Division,Spain,2,22,12.8,2022-2023,Albacete,14,15,1.0714,1.2714,0.3336,1.8,2.4857,0.6357,0.22,11.2143,1.5428,67,6
ESP-SEG,Segunda Division,Spain,2,22,12.8,2022-2023,Huesca,18,15,0.8333,1.2333,0.3217,1.8,2.4,0.6167,0.22,11.5,1.4667,52,15
ESP-SEG,Segunda Division,Spain,2,22,12.8,2022-2023,Tenerife,16,16,1.0,1.26,0.33,1.92,2.46,0.63,0.22,11.3,1.52,57,10
ESP-SEG,Segunda Division,Spain,2,22,12.8,2022-2023,Lugo,15,15,1.0,1.26,0.33,1.8,2.46,0.63,0.22,11.3,1.52,31,22
ESP-SEG,Segunda Division,Spain,2,22,12.8,2022-2023,Granada,12,15,1.25,1.3,0.3425,1.8,2.55,0.65,0.22,11.0,1.6,75,3
ESP-SEG,Segunda Division,Spain,2,22,12.8,2022-2023,Leganés,16,16,1.0,1.26,0.33,1.92,2.46,0.63,0.22,11.3,1.52,53,14
ESP-SEG,Segunda Division,Spain,2,22,12.8,2022-2023,Racing Santander,23,16,0.6957,1.2113,0.3148,1.92,2.3505,0.6057,0.22,11.6652,1.4226,54,11
ESP-SEG,Segunda Division,Spain,2,22,12.8,2022-2023,Las Palmas,11,15,1.3636,1.3182,0.3482,1.8,2.5909,0.6591,0.22,10.8637,1.6364,72,4
ESP-SEG,Segunda Division,Spain,2,22,12.8,2022-2023,Eibar,12,15,1.25,1.3,0.3425,1.8,2.55,0.65,0.22,11.0,1.6,72,5
ESP-SEG,Segunda Division,Spain,2,22,12.8,2022-2023,Ponferradina,14,15,1.0714,1.2714,0.3336,1.8,2.4857,0.6357,0.22,11.2143,1.5428,44,20
ESP-SEG,Segunda Division,Spain,2,22,12.8,2022-2023,Levante,15,17,1.1333,1.2813,0.3367,2.04,2.508,0.6407,0.22,11.14,1.5627,79,1
ESP-SEG,Segunda Division,Spain,2,22,12.8,2022-2023,Sporting Gijón,11,16,1.4545,1.3327,0.3527,1.92,2.6236,0.6664,0.22,10.7546,1.6654,50,17
ESP-SEG,Segunda Division,Spain,2,22,12.8,2022-2023,FC Cartagena,11,16,1.4545,1.3327,0.3527,1.92,2.6236,0.6664,0.22,10.7546,1.6654,58,9
ESP-SEG,Segunda Division,Spain,2,22,12.8,2022-2023,Burgos,17,15,0.8824,1.2412,0.3241,1.8,2.4177,0.6206,0.22,11.4411,1.4824,54,12
ESP-SEG,Segunda Division,Spain,2,22,12.8,2022-2023,FC Andorra,14,15,1.0714,1.2714,0.3336,1.8,2.4857,0.6357,0.22,11.2143,1.5428,59,7
ESP-SEG,Segunda Division,Spain,2,22,12.8,2022-2023,Real Oviedo,23,15,0.6522,1.2044,0.3126,1.8,2.3348,0.6022,0.22,11.7174,1.4087,59,8
ESP-SEG,Segunda Division,Spain,2,22,12.8,2023-2024,Real Zaragoza,12,15,1.25,1.3,0.3425,1.8,2.55,0.65,0.22,11.0,1.6,51,13
ESP-SEG,Segunda Division,Spain,2,22,12.8,2023-2024,Villarreal B,10,17,1.7,1.372,0.365,2.04,2.712,0.686,0.22,10.46,1.744,43,22
ESP-SEG,Segunda Division,Spain,2,22,12.8,2023-2024,Eldense,13,15,1.1538,1.2846,0.3377,1.8,2.5154,0.6423,0.22,11.1154,1.5692,50,16
ESP-SEG,Segunda Division,Spain,2,22,12.8,2023-2024,Racing Ferrol,14,15,1.0714,1.2714,0.3336,1.8,2.4857,0.6357,0.22,11.2143,1.5428,59,10
ESP-SEG,Segunda Division,Spain,2,22,12.8,2023-2024,Mirandés,11,15,1.3636,1.3182,0.3482,1.8,2.5909,0.6591,0.22,10.8637,1.6364,49,18
ESP-SEG,Segunda Division,Spain,2,22,12.8,2023-2024,Albacete,14,15,1.0714,1.2714,0.3336,1.8,2.4857,0.6357,0.22,11.2143,1.5428,51,14
ESP-SEG,Segunda Division,Spain,2,22,12.8,2023-2024,Huesca,21,16,0.7619,1.2219,0.3181,1.92,2.3743,0.611,0.22,11.5857,1.4438,49,17
ESP-SEG,Segunda Division,Spain,2,22,12.8,2023-2024,Real Valladolid,13,15,1.1538,1.2846,0.3377,1.8,2.5154,0.6423,0.22,11.1154,1.5692,72,4
ESP-SEG,Segunda Division,Spain,2,22,12.8,2023-2024,Tenerife,17,15,0.8824,1.2412,0.3241,1.8,2.4177,0.6206,0.22,11.4411,1.4824,56,12
ESP-SEG,Segunda Division,Spain,2,22,12.8,2023-2024,Elche,17,16,0.9412,1.2506,0.3271,1.92,2.4388,0.6253,0.22,11.3706,1.5012,59,11
ESP-SEG,Segunda Division,Spain,2,22,12.8,2023-2024,Amorebieta,16,15,0.9375,1.25,0.3269,1.8,2.4375,0.625,0.22,11.375,1.5,45,19
ESP-SEG,Segunda Division,Spain,2,22,12.8,2023-2024,AD Alcorcón,15,16,1.0667,1.2707,0.3333,1.92,2.484,0.6353,0.22,11.22,1.5413,44,20
ESP-SEG,Segunda Division,Spain,2,22,12.8,2023-2024,Leganés,11,18,1.6364,1.3618,0.3618,2.16,2.6891,0.6809,0.22,10.5363,1.7236,74,2
ESP-SEG,Segunda Division,Spain,2,22,12.8,2023-2024,Racing Santander,11,16,1.4545,1.3327,0.3527,1.92,2.6236,0.6664,0.22,10.7546,1.6654,64,7
ESP-SEG,Segunda Division,Spain,2,22,12.8,2023-2024,Eibar,10,15,1.5,1.34,0.355,1.8,2.64,0.67,0.22,10.7,1.68,72,3
ESP-SEG,Segunda Division,Spain,2,22,12.8,2023-2024,Levante,11,15,1.3636,1.3182,0.3482,1.8,2.5909,0.6591,0.22,10.8637,1.6364,59,8
ESP-SEG,Segunda Division,Spain,2,22,12.8,2023-2024,Sporting Gijón,12,17,1.4167,1.3267,0.3508,2.04,2.61,0.6633,0.22,10.8,1.6533,66,6
ESP-SEG,Segunda Division,Spain,2,22,12.8,2023-2024,FC Cartagena,18,15,0.8333,1.2333,0.3217,1.8,2.4,0.6167,0.22,11.5,1.4667,51,15
ESP-SEG,Segunda Division,Spain,2,22,12.8,2023-2024,Burgos,11,16,1.4545,1.3327,0.3527,1.92,2.6236,0.6664,0.22,10.7546,1.6654,59,9
ESP-SEG,Segunda Division,Spain,2,22,12.8,2023-2024,FC Andorra,15,15,1.0,1.26,0.33,1.8,2.46,0.63,0.22,11.3,1.52,43,21
ESP-SEG,Segunda Division,Spain,2,22,12.8,2023-2024,Espanyol,8,17,2.125,1.44,0.3863,2.04,2.865,0.72,0.22,9.95,1.88,76,1
ESP-SEG,Segunda Division,Spain,2,22,12.8,2023-2024,Real Oviedo,17,15,0.8824,1.2412,0.3241,1.8,2.4177,0.6206,0.22,11.4411,1.4824,71,5
ESP-SEG,Segunda Division,Spain,2,22,12.8,2024-2025,Cádiz,14,16,1.1429,1.2829,0.3371,1.92,2.5114,0.6414,0.22,11.1285,1.5657,55,12
ESP-SEG,Segunda Division,Spain,2,22,12.8,2024-2025,Real Zaragoza,9,16,1.7778,1.3844,0.3689,1.92,2.74,0.6922,0.22,10.3666,1.7689,51,18
ESP-SEG,Segunda Division,Spain,2,22,12.8,2024-2025,Málaga,18,15,0.8333,1.2333,0.3217,1.8,2.4,0.6167,0.22,11.5,1.4667,53,17
ESP-SEG,Segunda Division,Spain,2,22,12.8,2024-2025,Eldense,13,15,1.1538,1.2846,0.3377,1.8,2.5154,0.6423,0.22,11.1154,1.5692,45,19
ESP-SEG,Segunda Division,Spain,2,22,12.8,2024-2025,Racing Ferrol,24,15,0.625,1.2,0.3113,1.8,2.325,0.6,0.22,11.75,1.4,30,21
ESP-SEG,Segunda Division,Spain,2,22,12.8,2024-2025,Mirandés,15,16,1.0667,1.2707,0.3333,1.92,2.484,0.6353,0.22,11.22,1.5413,82,1
ESP-SEG,Segunda Division,Spain,2,22,12.8,2024-2025,Huesca,9,15,1.6667,1.3667,0.3633,1.8,2.7,0.6833,0.22,10.5,1.7333,64,8
ESP-SEG,Segunda Division,Spain,2,22,12.8,2024-2025,Albacete,10,15,1.5,1.34,0.355,1.8,2.64,0.67,0.22,10.7,1.68,58,10
ESP-SEG,Segunda Division,Spain,2,22,12.8,2024-2025,Tenerife,21,16,0.7619,1.2219,0.3181,1.92,2.3743,0.611,0.22,11.5857,1.4438,36,20
ESP-SEG,Segunda Division,Spain,2,22,12.8,2024-2025,Almería,10,16,1.6,1.356,0.36,1.92,2.676,0.678,0.22,10.58,1.712,70,6
ESP-SEG,Segunda Division,Spain,2,22,12.8,2024-2025,Elche,14,15,1.0714,1.2714,0.3336,1.8,2.4857,0.6357,0.22,11.2143,1.5428,77,4
ESP-SEG,Segunda Division,Spain,2,22,12.8,2024-2025,Deportivo,13,16,1.2308,1.2969,0.3415,1.92,2.5431,0.6485,0.22,11.023,1.5939,53,16
ESP-SEG,Segunda Division,Spain,2,22,12.8,2024-2025,Castellón,10,16,1.6,1.356,0.36,1.92,2.676,0.678,0.22,10.58,1.712,53,15
ESP-SEG,Segunda Division,Spain,2,22,12.8,2024-2025,Granada,10,16,1.6,1.356,0.36,1.92,2.676,0.678,0.22,10.58,1.712,65,7
ESP-SEG,Segunda Division,Spain,2,22,12.8,2024-2025,Racing Santander,9,15,1.6667,1.3667,0.3633,1.8,2.7,0.6833,0.22,10.5,1.7333,72,5
ESP-SEG,Segunda Division,Spain,2,22,12.8,2024-2025,Eibar,17,15,0.8824,1.2412,0.3241,1.8,2.4177,0.6206,0.22,11.4411,1.4824,58,9
ESP-SEG,Segunda Division,Spain,2,22,12.8,2024-2025,Levante,11,16,1.4545,1.3327,0.3527,1.92,2.6236,0.6664,0.22,10.7546,1.6654,79,3
ESP-SEG,Segunda Division,Spain,2,22,12.8,2024-2025,Sporting Gijón,11,15,1.3636,1.3182,0.3482,1.8,2.5909,0.6591,0.22,10.8637,1.6364,56,11
ESP-SEG,Segunda Division,Spain,2,22,12.8,2024-2025,FC Cartagena,20,15,0.75,1.22,0.3175,1.8,2.37,0.61,0.22,11.6,1.44,23,22
ESP-SEG,Segunda Division,Spain,2,22,12.8,2024-2025,Burgos,17,15,0.8824,1.2412,0.3241,1.8,2.4177,0.6206,0.22,11.4411,1.4824,55,14
ESP-SEG,Segunda Division,Spain,2,22,12.8,2024-2025,Córdoba,13,16,1.2308,1.2969,0.3415,1.92,2.5431,0.6485,0.22,11.023,1.5939,55,13
ESP-SEG,Segunda Division,Spain,2,22,12.8,2024-2025,Real Oviedo,13,16,1.2308,1.2969,0.3415,1.92,2.5431,0.6485,0.22,11.023,1.5939,82,2
ESP-SEG,Segunda Division,Spain,2,22,12.8,2025-2026,Cádiz,17,16,0.9412,1.2506,0.3271,1.92,2.4388,0.6253,0.22,11.3706,1.5012,43,18
ESP-SEG,Segunda Division,Spain,2,22,12.8,2025-2026,Real Zaragoza,18,15,0.8333,1.2333,0.3217,1.8,2.4,0.6167,0.22,11.5,1.4667,36,22
ESP-SEG,Segunda Division,Spain,2,22,12.8,2025-2026,Málaga,13,16,1.2308,1.2969,0.3415,1.92,2.5431,0.6485,0.22,11.023,1.5939,81,2
ESP-SEG,Segunda Division,Spain,2,22,12.8,2025-2026,Mirandés,15,16,1.0667,1.2707,0.3333,1.92,2.484,0.6353,0.22,11.22,1.5413,40,19
ESP-SEG,Segunda Division,Spain,2,22,12.8,2025-2026,Huesca,17,15,0.8824,1.2412,0.3241,1.8,2.4177,0.6206,0.22,11.4411,1.4824,38,20
ESP-SEG,Segunda Division,Spain,2,22,12.8,2025-2026,Albacete,10,15,1.5,1.34,0.355,1.8,2.64,0.67,0.22,10.7,1.68,59,12
ESP-SEG,Segunda Division,Spain,2,22,12.8,2025-2026,Real Valladolid,12,15,1.25,1.3,0.3425,1.8,2.55,0.65,0.22,11.0,1.6,46,17
ESP-SEG,Segunda Division,Spain,2,22,12.8,2025-2026,Almería,9,18,2.0,1.42,0.38,2.16,2.82,0.71,0.22,10.1,1.84,79,3
ESP-SEG,Segunda Division,Spain,2,22,12.8,2025-2026,Cultural Leonesa,12,15,1.25,1.3,0.3425,1.8,2.55,0.65,0.22,11.0,1.6,37,21
ESP-SEG,Segunda Division,Spain,2,22,12.8,2025-2026,Deportivo,6,15,2.5,1.5,0.405,1.8,3.0,0.75,0.22,9.5,2.0,77,4
ESP-SEG,Segunda Division,Spain,2,22,12.8,2025-2026,Castellón,12,15,1.25,1.3,0.3425,1.8,2.55,0.65,0.22,11.0,1.6,73,6
ESP-SEG,Segunda Division,Spain,2,22,12.8,2025-2026,Real Sociedad II,12,16,1.3333,1.3133,0.3467,1.92,2.58,0.6567,0.22,10.9,1.6267,47,15
ESP-SEG,Segunda Division,Spain,2,22,12.8,2025-2026,Granada,13,15,1.1538,1.2846,0.3377,1.8,2.5154,0.6423,0.22,11.1154,1.5692,48,14
ESP-SEG,Segunda Division,Spain,2,22,12.8,2025-2026,Leganés,16,16,1.0,1.26,0.33,1.92,2.46,0.63,0.22,11.3,1.52,46,16
ESP-SEG,Segunda Division,Spain,2,22,12.8,2025-2026,Racing Santander,5,15,3.0,1.58,0.43,1.8,3.18,0.79,0.22,8.9,2.16,82,1
ESP-SEG,Segunda Division,Spain,2,22,12.8,2025-2026,Las Palmas,13,15,1.1538,1.2846,0.3377,1.8,2.5154,0.6423,0.22,11.1154,1.5692,74,5
ESP-SEG,Segunda Division,Spain,2,22,12.8,2025-2026,Eibar,13,15,1.1538,1.2846,0.3377,1.8,2.5154,0.6423,0.22,11.1154,1.5692,67,8
ESP-SEG,Segunda Division,Spain,2,22,12.8,2025-2026,Ceuta,15,16,1.0667,1.2707,0.3333,1.92,2.484,0.6353,0.22,11.22,1.5413,61,11
ESP-SEG,Segunda Division,Spain,2,22,12.8,2025-2026,Sporting Gijón,10,16,1.6,1.356,0.36,1.92,2.676,0.678,0.22,10.58,1.712,61,9
ESP-SEG,Segunda Division,Spain,2,22,12.8,2025-2026,Córdoba,12,16,1.3333,1.3133,0.3467,1.92,2.58,0.6567,0.22,10.9,1.6267,61,10
ESP-SEG,Segunda Division,Spain,2,22,12.8,2025-2026,Burgos,10,16,1.6,1.356,0.36,1.92,2.676,0.678,0.22,10.58,1.712,72,7
ESP-SEG,Segunda Division,Spain,2,22,12.8,2025-2026,FC Andorra,13,16,1.2308,1.2969,0.3415,1.92,2.5431,0.6485,0.22,11.023,1.5939,58,13
ITA-SERIEA,Serie A,Italy,1,20,17.8,2021-2022,Spezia,13,15,1.1538,1.2846,0.3377,1.8,2.5154,0.6423,0.22,11.1154,1.5692,36,16
ITA-SERIEA,Serie A,Italy,1,20,17.8,2021-2022,Salernitana,22,16,0.7273,1.2164,0.3164,1.92,2.3618,0.6082,0.22,11.6272,1.4327,31,17
ITA-SERIEA,Serie A,Italy,1,20,17.8,2021-2022,Atalanta,9,15,1.6667,1.3667,0.3633,1.8,2.7,0.6833,0.22,10.5,1.7333,59,8
ITA-SERIEA,Serie A,Italy,1,20,17.8,2021-2022,Empoli,11,16,1.4545,1.3327,0.3527,1.92,2.6236,0.6664,0.22,10.7546,1.6654,41,14
ITA-SERIEA,Serie A,Italy,1,20,17.8,2021-2022,Sampdoria,12,15,1.25,1.3,0.3425,1.8,2.55,0.65,0.22,11.0,1.6,36,15
ITA-SERIEA,Serie A,Italy,1,20,17.8,2021-2022,Internazionale,4,15,3.75,1.7,0.4675,1.8,3.45,0.85,0.22,8.0,2.4,84,2
ITA-SERIEA,Serie A,Italy,1,20,17.8,2021-2022,Torino,11,15,1.3636,1.3182,0.3482,1.8,2.5909,0.6591,0.22,10.8637,1.6364,50,10
ITA-SERIEA,Serie A,Italy,1,20,17.8,2021-2022,Sassuolo,11,15,1.3636,1.3182,0.3482,1.8,2.5909,0.6591,0.22,10.8637,1.6364,50,11
ITA-SERIEA,Serie A,Italy,1,20,17.8,2021-2022,Hellas Verona,7,15,2.1429,1.4429,0.3871,1.8,2.8714,0.7214,0.22,9.9285,1.8857,53,9
ITA-SERIEA,Serie A,Italy,1,20,17.8,2021-2022,Genoa,10,15,1.5,1.34,0.355,1.8,2.64,0.67,0.22,10.7,1.68,28,19
ITA-SERIEA,Serie A,Italy,1,20,17.8,2021-2022,AC Milan,7,15,2.1429,1.4429,0.3871,1.8,2.8714,0.7214,0.22,9.9285,1.8857,86,1
ITA-SERIEA,Serie A,Italy,1,20,17.8,2021-2022,Fiorentina,11,16,1.4545,1.3327,0.3527,1.92,2.6236,0.6664,0.22,10.7546,1.6654,62,7
ITA-SERIEA,Serie A,Italy,1,20,17.8,2021-2022,Napoli,6,16,2.6667,1.5267,0.4133,1.92,3.06,0.7633,0.22,9.3,2.0533,79,3
ITA-SERIEA,Serie A,Italy,1,20,17.8,2021-2022,Juventus,11,15,1.3636,1.3182,0.3482,1.8,2.5909,0.6591,0.22,10.8637,1.6364,70,4
ITA-SERIEA,Serie A,Italy,1,20,17.8,2021-2022,Udinese,12,15,1.25,1.3,0.3425,1.8,2.55,0.65,0.22,11.0,1.6,47,12
ITA-SERIEA,Serie A,Italy,1,20,17.8,2021-2022,Cagliari,13,15,1.1538,1.2846,0.3377,1.8,2.5154,0.6423,0.22,11.1154,1.5692,30,18
ITA-SERIEA,Serie A,Italy,1,20,17.8,2021-2022,Bologna,9,15,1.6667,1.3667,0.3633,1.8,2.7,0.6833,0.22,10.5,1.7333,46,13
ITA-SERIEA,Serie A,Italy,1,20,17.8,2021-2022,Venezia,16,15,0.9375,1.25,0.3269,1.8,2.4375,0.625,0.22,11.375,1.5,27,20
ITA-SERIEA,Serie A,Italy,1,20,17.8,2021-2022,AS Roma,7,16,2.2857,1.4657,0.3943,1.92,2.9229,0.7329,0.22,9.7572,1.9314,63,6
ITA-SERIEA,Serie A,Italy,1,20,17.8,2021-2022,Lazio,6,15,2.5,1.5,0.405,1.8,3.0,0.75,0.22,9.5,2.0,64,5
ITA-SERIEA,Serie A,Italy,1,20,17.8,2022-2023,Spezia,16,16,1.0,1.26,0.33,1.92,2.46,0.63,0.22,11.3,1.52,31,18
ITA-SERIEA,Serie A,Italy,1,20,17.8,2022-2023,Salernitana,12,16,1.3333,1.3133,0.3467,1.92,2.58,0.6567,0.22,10.9,1.6267,42,15
ITA-SERIEA,Serie A,Italy,1,20,17.8,2022-2023,Atalanta,10,16,1.6,1.356,0.36,1.92,2.676,0.678,0.22,10.58,1.712,64,6
ITA-SERIEA,Serie A,Italy,1,20,17.8,2022-2023,Empoli,17,15,0.8824,1.2412,0.3241,1.8,2.4177,0.6206,0.22,11.4411,1.4824,43,14
ITA-SERIEA,Serie A,Italy,1,20,17.8,2022-2023,Sampdoria,27,16,0.5926,1.1948,0.3096,1.92,2.3133,0.5974,0.22,11.7889,1.3896,19,20
ITA-SERIEA,Serie A,Italy,1,20,17.8,2022-2023,Cremonese,20,15,0.75,1.22,0.3175,1.8,2.37,0.61,0.22,11.6,1.44,27,19
ITA-SERIEA,Serie A,Italy,1,20,17.8,2022-2023,Internazionale,9,16,1.7778,1.3844,0.3689,1.92,2.74,0.6922,0.22,10.3666,1.7689,72,3
ITA-SERIEA,Serie A,Italy,1,20,17.8,2022-2023,Torino,14,15,1.0714,1.2714,0.3336,1.8,2.4857,0.6357,0.22,11.2143,1.5428,53,10
ITA-SERIEA,Serie A,Italy,1,20,17.8,2022-2023,Sassuolo,14,15,1.0714,1.2714,0.3336,1.8,2.4857,0.6357,0.22,11.2143,1.5428,45,13
ITA-SERIEA,Serie A,Italy,1,20,17.8,2022-2023,Hellas Verona,17,15,0.8824,1.2412,0.3241,1.8,2.4177,0.6206,0.22,11.4411,1.4824,34,17
ITA-SERIEA,Serie A,Italy,1,20,17.8,2022-2023,AC Milan,8,16,2.0,1.42,0.38,1.92,2.82,0.71,0.22,10.1,1.84,70,5
ITA-SERIEA,Serie A,Italy,1,20,17.8,2022-2023,Fiorentina,13,15,1.1538,1.2846,0.3377,1.8,2.5154,0.6423,0.22,11.1154,1.5692,56,8
ITA-SERIEA,Serie A,Italy,1,20,17.8,2022-2023,Napoli,7,15,2.1429,1.4429,0.3871,1.8,2.8714,0.7214,0.22,9.9285,1.8857,90,1
ITA-SERIEA,Serie A,Italy,1,20,17.8,2022-2023,Juventus,11,17,1.5455,1.3473,0.3573,2.04,2.6564,0.6736,0.22,10.6454,1.6946,72,4
ITA-SERIEA,Serie A,Italy,1,20,17.8,2022-2023,Udinese,7,15,2.1429,1.4429,0.3871,1.8,2.8714,0.7214,0.22,9.9285,1.8857,46,12
ITA-SERIEA,Serie A,Italy,1,20,17.8,2022-2023,Bologna,13,16,1.2308,1.2969,0.3415,1.92,2.5431,0.6485,0.22,11.023,1.5939,54,9
ITA-SERIEA,Serie A,Italy,1,20,17.8,2022-2023,Lecce,16,16,1.0,1.26,0.33,1.92,2.46,0.63,0.22,11.3,1.52,36,16
ITA-SERIEA,Serie A,Italy,1,20,17.8,2022-2023,AS Roma,12,16,1.3333,1.3133,0.3467,1.92,2.58,0.6567,0.22,10.9,1.6267,63,7
ITA-SERIEA,Serie A,Italy,1,20,17.8,2022-2023,Lazio,8,17,2.125,1.44,0.3863,2.04,2.865,0.72,0.22,9.95,1.88,74,2
ITA-SERIEA,Serie A,Italy,1,20,17.8,2022-2023,Monza,15,16,1.0667,1.2707,0.3333,1.92,2.484,0.6353,0.22,11.22,1.5413,52,11
ITA-SERIEA,Serie A,Italy,1,20,17.8,2023-2024,Salernitana,18,15,0.8333,1.2333,0.3217,1.8,2.4,0.6167,0.22,11.5,1.4667,17,20
ITA-SERIEA,Serie A,Italy,1,20,17.8,2023-2024,Atalanta,9,15,1.6667,1.3667,0.3633,1.8,2.7,0.6833,0.22,10.5,1.7333,69,4
ITA-SERIEA,Serie A,Italy,1,20,17.8,2023-2024,Empoli,22,15,0.6818,1.2091,0.3141,1.8,2.3454,0.6045,0.22,11.6818,1.4182,36,16
ITA-SERIEA,Serie A,Italy,1,20,17.8,2023-2024,Internazionale,6,15,2.5,1.5,0.405,1.8,3.0,0.75,0.22,9.5,2.0,94,1
ITA-SERIEA,Serie A,Italy,1,20,17.8,2023-2024,Sassuolo,12,16,1.3333,1.3133,0.3467,1.92,2.58,0.6567,0.22,10.9,1.6267,30,19
ITA-SERIEA,Serie A,Italy,1,20,17.8,2023-2024,Torino,17,15,0.8824,1.2412,0.3241,1.8,2.4177,0.6206,0.22,11.4411,1.4824,53,10
ITA-SERIEA,Serie A,Italy,1,20,17.8,2023-2024,Genoa,14,15,1.0714,1.2714,0.3336,1.8,2.4857,0.6357,0.22,11.2143,1.5428,49,11
ITA-SERIEA,Serie A,Italy,1,20,17.8,2023-2024,Hellas Verona,17,15,0.8824,1.2412,0.3241,1.8,2.4177,0.6206,0.22,11.4411,1.4824,38,13
ITA-SERIEA,Serie A,Italy,1,20,17.8,2023-2024,AC Milan,7,15,2.1429,1.4429,0.3871,1.8,2.8714,0.7214,0.22,9.9285,1.8857,75,2
ITA-SERIEA,Serie A,Italy,1,20,17.8,2023-2024,Fiorentina,7,15,2.1429,1.4429,0.3871,1.8,2.8714,0.7214,0.22,9.9285,1.8857,60,8
ITA-SERIEA,Serie A,Italy,1,20,17.8,2023-2024,Napoli,7,16,2.2857,1.4657,0.3943,1.92,2.9229,0.7329,0.22,9.7572,1.9314,53,9
ITA-SERIEA,Serie A,Italy,1,20,17.8,2023-2024,Juventus,9,15,1.6667,1.3667,0.3633,1.8,2.7,0.6833,0.22,10.5,1.7333,71,3
ITA-SERIEA,Serie A,Italy,1,20,17.8,2023-2024,Udinese,17,15,0.8824,1.2412,0.3241,1.8,2.4177,0.6206,0.22,11.4411,1.4824,37,15
ITA-SERIEA,Serie A,Italy,1,20,17.8,2023-2024,Cagliari,15,15,1.0,1.26,0.33,1.8,2.46,0.63,0.22,11.3,1.52,36,17
ITA-SERIEA,Serie A,Italy,1,20,17.8,2023-2024,Bologna,13,15,1.1538,1.2846,0.3377,1.8,2.5154,0.6423,0.22,11.1154,1.5692,68,5
ITA-SERIEA,Serie A,Italy,1,20,17.8,2023-2024,Lecce,13,15,1.1538,1.2846,0.3377,1.8,2.5154,0.6423,0.22,11.1154,1.5692,38,14
ITA-SERIEA,Serie A,Italy,1,20,17.8,2023-2024,AS Roma,7,15,2.1429,1.4429,0.3871,1.8,2.8714,0.7214,0.22,9.9285,1.8857,63,6
ITA-SERIEA,Serie A,Italy,1,20,17.8,2023-2024,Frosinone,10,15,1.5,1.34,0.355,1.8,2.64,0.67,0.22,10.7,1.68,35,18
ITA-SERIEA,Serie A,Italy,1,20,17.8,2023-2024,Lazio,14,15,1.0714,1.2714,0.3336,1.8,2.4857,0.6357,0.22,11.2143,1.5428,61,7
ITA-SERIEA,Serie A,Italy,1,20,17.8,2023-2024,Monza,14,15,1.0714,1.2714,0.3336,1.8,2.4857,0.6357,0.22,11.2143,1.5428,45,12
ITA-SERIEA,Serie A,Italy,1,20,17.8,2024-2025,Atalanta,7,16,2.2857,1.4657,0.3943,1.92,2.9229,0.7329,0.22,9.7572,1.9314,74,3
ITA-SERIEA,Serie A,Italy,1,20,17.8,2024-2025,Empoli,17,16,0.9412,1.2506,0.3271,1.92,2.4388,0.6253,0.22,11.3706,1.5012,31,18
ITA-SERIEA,Serie A,Italy,1,20,17.8,2024-2025,Internazionale,7,16,2.2857,1.4657,0.3943,1.92,2.9229,0.7329,0.22,9.7572,1.9314,81,2
ITA-SERIEA,Serie A,Italy,1,20,17.8,2024-2025,Torino,9,15,1.6667,1.3667,0.3633,1.8,2.7,0.6833,0.22,10.5,1.7333,44,11
ITA-SERIEA,Serie A,Italy,1,20,17.8,2024-2025,Genoa,18,16,0.8889,1.2422,0.3244,1.92,2.42,0.6211,0.22,11.4333,1.4844,43,13
ITA-SERIEA,Serie A,Italy,1,20,17.8,2024-2025,Hellas Verona,11,16,1.4545,1.3327,0.3527,1.92,2.6236,0.6664,0.22,10.7546,1.6654,37,14
ITA-SERIEA,Serie A,Italy,1,20,17.8,2024-2025,AC Milan,7,15,2.1429,1.4429,0.3871,1.8,2.8714,0.7214,0.22,9.9285,1.8857,63,8
ITA-SERIEA,Serie A,Italy,1,20,17.8,2024-2025,Fiorentina,8,15,1.875,1.4,0.3738,1.8,2.775,0.7,0.22,10.25,1.8,65,6
ITA-SERIEA,Serie A,Italy,1,20,17.8,2024-2025,Napoli,8,15,1.875,1.4,0.3738,1.8,2.775,0.7,0.22,10.25,1.8,82,1
ITA-SERIEA,Serie A,Italy,1,20,17.8,2024-2025,Juventus,9,15,1.6667,1.3667,0.3633,1.8,2.7,0.6833,0.22,10.5,1.7333,70,4
ITA-SERIEA,Serie A,Italy,1,20,17.8,2024-2025,Como,15,16,1.0667,1.2707,0.3333,1.92,2.484,0.6353,0.22,11.22,1.5413,49,10
ITA-SERIEA,Serie A,Italy,1,20,17.8,2024-2025,Udinese,12,15,1.25,1.3,0.3425,1.8,2.55,0.65,0.22,11.0,1.6,44,12
ITA-SERIEA,Serie A,Italy,1,20,17.8,2024-2025,Cagliari,14,15,1.0714,1.2714,0.3336,1.8,2.4857,0.6357,0.22,11.2143,1.5428,36,16
ITA-SERIEA,Serie A,Italy,1,20,17.8,2024-2025,Bologna,11,15,1.3636,1.3182,0.3482,1.8,2.5909,0.6591,0.22,10.8637,1.6364,62,9
ITA-SERIEA,Serie A,Italy,1,20,17.8,2024-2025,Venezia,16,15,0.9375,1.25,0.3269,1.8,2.4375,0.625,0.22,11.375,1.5,29,19
ITA-SERIEA,Serie A,Italy,1,20,17.8,2024-2025,Lecce,21,15,0.7143,1.2143,0.3157,1.8,2.3571,0.6071,0.22,11.6428,1.4286,34,17
ITA-SERIEA,Serie A,Italy,1,20,17.8,2024-2025,AS Roma,15,18,1.2,1.292,0.34,2.16,2.532,0.646,0.22,11.06,1.584,69,5
ITA-SERIEA,Serie A,Italy,1,20,17.8,2024-2025,Lazio,9,17,1.8889,1.4022,0.3744,2.04,2.78,0.7011,0.22,10.2333,1.8044,65,7
ITA-SERIEA,Serie A,Italy,1,20,17.8,2024-2025,Parma,12,16,1.3333,1.3133,0.3467,1.92,2.58,0.6567,0.22,10.9,1.6267,36,15
ITA-SERIEA,Serie A,Italy,1,20,17.8,2024-2025,Monza,17,15,0.8824,1.2412,0.3241,1.8,2.4177,0.6206,0.22,11.4411,1.4824,18,20
ITA-SERIEA,Serie A,Italy,1,20,17.8,2025-2026,Atalanta,13,16,1.2308,1.2969,0.3415,1.92,2.5431,0.6485,0.22,11.023,1.5939,59,7
ITA-SERIEA,Serie A,Italy,1,20,17.8,2025-2026,Pisa,20,15,0.75,1.22,0.3175,1.8,2.37,0.61,0.22,11.6,1.44,18,20
ITA-SERIEA,Serie A,Italy,1,20,17.8,2025-2026,Cremonese,13,16,1.2308,1.2969,0.3415,1.92,2.5431,0.6485,0.22,11.023,1.5939,34,18
ITA-SERIEA,Serie A,Italy,1,20,17.8,2025-2026,Internazionale,6,17,2.8333,1.5533,0.4217,2.04,3.12,0.7767,0.22,9.1,2.1067,87,1
ITA-SERIEA,Serie A,Italy,1,20,17.8,2025-2026,Sassuolo,12,16,1.3333,1.3133,0.3467,1.92,2.58,0.6567,0.22,10.9,1.6267,49,11
ITA-SERIEA,Serie A,Italy,1,20,17.8,2025-2026,Torino,15,15,1.0,1.26,0.33,1.8,2.46,0.63,0.22,11.3,1.52,45,13
ITA-SERIEA,Serie A,Italy,1,20,17.8,2025-2026,Genoa,14,15,1.0714,1.2714,0.3336,1.8,2.4857,0.6357,0.22,11.2143,1.5428,41,16
ITA-SERIEA,Serie A,Italy,1,20,17.8,2025-2026,Hellas Verona,18,15,0.8333,1.2333,0.3217,1.8,2.4,0.6167,0.22,11.5,1.4667,21,19
ITA-SERIEA,Serie A,Italy,1,20,17.8,2025-2026,AC Milan,10,15,1.5,1.34,0.355,1.8,2.64,0.67,0.22,10.7,1.68,70,5
ITA-SERIEA,Serie A,Italy,1,20,17.8,2025-2026,Fiorentina,16,17,1.0625,1.27,0.3331,2.04,2.4825,0.635,0.22,11.225,1.54,42,15
ITA-SERIEA,Serie A,Italy,1,20,17.8,2025-2026,Napoli,8,15,1.875,1.4,0.3738,1.8,2.775,0.7,0.22,10.25,1.8,76,2
ITA-SERIEA,Serie A,Italy,1,20,17.8,2025-2026,Juventus,12,15,1.25,1.3,0.3425,1.8,2.55,0.65,0.22,11.0,1.6,69,6
ITA-SERIEA,Serie A,Italy,1,20,17.8,2025-2026,Como,12,17,1.4167,1.3267,0.3508,2.04,2.61,0.6633,0.22,10.8,1.6533,71,4
ITA-SERIEA,Serie A,Italy,1,20,17.8,2025-2026,Udinese,14,15,1.0714,1.2714,0.3336,1.8,2.4857,0.6357,0.22,11.2143,1.5428,50,10
ITA-SERIEA,Serie A,Italy,1,20,17.8,2025-2026,Cagliari,15,15,1.0,1.26,0.33,1.8,2.46,0.63,0.22,11.3,1.52,43,14
ITA-SERIEA,Serie A,Italy,1,20,17.8,2025-2026,Bologna,10,16,1.6,1.356,0.36,1.92,2.676,0.678,0.22,10.58,1.712,56,8
ITA-SERIEA,Serie A,Italy,1,20,17.8,2025-2026,Lecce,24,15,0.625,1.2,0.3113,1.8,2.325,0.6,0.22,11.75,1.4,38,17
ITA-SERIEA,Serie A,Italy,1,20,17.8,2025-2026,AS Roma,12,15,1.25,1.3,0.3425,1.8,2.55,0.65,0.22,11.0,1.6,73,3
ITA-SERIEA,Serie A,Italy,1,20,17.8,2025-2026,Lazio,12,15,1.25,1.3,0.3425,1.8,2.55,0.65,0.22,11.0,1.6,54,9
ITA-SERIEA,Serie A,Italy,1,20,17.8,2025-2026,Parma,23,15,0.6522,1.2044,0.3126,1.8,2.3348,0.6022,0.22,11.7174,1.4087,45,12
ITA-SERIEB,Serie B,Italy,2,20,13.0,2021-2022,Ternana,9,16,1.7778,1.3844,0.3689,1.92,2.74,0.6922,0.22,10.3666,1.7689,54,10
ITA-SERIEB,Serie B,Italy,2,20,13.0,2021-2022,Perugia,14,15,1.0714,1.2714,0.3336,1.8,2.4857,0.6357,0.22,11.2143,1.5428,58,9
ITA-SERIEB,Serie B,Italy,2,20,13.0,2021-2022,Brescia,6,17,2.8333,1.5533,0.4217,2.04,3.12,0.7767,0.22,9.1,2.1067,69,5
ITA-SERIEB,Serie B,Italy,2,20,13.0,2021-2022,Pisa,7,15,2.1429,1.4429,0.3871,1.8,2.8714,0.7214,0.22,9.9285,1.8857,70,3
ITA-SERIEB,Serie B,Italy,2,20,13.0,2021-2022,Benevento,9,15,1.6667,1.3667,0.3633,1.8,2.7,0.6833,0.22,10.5,1.7333,69,4
ITA-SERIEB,Serie B,Italy,2,20,13.0,2021-2022,Vicenza,15,15,1.0,1.26,0.33,1.8,2.46,0.63,0.22,11.3,1.52,37,17
ITA-SERIEB,Serie B,Italy,2,20,13.0,2021-2022,Cremonese,12,15,1.25,1.3,0.3425,1.8,2.55,0.65,0.22,11.0,1.6,69,6
ITA-SERIEB,Serie B,Italy,2,20,13.0,2021-2022,Cosenza,17,15,0.8824,1.2412,0.3241,1.8,2.4177,0.6206,0.22,11.4411,1.4824,38,16
ITA-SERIEB,Serie B,Italy,2,20,13.0,2021-2022,Ascoli,11,15,1.3636,1.3182,0.3482,1.8,2.5909,0.6591,0.22,10.8637,1.6364,65,7
ITA-SERIEB,Serie B,Italy,2,20,13.0,2021-2022,Como,12,18,1.5,1.34,0.355,2.16,2.64,0.67,0.22,10.7,1.68,47,14
ITA-SERIEB,Serie B,Italy,2,20,13.0,2021-2022,Cittadella,14,15,1.0714,1.2714,0.3336,1.8,2.4857,0.6357,0.22,11.2143,1.5428,52,11
ITA-SERIEB,Serie B,Italy,2,20,13.0,2021-2022,SPAL,11,15,1.3636,1.3182,0.3482,1.8,2.5909,0.6591,0.22,10.8637,1.6364,42,15
ITA-SERIEB,Serie B,Italy,2,20,13.0,2021-2022,Pordenone Calcio,18,15,0.8333,1.2333,0.3217,1.8,2.4,0.6167,0.22,11.5,1.4667,18,20
ITA-SERIEB,Serie B,Italy,2,20,13.0,2021-2022,Crotone,17,16,0.9412,1.2506,0.3271,1.92,2.4388,0.6253,0.22,11.3706,1.5012,26,19
ITA-SERIEB,Serie B,Italy,2,20,13.0,2021-2022,Alessandria,14,15,1.0714,1.2714,0.3336,1.8,2.4857,0.6357,0.22,11.2143,1.5428,34,18
ITA-SERIEB,Serie B,Italy,2,20,13.0,2021-2022,Lecce,11,17,1.5455,1.3473,0.3573,2.04,2.6564,0.6736,0.22,10.6454,1.6946,71,2
ITA-SERIEB,Serie B,Italy,2,20,13.0,2021-2022,Frosinone,12,18,1.5,1.34,0.355,2.16,2.64,0.67,0.22,10.7,1.68,58,8
ITA-SERIEB,Serie B,Italy,2,20,13.0,2021-2022,Reggina,15,15,1.0,1.26,0.33,1.8,2.46,0.63,0.22,11.3,1.52,48,13
ITA-SERIEB,Serie B,Italy,2,20,13.0,2021-2022,Parma,10,15,1.5,1.34,0.355,1.8,2.64,0.67,0.22,10.7,1.68,49,12
ITA-SERIEB,Serie B,Italy,2,20,13.0,2021-2022,Monza,14,15,1.0714,1.2714,0.3336,1.8,2.4857,0.6357,0.22,11.2143,1.5428,79,1
ITA-SERIEB,Serie B,Italy,2,20,13.0,2022-2023,Ternana,9,16,1.7778,1.3844,0.3689,1.92,2.74,0.6922,0.22,10.3666,1.7689,43,16
ITA-SERIEB,Serie B,Italy,2,20,13.0,2022-2023,Perugia,19,16,0.8421,1.2347,0.3221,1.92,2.4032,0.6174,0.22,11.4895,1.4695,39,18
ITA-SERIEB,Serie B,Italy,2,20,13.0,2022-2023,Brescia,11,15,1.3636,1.3182,0.3482,1.8,2.5909,0.6591,0.22,10.8637,1.6364,41,17
ITA-SERIEB,Serie B,Italy,2,20,13.0,2022-2023,Bari,7,16,2.2857,1.4657,0.3943,1.92,2.9229,0.7329,0.22,9.7572,1.9314,69,4
ITA-SERIEB,Serie B,Italy,2,20,13.0,2022-2023,Pisa,10,17,1.7,1.372,0.365,2.04,2.712,0.686,0.22,10.46,1.744,47,11
ITA-SERIEB,Serie B,Italy,2,20,13.0,2022-2023,Benevento,16,15,0.9375,1.25,0.3269,1.8,2.4375,0.625,0.22,11.375,1.5,35,20
ITA-SERIEB,Serie B,Italy,2,20,13.0,2022-2023,Genoa,12,15,1.25,1.3,0.3425,1.8,2.55,0.65,0.22,11.0,1.6,74,2
ITA-SERIEB,Serie B,Italy,2,20,13.0,2022-2023,Cosenza,14,15,1.0714,1.2714,0.3336,1.8,2.4857,0.6357,0.22,11.2143,1.5428,44,14
ITA-SERIEB,Serie B,Italy,2,20,13.0,2022-2023,Ascoli,11,15,1.3636,1.3182,0.3482,1.8,2.5909,0.6591,0.22,10.8637,1.6364,47,13
ITA-SERIEB,Serie B,Italy,2,20,13.0,2022-2023,Como,15,17,1.1333,1.2813,0.3367,2.04,2.508,0.6407,0.22,11.14,1.5627,47,12
ITA-SERIEB,Serie B,Italy,2,20,13.0,2022-2023,Cittadella,20,15,0.75,1.22,0.3175,1.8,2.37,0.61,0.22,11.6,1.44,43,15
ITA-SERIEB,Serie B,Italy,2,20,13.0,2022-2023,SPAL,10,15,1.5,1.34,0.355,1.8,2.64,0.67,0.22,10.7,1.68,38,19
ITA-SERIEB,Serie B,Italy,2,20,13.0,2022-2023,Cagliari,14,16,1.1429,1.2829,0.3371,1.92,2.5114,0.6414,0.22,11.1285,1.5657,71,3
ITA-SERIEB,Serie B,Italy,2,20,13.0,2022-2023,Sudtirol,13,16,1.2308,1.2969,0.3415,1.92,2.5431,0.6485,0.22,11.023,1.5939,64,5
ITA-SERIEB,Serie B,Italy,2,20,13.0,2022-2023,Venezia,15,16,1.0667,1.2707,0.3333,1.92,2.484,0.6353,0.22,11.22,1.5413,49,8
ITA-SERIEB,Serie B,Italy,2,20,13.0,2022-2023,Frosinone,10,15,1.5,1.34,0.355,1.8,2.64,0.67,0.22,10.7,1.68,80,1
ITA-SERIEB,Serie B,Italy,2,20,13.0,2022-2023,Reggina,8,17,2.125,1.44,0.3863,2.04,2.865,0.72,0.22,9.95,1.88,55,7
ITA-SERIEB,Serie B,Italy,2,20,13.0,2022-2023,Modena,10,16,1.6,1.356,0.36,1.92,2.676,0.678,0.22,10.58,1.712,48,10
ITA-SERIEB,Serie B,Italy,2,20,13.0,2022-2023,Parma,9,15,1.6667,1.3667,0.3633,1.8,2.7,0.6833,0.22,10.5,1.7333,62,6
ITA-SERIEB,Serie B,Italy,2,20,13.0,2022-2023,Palermo,15,15,1.0,1.26,0.33,1.8,2.46,0.63,0.22,11.3,1.52,49,9
ITA-SERIEB,Serie B,Italy,2,20,13.0,2023-2024,FeralpiSalo,18,15,0.8333,1.2333,0.3217,1.8,2.4,0.6167,0.22,11.5,1.4667,33,19
ITA-SERIEB,Serie B,Italy,2,20,13.0,2023-2024,Reggiana,15,15,1.0,1.26,0.33,1.8,2.46,0.63,0.22,11.3,1.52,47,12
ITA-SERIEB,Serie B,Italy,2,20,13.0,2023-2024,Spezia,18,15,0.8333,1.2333,0.3217,1.8,2.4,0.6167,0.22,11.5,1.4667,44,17
ITA-SERIEB,Serie B,Italy,2,20,13.0,2023-2024,Ternana,15,16,1.0667,1.2707,0.3333,1.92,2.484,0.6353,0.22,11.22,1.5413,44,16
ITA-SERIEB,Serie B,Italy,2,20,13.0,2023-2024,Brescia,16,15,0.9375,1.25,0.3269,1.8,2.4375,0.625,0.22,11.375,1.5,51,8
ITA-SERIEB,Serie B,Italy,2,20,13.0,2023-2024,Bari,13,15,1.1538,1.2846,0.3377,1.8,2.5154,0.6423,0.22,11.1154,1.5692,45,15
ITA-SERIEB,Serie B,Italy,2,20,13.0,2023-2024,Lecco,17,16,0.9412,1.2506,0.3271,1.92,2.4388,0.6253,0.22,11.3706,1.5012,26,20
ITA-SERIEB,Serie B,Italy,2,20,13.0,2023-2024,Pisa,17,16,0.9412,1.2506,0.3271,1.92,2.4388,0.6253,0.22,11.3706,1.5012,46,13
ITA-SERIEB,Serie B,Italy,2,20,13.0,2023-2024,Sampdoria,14,16,1.1429,1.2829,0.3371,1.92,2.5114,0.6414,0.22,11.1285,1.5657,57,7
ITA-SERIEB,Serie B,Italy,2,20,13.0,2023-2024,Cremonese,12,17,1.4167,1.3267,0.3508,2.04,2.61,0.6633,0.22,10.8,1.6533,72,4
ITA-SERIEB,Serie B,Italy,2,20,13.0,2023-2024,Cosenza,12,15,1.25,1.3,0.3425,1.8,2.55,0.65,0.22,11.0,1.6,47,9
ITA-SERIEB,Serie B,Italy,2,20,13.0,2023-2024,Ascoli,15,15,1.0,1.26,0.33,1.8,2.46,0.63,0.22,11.3,1.52,41,18
ITA-SERIEB,Serie B,Italy,2,20,13.0,2023-2024,Como,12,15,1.25,1.3,0.3425,1.8,2.55,0.65,0.22,11.0,1.6,73,3
ITA-SERIEB,Serie B,Italy,2,20,13.0,2023-2024,Cittadella,13,15,1.1538,1.2846,0.3377,1.8,2.5154,0.6423,0.22,11.1154,1.5692,46,14
ITA-SERIEB,Serie B,Italy,2,20,13.0,2023-2024,Sudtirol,10,16,1.6,1.356,0.36,1.92,2.676,0.678,0.22,10.58,1.712,47,10
ITA-SERIEB,Serie B,Italy,2,20,13.0,2023-2024,Venezia,11,16,1.4545,1.3327,0.3527,1.92,2.6236,0.6664,0.22,10.7546,1.6654,80,1
ITA-SERIEB,Serie B,Italy,2,20,13.0,2023-2024,Modena,15,16,1.0667,1.2707,0.3333,1.92,2.484,0.6353,0.22,11.22,1.5413,47,11
ITA-SERIEB,Serie B,Italy,2,20,13.0,2023-2024,Parma,8,16,2.0,1.42,0.38,1.92,2.82,0.71,0.22,10.1,1.84,76,2
ITA-SERIEB,Serie B,Italy,2,20,13.0,2023-2024,Palermo,9,16,1.7778,1.3844,0.3689,1.92,2.74,0.6922,0.22,10.3666,1.7689,59,6
ITA-SERIEB,Serie B,Italy,2,20,13.0,2023-2024,Catanzaro,9,15,1.6667,1.3667,0.3633,1.8,2.7,0.6833,0.22,10.5,1.7333,64,5
ITA-SERIEB,Serie B,Italy,2,20,13.0,2024-2025,Reggiana,16,16,1.0,1.26,0.33,1.92,2.46,0.63,0.22,11.3,1.52,44,15
ITA-SERIEB,Serie B,Italy,2,20,13.0,2024-2025,Salernitana,15,17,1.1333,1.2813,0.3367,2.04,2.508,0.6407,0.22,11.14,1.5627,42,18
ITA-SERIEB,Serie B,Italy,2,20,13.0,2024-2025,Spezia,11,15,1.3636,1.3182,0.3482,1.8,2.5909,0.6591,0.22,10.8637,1.6364,73,3
ITA-SERIEB,Serie B,Italy,2,20,13.0,2024-2025,Brescia,11,15,1.3636,1.3182,0.3482,1.8,2.5909,0.6591,0.22,10.8637,1.6364,43,16
ITA-SERIEB,Serie B,Italy,2,20,13.0,2024-2025,Bari,13,15,1.1538,1.2846,0.3377,1.8,2.5154,0.6423,0.22,11.1154,1.5692,48,9
ITA-SERIEB,Serie B,Italy,2,20,13.0,2024-2025,Pisa,8,17,2.125,1.44,0.3863,2.04,2.865,0.72,0.22,9.95,1.88,76,2
ITA-SERIEB,Serie B,Italy,2,20,13.0,2024-2025,Cesena,9,16,1.7778,1.3844,0.3689,1.92,2.74,0.6922,0.22,10.3666,1.7689,53,7
ITA-SERIEB,Serie B,Italy,2,20,13.0,2024-2025,Mantova,16,16,1.0,1.26,0.33,1.92,2.46,0.63,0.22,11.3,1.52,44,14
ITA-SERIEB,Serie B,Italy,2,20,13.0,2024-2025,Sampdoria,9,15,1.6667,1.3667,0.3633,1.8,2.7,0.6833,0.22,10.5,1.7333,47,10
ITA-SERIEB,Serie B,Italy,2,20,13.0,2024-2025,Cremonese,10,15,1.5,1.34,0.355,1.8,2.64,0.67,0.22,10.7,1.68,68,4
ITA-SERIEB,Serie B,Italy,2,20,13.0,2024-2025,Sassuolo,9,19,2.1111,1.4378,0.3856,2.28,2.86,0.7189,0.22,9.9667,1.8756,82,1
ITA-SERIEB,Serie B,Italy,2,20,13.0,2024-2025,Carrarese,18,15,0.8333,1.2333,0.3217,1.8,2.4,0.6167,0.22,11.5,1.4667,45,13
ITA-SERIEB,Serie B,Italy,2,20,13.0,2024-2025,Cosenza,15,16,1.0667,1.2707,0.3333,1.92,2.484,0.6353,0.22,11.22,1.5413,34,20
ITA-SERIEB,Serie B,Italy,2,20,13.0,2024-2025,Cittadella,19,15,0.7895,1.2263,0.3195,1.8,2.3842,0.6132,0.22,11.5526,1.4526,39,19
ITA-SERIEB,Serie B,Italy,2,20,13.0,2024-2025,Sudtirol,16,15,0.9375,1.25,0.3269,1.8,2.4375,0.625,0.22,11.375,1.5,46,11
ITA-SERIEB,Serie B,Italy,2,20,13.0,2024-2025,Frosinone,19,16,0.8421,1.2347,0.3221,1.92,2.4032,0.6174,0.22,11.4895,1.4695,43,17
ITA-SERIEB,Serie B,Italy,2,20,13.0,2024-2025,Juve Stabia,15,15,1.0,1.26,0.33,1.8,2.46,0.63,0.22,11.3,1.52,61,5
ITA-SERIEB,Serie B,Italy,2,20,13.0,2024-2025,Modena,11,16,1.4545,1.3327,0.3527,1.92,2.6236,0.6664,0.22,10.7546,1.6654,45,12
ITA-SERIEB,Serie B,Italy,2,20,13.0,2024-2025,Palermo,15,16,1.0667,1.2707,0.3333,1.92,2.484,0.6353,0.22,11.22,1.5413,52,8
ITA-SERIEB,Serie B,Italy,2,20,13.0,2024-2025,Catanzaro,14,15,1.0714,1.2714,0.3336,1.8,2.4857,0.6357,0.22,11.2143,1.5428,56,6
ITA-SERIEB,Serie B,Italy,2,20,13.0,2025-2026,Spezia,17,15,0.8824,1.2412,0.3241,1.8,2.4177,0.6206,0.22,11.4411,1.4824,35,20
ITA-SERIEB,Serie B,Italy,2,20,13.0,2025-2026,Reggiana,10,15,1.5,1.34,0.355,1.8,2.64,0.67,0.22,10.7,1.68,37,18
ITA-SERIEB,Serie B,Italy,2,20,13.0,2025-2026,Pescara,10,15,1.5,1.34,0.355,1.8,2.64,0.67,0.22,10.7,1.68,35,19
ITA-SERIEB,Serie B,Italy,2,20,13.0,2025-2026,Bari,17,15,0.8824,1.2412,0.3241,1.8,2.4177,0.6206,0.22,11.4411,1.4824,42,16
ITA-SERIEB,Serie B,Italy,2,20,13.0,2025-2026,Mantova,16,15,0.9375,1.25,0.3269,1.8,2.4375,0.625,0.22,11.375,1.5,46,11
ITA-SERIEB,Serie B,Italy,2,20,13.0,2025-2026,Cesena,10,16,1.6,1.356,0.36,1.92,2.676,0.678,0.22,10.58,1.712,46,10
ITA-SERIEB,Serie B,Italy,2,20,13.0,2025-2026,Empoli,13,17,1.3077,1.3092,0.3454,2.04,2.5708,0.6546,0.22,10.9308,1.6185,41,17
ITA-SERIEB,Serie B,Italy,2,20,13.0,2025-2026,Sampdoria,15,15,1.0,1.26,0.33,1.8,2.46,0.63,0.22,11.3,1.52,44,13
ITA-SERIEB,Serie B,Italy,2,20,13.0,2025-2026,US Avellino,11,16,1.4545,1.3327,0.3527,1.92,2.6236,0.6664,0.22,10.7546,1.6654,49,8
ITA-SERIEB,Serie B,Italy,2,20,13.0,2025-2026,Carrarese,9,16,1.7778,1.3844,0.3689,1.92,2.74,0.6922,0.22,10.3666,1.7689,44,12
ITA-SERIEB,Serie B,Italy,2,20,13.0,2025-2026,Virtus Entella,16,15,0.9375,1.25,0.3269,1.8,2.4375,0.625,0.22,11.375,1.5,42,15
ITA-SERIEB,Serie B,Italy,2,20,13.0,2025-2026,Sudtirol,15,15,1.0,1.26,0.33,1.8,2.46,0.63,0.22,11.3,1.52,43,14
ITA-SERIEB,Serie B,Italy,2,20,13.0,2025-2026,Venezia,10,16,1.6,1.356,0.36,1.92,2.676,0.678,0.22,10.58,1.712,82,2
ITA-SERIEB,Serie B,Italy,2,20,13.0,2025-2026,Padova,16,16,1.0,1.26,0.33,1.92,2.46,0.63,0.22,11.3,1.52,46,9
ITA-SERIEB,Serie B,Italy,2,20,13.0,2025-2026,Frosinone,10,18,1.8,1.388,0.37,2.16,2.748,0.694,0.22,10.34,1.776,81,3
ITA-SERIEB,Serie B,Italy,2,20,13.0,2025-2026,Juve Stabia,13,15,1.1538,1.2846,0.3377,1.8,2.5154,0.6423,0.22,11.1154,1.5692,55,7
ITA-SERIEB,Serie B,Italy,2,20,13.0,2025-2026,Modena,9,16,1.7778,1.3844,0.3689,1.92,2.74,0.6922,0.22,10.3666,1.7689,55,6
ITA-SERIEB,Serie B,Italy,2,20,13.0,2025-2026,Palermo,11,15,1.3636,1.3182,0.3482,1.8,2.5909,0.6591,0.22,10.8637,1.6364,75,4
ITA-SERIEB,Serie B,Italy,2,20,13.0,2025-2026,Catanzaro,13,16,1.2308,1.2969,0.3415,1.92,2.5431,0.6485,0.22,11.023,1.5939,66,5
ITA-SERIEB,Serie B,Italy,2,20,13.0,2025-2026,Monza,11,15,1.3636,1.3182,0.3482,1.8,2.5909,0.6591,0.22,10.8637,1.6364,84,1
FRA-LIGUE1,Ligue 1,France,1,18,16.5,2021-2022,Stade de Reims,14,15,1.0714,1.2714,0.3336,1.8,2.4857,0.6357,0.22,11.2143,1.5428,46,12
FRA-LIGUE1,Ligue 1,France,1,18,16.5,2021-2022,Nice,7,15,2.1429,1.4429,0.3871,1.8,2.8714,0.7214,0.22,9.9285,1.8857,67,4
FRA-LIGUE1,Ligue 1,France,1,18,16.5,2021-2022,Lorient,19,15,0.7895,1.2263,0.3195,1.8,2.3842,0.6132,0.22,11.5526,1.4526,36,16
FRA-LIGUE1,Ligue 1,France,1,18,16.5,2021-2022,Metz,14,16,1.1429,1.2829,0.3371,1.92,2.5114,0.6414,0.22,11.1285,1.5657,31,19
FRA-LIGUE1,Ligue 1,France,1,18,16.5,2021-2022,Nantes,11,16,1.4545,1.3327,0.3527,1.92,2.6236,0.6664,0.22,10.7546,1.6654,55,9
FRA-LIGUE1,Ligue 1,France,1,18,16.5,2021-2022,Paris Saint-Germain,5,16,3.2,1.612,0.44,1.92,3.252,0.806,0.22,8.66,2.224,86,1
FRA-LIGUE1,Ligue 1,France,1,18,16.5,2021-2022,Lille,12,15,1.25,1.3,0.3425,1.8,2.55,0.65,0.22,11.0,1.6,55,10
FRA-LIGUE1,Ligue 1,France,1,18,16.5,2021-2022,Stade Rennais,10,15,1.5,1.34,0.355,1.8,2.64,0.67,0.22,10.7,1.68,66,5
FRA-LIGUE1,Ligue 1,France,1,18,16.5,2021-2022,Saint-Étienne,13,15,1.1538,1.2846,0.3377,1.8,2.5154,0.6423,0.22,11.1154,1.5692,32,18
FRA-LIGUE1,Ligue 1,France,1,18,16.5,2021-2022,Bordeaux,12,16,1.3333,1.3133,0.3467,1.92,2.58,0.6567,0.22,10.9,1.6267,31,20
FRA-LIGUE1,Ligue 1,France,1,18,16.5,2021-2022,Clermont Foot,13,16,1.2308,1.2969,0.3415,1.92,2.5431,0.6485,0.22,11.023,1.5939,36,17
FRA-LIGUE1,Ligue 1,France,1,18,16.5,2021-2022,Lyon,10,16,1.6,1.356,0.36,1.92,2.676,0.678,0.22,10.58,1.712,62,7
FRA-LIGUE1,Ligue 1,France,1,18,16.5,2021-2022,Troyes,16,15,0.9375,1.25,0.3269,1.8,2.4375,0.625,0.22,11.375,1.5,38,15
FRA-LIGUE1,Ligue 1,France,1,18,16.5,2021-2022,Marseille,9,18,2.0,1.42,0.38,2.16,2.82,0.71,0.22,10.1,1.84,71,2
FRA-LIGUE1,Ligue 1,France,1,18,16.5,2021-2022,Montpellier,7,15,2.1429,1.4429,0.3871,1.8,2.8714,0.7214,0.22,9.9285,1.8857,43,13
FRA-LIGUE1,Ligue 1,France,1,18,16.5,2021-2022,AS Monaco,11,17,1.5455,1.3473,0.3573,2.04,2.6564,0.6736,0.22,10.6454,1.6946,69,3
FRA-LIGUE1,Ligue 1,France,1,18,16.5,2021-2022,Lens,9,16,1.7778,1.3844,0.3689,1.92,2.74,0.6922,0.22,10.3666,1.7689,62,8
FRA-LIGUE1,Ligue 1,France,1,18,16.5,2021-2022,Strasbourg,10,18,1.8,1.388,0.37,2.16,2.748,0.694,0.22,10.34,1.776,63,6
FRA-LIGUE1,Ligue 1,France,1,18,16.5,2021-2022,Angers,10,15,1.5,1.34,0.355,1.8,2.64,0.67,0.22,10.7,1.68,41,14
FRA-LIGUE1,Ligue 1,France,1,18,16.5,2021-2022,Brest,13,16,1.2308,1.2969,0.3415,1.92,2.5431,0.6485,0.22,11.023,1.5939,48,11
FRA-LIGUE1,Ligue 1,France,1,18,16.5,2022-2023,Stade de Reims,14,15,1.0714,1.2714,0.3336,1.8,2.4857,0.6357,0.22,11.2143,1.5428,51,11
FRA-LIGUE1,Ligue 1,France,1,18,16.5,2022-2023,Nice,15,15,1.0,1.26,0.33,1.8,2.46,0.63,0.22,11.3,1.52,58,9
FRA-LIGUE1,Ligue 1,France,1,18,16.5,2022-2023,Nantes,13,15,1.1538,1.2846,0.3377,1.8,2.5154,0.6423,0.22,11.1154,1.5692,36,16
FRA-LIGUE1,Ligue 1,France,1,18,16.5,2022-2023,Lorient,8,17,2.125,1.44,0.3863,2.04,2.865,0.72,0.22,9.95,1.88,55,10
FRA-LIGUE1,Ligue 1,France,1,18,16.5,2022-2023,Paris Saint-Germain,3,17,5.6667,2.0067,0.5633,2.04,4.14,1.0033,0.22,5.7,3.0133,85,1
FRA-LIGUE1,Ligue 1,France,1,18,16.5,2022-2023,Lille,8,16,2.0,1.42,0.38,1.92,2.82,0.71,0.22,10.1,1.84,67,5
FRA-LIGUE1,Ligue 1,France,1,18,16.5,2022-2023,Stade Rennais,9,17,1.8889,1.4022,0.3744,2.04,2.78,0.7011,0.22,10.2333,1.8044,68,4
FRA-LIGUE1,Ligue 1,France,1,18,16.5,2022-2023,Clermont Foot,11,15,1.3636,1.3182,0.3482,1.8,2.5909,0.6591,0.22,10.8637,1.6364,59,8
FRA-LIGUE1,Ligue 1,France,1,18,16.5,2022-2023,Lyon,6,15,2.5,1.5,0.405,1.8,3.0,0.75,0.22,9.5,2.0,62,7
FRA-LIGUE1,Ligue 1,France,1,18,16.5,2022-2023,Troyes,9,16,1.7778,1.3844,0.3689,1.92,2.74,0.6922,0.22,10.3666,1.7689,24,19
FRA-LIGUE1,Ligue 1,France,1,18,16.5,2022-2023,Marseille,7,15,2.1429,1.4429,0.3871,1.8,2.8714,0.7214,0.22,9.9285,1.8857,73,3
FRA-LIGUE1,Ligue 1,France,1,18,16.5,2022-2023,AJ Auxerre,16,16,1.0,1.26,0.33,1.92,2.46,0.63,0.22,11.3,1.52,35,17
FRA-LIGUE1,Ligue 1,France,1,18,16.5,2022-2023,Montpellier,5,15,3.0,1.58,0.43,1.8,3.18,0.79,0.22,8.9,2.16,50,12
FRA-LIGUE1,Ligue 1,France,1,18,16.5,2022-2023,AS Monaco,9,17,1.8889,1.4022,0.3744,2.04,2.78,0.7011,0.22,10.2333,1.8044,65,6
FRA-LIGUE1,Ligue 1,France,1,18,16.5,2022-2023,Toulouse,11,17,1.5455,1.3473,0.3573,2.04,2.6564,0.6736,0.22,10.6454,1.6946,48,13
FRA-LIGUE1,Ligue 1,France,1,18,16.5,2022-2023,Lens,6,15,2.5,1.5,0.405,1.8,3.0,0.75,0.22,9.5,2.0,84,2
FRA-LIGUE1,Ligue 1,France,1,18,16.5,2022-2023,Strasbourg,14,16,1.1429,1.2829,0.3371,1.92,2.5114,0.6414,0.22,11.1285,1.5657,40,15
FRA-LIGUE1,Ligue 1,France,1,18,16.5,2022-2023,AC Ajaccio,16,15,0.9375,1.25,0.3269,1.8,2.4375,0.625,0.22,11.375,1.5,26,18
FRA-LIGUE1,Ligue 1,France,1,18,16.5,2022-2023,Angers,14,15,1.0714,1.2714,0.3336,1.8,2.4857,0.6357,0.22,11.2143,1.5428,18,20
FRA-LIGUE1,Ligue 1,France,1,18,16.5,2022-2023,Brest,15,16,1.0667,1.2707,0.3333,1.92,2.484,0.6353,0.22,11.22,1.5413,44,14
FRA-LIGUE1,Ligue 1,France,1,18,16.5,2023-2024,Stade de Reims,9,15,1.6667,1.3667,0.3633,1.8,2.7,0.6833,0.22,10.5,1.7333,47,9
FRA-LIGUE1,Ligue 1,France,1,18,16.5,2023-2024,Nice,15,16,1.0667,1.2707,0.3333,1.92,2.484,0.6353,0.22,11.22,1.5413,55,5
FRA-LIGUE1,Ligue 1,France,1,18,16.5,2023-2024,Nantes,9,16,1.7778,1.3844,0.3689,1.92,2.74,0.6922,0.22,10.3666,1.7689,33,14
FRA-LIGUE1,Ligue 1,France,1,18,16.5,2023-2024,Montpellier,9,15,1.6667,1.3667,0.3633,1.8,2.7,0.6833,0.22,10.5,1.7333,42,12
FRA-LIGUE1,Ligue 1,France,1,18,16.5,2023-2024,Metz,13,15,1.1538,1.2846,0.3377,1.8,2.5154,0.6423,0.22,11.1154,1.5692,29,17
FRA-LIGUE1,Ligue 1,France,1,18,16.5,2023-2024,Lorient,9,15,1.6667,1.3667,0.3633,1.8,2.7,0.6833,0.22,10.5,1.7333,29,16
FRA-LIGUE1,Ligue 1,France,1,18,16.5,2023-2024,AS Monaco,5,15,3.0,1.58,0.43,1.8,3.18,0.79,0.22,8.9,2.16,67,2
FRA-LIGUE1,Ligue 1,France,1,18,16.5,2023-2024,Paris Saint-Germain,8,17,2.125,1.44,0.3863,2.04,2.865,0.72,0.22,9.95,1.88,76,1
FRA-LIGUE1,Ligue 1,France,1,18,16.5,2023-2024,Le Havre AC,16,16,1.0,1.26,0.33,1.92,2.46,0.63,0.22,11.3,1.52,32,15
FRA-LIGUE1,Ligue 1,France,1,18,16.5,2023-2024,Toulouse,17,15,0.8824,1.2412,0.3241,1.8,2.4177,0.6206,0.22,11.4411,1.4824,43,11
FRA-LIGUE1,Ligue 1,France,1,18,16.5,2023-2024,Lille,12,15,1.25,1.3,0.3425,1.8,2.55,0.65,0.22,11.0,1.6,59,4
FRA-LIGUE1,Ligue 1,France,1,18,16.5,2023-2024,Clermont Foot,21,15,0.7143,1.2143,0.3157,1.8,2.3571,0.6071,0.22,11.6428,1.4286,25,18
FRA-LIGUE1,Ligue 1,France,1,18,16.5,2023-2024,Stade Rennais,9,15,1.6667,1.3667,0.3633,1.8,2.7,0.6833,0.22,10.5,1.7333,46,10
FRA-LIGUE1,Ligue 1,France,1,18,16.5,2023-2024,Lyon,16,15,0.9375,1.25,0.3269,1.8,2.4375,0.625,0.22,11.375,1.5,53,6
FRA-LIGUE1,Ligue 1,France,1,18,16.5,2023-2024,Lens,13,16,1.2308,1.2969,0.3415,1.92,2.5431,0.6485,0.22,11.023,1.5939,51,7
FRA-LIGUE1,Ligue 1,France,1,18,16.5,2023-2024,Marseille,13,15,1.1538,1.2846,0.3377,1.8,2.5154,0.6423,0.22,11.1154,1.5692,50,8
FRA-LIGUE1,Ligue 1,France,1,18,16.5,2023-2024,Brest,13,17,1.3077,1.3092,0.3454,2.04,2.5708,0.6546,0.22,10.9308,1.6185,61,3
FRA-LIGUE1,Ligue 1,France,1,18,16.5,2023-2024,Strasbourg,16,16,1.0,1.26,0.33,1.92,2.46,0.63,0.22,11.3,1.52,39,13
FRA-LIGUE1,Ligue 1,France,1,18,16.5,2024-2025,Stade de Reims,8,15,1.875,1.4,0.3738,1.8,2.775,0.7,0.22,10.25,1.8,33,16
FRA-LIGUE1,Ligue 1,France,1,18,16.5,2024-2025,Saint-Étienne,16,15,0.9375,1.25,0.3269,1.8,2.4375,0.625,0.22,11.375,1.5,30,17
FRA-LIGUE1,Ligue 1,France,1,18,16.5,2024-2025,Nice,7,15,2.1429,1.4429,0.3871,1.8,2.8714,0.7214,0.22,9.9285,1.8857,60,4
FRA-LIGUE1,Ligue 1,France,1,18,16.5,2024-2025,Nantes,13,15,1.1538,1.2846,0.3377,1.8,2.5154,0.6423,0.22,11.1154,1.5692,36,13
FRA-LIGUE1,Ligue 1,France,1,18,16.5,2024-2025,Montpellier,15,15,1.0,1.26,0.33,1.8,2.46,0.63,0.22,11.3,1.52,16,18
FRA-LIGUE1,Ligue 1,France,1,18,16.5,2024-2025,AS Monaco,9,15,1.6667,1.3667,0.3633,1.8,2.7,0.6833,0.22,10.5,1.7333,61,3
FRA-LIGUE1,Ligue 1,France,1,18,16.5,2024-2025,Le Havre AC,20,15,0.75,1.22,0.3175,1.8,2.37,0.61,0.22,11.6,1.44,34,15
FRA-LIGUE1,Ligue 1,France,1,18,16.5,2024-2025,Paris Saint-Germain,4,16,4.0,1.74,0.48,1.92,3.54,0.87,0.22,7.7,2.48,84,1
FRA-LIGUE1,Ligue 1,France,1,18,16.5,2024-2025,Toulouse,13,15,1.1538,1.2846,0.3377,1.8,2.5154,0.6423,0.22,11.1154,1.5692,42,10
FRA-LIGUE1,Ligue 1,France,1,18,16.5,2024-2025,Lille,9,15,1.6667,1.3667,0.3633,1.8,2.7,0.6833,0.22,10.5,1.7333,60,5
FRA-LIGUE1,Ligue 1,France,1,18,16.5,2024-2025,Brest,12,16,1.3333,1.3133,0.3467,1.92,2.58,0.6567,0.22,10.9,1.6267,50,9
FRA-LIGUE1,Ligue 1,France,1,18,16.5,2024-2025,Stade Rennais,13,18,1.3846,1.3215,0.3492,2.16,2.5985,0.6608,0.22,10.8385,1.6431,41,12
FRA-LIGUE1,Ligue 1,France,1,18,16.5,2024-2025,Lyon,9,16,1.7778,1.3844,0.3689,1.92,2.74,0.6922,0.22,10.3666,1.7689,57,6
FRA-LIGUE1,Ligue 1,France,1,18,16.5,2024-2025,Angers,16,16,1.0,1.26,0.33,1.92,2.46,0.63,0.22,11.3,1.52,36,14
FRA-LIGUE1,Ligue 1,France,1,18,16.5,2024-2025,Lens,13,15,1.1538,1.2846,0.3377,1.8,2.5154,0.6423,0.22,11.1154,1.5692,52,8
FRA-LIGUE1,Ligue 1,France,1,18,16.5,2024-2025,Marseille,5,15,3.0,1.58,0.43,1.8,3.18,0.79,0.22,8.9,2.16,65,2
FRA-LIGUE1,Ligue 1,France,1,18,16.5,2024-2025,AJ Auxerre,10,17,1.7,1.372,0.365,2.04,2.712,0.686,0.22,10.46,1.744,42,11
FRA-LIGUE1,Ligue 1,France,1,18,16.5,2024-2025,Strasbourg,8,16,2.0,1.42,0.38,1.92,2.82,0.71,0.22,10.1,1.84,57,7
FRA-LIGUE1,Ligue 1,France,1,18,16.5,2025-2026,Nice,10,16,1.6,1.356,0.36,1.92,2.676,0.678,0.22,10.58,1.712,32,16
FRA-LIGUE1,Ligue 1,France,1,18,16.5,2025-2026,Nantes,17,16,0.9412,1.2506,0.3271,1.92,2.4388,0.6253,0.22,11.3706,1.5012,24,17
FRA-LIGUE1,Ligue 1,France,1,18,16.5,2025-2026,Metz,15,15,1.0,1.26,0.33,1.8,2.46,0.63,0.22,11.3,1.52,17,18
FRA-LIGUE1,Ligue 1,France,1,18,16.5,2025-2026,Lorient,13,15,1.1538,1.2846,0.3377,1.8,2.5154,0.6423,0.22,11.1154,1.5692,45,10
FRA-LIGUE1,Ligue 1,France,1,18,16.5,2025-2026,AS Monaco,7,16,2.2857,1.4657,0.3943,1.92,2.9229,0.7329,0.22,9.7572,1.9314,54,7
FRA-LIGUE1,Ligue 1,France,1,18,16.5,2025-2026,Paris Saint-Germain,8,16,2.0,1.42,0.38,1.92,2.82,0.71,0.22,10.1,1.84,76,1
FRA-LIGUE1,Ligue 1,France,1,18,16.5,2025-2026,Le Havre AC,17,15,0.8824,1.2412,0.3241,1.8,2.4177,0.6206,0.22,11.4411,1.4824,35,14
FRA-LIGUE1,Ligue 1,France,1,18,16.5,2025-2026,Paris FC,10,17,1.7,1.372,0.365,2.04,2.712,0.686,0.22,10.46,1.744,44,11
FRA-LIGUE1,Ligue 1,France,1,18,16.5,2025-2026,Toulouse,8,15,1.875,1.4,0.3738,1.8,2.775,0.7,0.22,10.25,1.8,45,9
FRA-LIGUE1,Ligue 1,France,1,18,16.5,2025-2026,AJ Auxerre,22,17,0.7727,1.2236,0.3186,2.04,2.3782,0.6118,0.22,11.5728,1.4473,34,15
FRA-LIGUE1,Ligue 1,France,1,18,16.5,2025-2026,Lille,8,16,2.0,1.42,0.38,1.92,2.82,0.71,0.22,10.1,1.84,61,3
FRA-LIGUE1,Ligue 1,France,1,18,16.5,2025-2026,Stade Rennais,11,18,1.6364,1.3618,0.3618,2.16,2.6891,0.6809,0.22,10.5363,1.7236,59,6
FRA-LIGUE1,Ligue 1,France,1,18,16.5,2025-2026,Lyon,10,16,1.6,1.356,0.36,1.92,2.676,0.678,0.22,10.58,1.712,60,4
FRA-LIGUE1,Ligue 1,France,1,18,16.5,2025-2026,Angers,16,17,1.0625,1.27,0.3331,2.04,2.4825,0.635,0.22,11.225,1.54,36,13
FRA-LIGUE1,Ligue 1,France,1,18,16.5,2025-2026,Lens,11,17,1.5455,1.3473,0.3573,2.04,2.6564,0.6736,0.22,10.6454,1.6946,70,2
FRA-LIGUE1,Ligue 1,France,1,18,16.5,2025-2026,Marseille,7,15,2.1429,1.4429,0.3871,1.8,2.8714,0.7214,0.22,9.9285,1.8857,59,5
FRA-LIGUE1,Ligue 1,France,1,18,16.5,2025-2026,Brest,13,17,1.3077,1.3092,0.3454,2.04,2.5708,0.6546,0.22,10.9308,1.6185,39,12
FRA-LIGUE1,Ligue 1,France,1,18,16.5,2025-2026,Strasbourg,8,17,2.125,1.44,0.3863,2.04,2.865,0.72,0.22,9.95,1.88,53,8
FRA-LIGUE2,Ligue 2,France,2,18,12.4,2021-2022,Nimes,14,16,1.1429,1.2829,0.3371,1.92,2.5114,0.6414,0.22,11.1285,1.5657,45,12
FRA-LIGUE2,Ligue 2,France,2,18,12.4,2021-2022,Guingamp,12,15,1.25,1.3,0.3425,1.8,2.55,0.65,0.22,11.0,1.6,56,6
FRA-LIGUE2,Ligue 2,France,2,18,12.4,2021-2022,Bastia,17,15,0.8824,1.2412,0.3241,1.8,2.4177,0.6206,0.22,11.4411,1.4824,45,10
FRA-LIGUE2,Ligue 2,France,2,18,12.4,2021-2022,SC Amiens,15,16,1.0667,1.2707,0.3333,1.92,2.484,0.6353,0.22,11.22,1.5413,44,13
FRA-LIGUE2,Ligue 2,France,2,18,12.4,2021-2022,Caen,16,15,0.9375,1.25,0.3269,1.8,2.4375,0.625,0.22,11.375,1.5,44,14
FRA-LIGUE2,Ligue 2,France,2,18,12.4,2021-2022,Le Havre AC,15,15,1.0,1.26,0.33,1.8,2.46,0.63,0.22,11.3,1.52,46,8
FRA-LIGUE2,Ligue 2,France,2,18,12.4,2021-2022,Sochaux,16,16,1.0,1.26,0.33,1.92,2.46,0.63,0.22,11.3,1.52,65,4
FRA-LIGUE2,Ligue 2,France,2,18,12.4,2021-2022,Paris FC,16,18,1.125,1.28,0.3363,2.16,2.505,0.64,0.22,11.15,1.56,64,5
FRA-LIGUE2,Ligue 2,France,2,18,12.4,2021-2022,US Quevilly,16,15,0.9375,1.25,0.3269,1.8,2.4375,0.625,0.22,11.375,1.5,39,18
FRA-LIGUE2,Ligue 2,France,2,18,12.4,2021-2022,AJ Auxerre,10,16,1.6,1.356,0.36,1.92,2.676,0.678,0.22,10.58,1.712,71,2
FRA-LIGUE2,Ligue 2,France,2,18,12.4,2021-2022,Dunkerque,21,15,0.7143,1.2143,0.3157,1.8,2.3571,0.6071,0.22,11.6428,1.4286,30,19
FRA-LIGUE2,Ligue 2,France,2,18,12.4,2021-2022,Rodez Aveyron,12,15,1.25,1.3,0.3425,1.8,2.55,0.65,0.22,11.0,1.6,40,17
FRA-LIGUE2,Ligue 2,France,2,18,12.4,2021-2022,Toulouse,8,16,2.0,1.42,0.38,1.92,2.82,0.71,0.22,10.1,1.84,75,1
FRA-LIGUE2,Ligue 2,France,2,18,12.4,2021-2022,Niort,12,15,1.25,1.3,0.3425,1.8,2.55,0.65,0.22,11.0,1.6,45,11
FRA-LIGUE2,Ligue 2,France,2,18,12.4,2021-2022,AC Ajaccio,17,15,0.8824,1.2412,0.3241,1.8,2.4177,0.6206,0.22,11.4411,1.4824,71,3
FRA-LIGUE2,Ligue 2,France,2,18,12.4,2021-2022,Grenoble,14,15,1.0714,1.2714,0.3336,1.8,2.4857,0.6357,0.22,11.2143,1.5428,44,15
FRA-LIGUE2,Ligue 2,France,2,18,12.4,2021-2022,Pau,14,15,1.0714,1.2714,0.3336,1.8,2.4857,0.6357,0.22,11.2143,1.5428,46,9
FRA-LIGUE2,Ligue 2,France,2,18,12.4,2021-2022,Valenciennes,18,15,0.8333,1.2333,0.3217,1.8,2.4,0.6167,0.22,11.5,1.4667,42,16
FRA-LIGUE2,Ligue 2,France,2,18,12.4,2021-2022,AS Nancy Lorraine,18,15,0.8333,1.2333,0.3217,1.8,2.4,0.6167,0.22,11.5,1.4667,27,20
FRA-LIGUE2,Ligue 2,France,2,18,12.4,2021-2022,Dijon FCO,14,15,1.0714,1.2714,0.3336,1.8,2.4857,0.6357,0.22,11.2143,1.5428,47,7
FRA-LIGUE2,Ligue 2,France,2,18,12.4,2022-2023,Nimes,15,15,1.0,1.26,0.33,1.8,2.46,0.63,0.22,11.3,1.52,36,19
FRA-LIGUE2,Ligue 2,France,2,18,12.4,2022-2023,Metz,13,17,1.3077,1.3092,0.3454,2.04,2.5708,0.6546,0.22,10.9308,1.6185,69,2
FRA-LIGUE2,Ligue 2,France,2,18,12.4,2022-2023,Guingamp,13,15,1.1538,1.2846,0.3377,1.8,2.5154,0.6423,0.22,11.1154,1.5692,52,9
FRA-LIGUE2,Ligue 2,France,2,18,12.4,2022-2023,Bastia,15,15,1.0,1.26,0.33,1.8,2.46,0.63,0.22,11.3,1.52,60,4
FRA-LIGUE2,Ligue 2,France,2,18,12.4,2022-2023,SC Amiens,10,15,1.5,1.34,0.355,1.8,2.64,0.67,0.22,10.7,1.68,47,13
FRA-LIGUE2,Ligue 2,France,2,18,12.4,2022-2023,Saint-Étienne,8,15,1.875,1.4,0.3738,1.8,2.775,0.7,0.22,10.25,1.8,56,6
FRA-LIGUE2,Ligue 2,France,2,18,12.4,2022-2023,Caen,12,16,1.3333,1.3133,0.3467,1.92,2.58,0.6567,0.22,10.9,1.6267,56,5
FRA-LIGUE2,Ligue 2,France,2,18,12.4,2022-2023,Le Havre AC,8,16,2.0,1.42,0.38,1.92,2.82,0.71,0.22,10.1,1.84,74,1
FRA-LIGUE2,Ligue 2,France,2,18,12.4,2022-2023,Sochaux,9,17,1.8889,1.4022,0.3744,2.04,2.78,0.7011,0.22,10.2333,1.8044,52,8
FRA-LIGUE2,Ligue 2,France,2,18,12.4,2022-2023,Paris FC,16,15,0.9375,1.25,0.3269,1.8,2.4375,0.625,0.22,11.375,1.5,55,7
FRA-LIGUE2,Ligue 2,France,2,18,12.4,2022-2023,Bordeaux,9,15,1.6667,1.3667,0.3633,1.8,2.7,0.6833,0.22,10.5,1.7333,68,3
FRA-LIGUE2,Ligue 2,France,2,18,12.4,2022-2023,US Quevilly,12,15,1.25,1.3,0.3425,1.8,2.55,0.65,0.22,11.0,1.6,49,11
FRA-LIGUE2,Ligue 2,France,2,18,12.4,2022-2023,Rodez Aveyron,16,15,0.9375,1.25,0.3269,1.8,2.4375,0.625,0.22,11.375,1.5,45,14
FRA-LIGUE2,Ligue 2,France,2,18,12.4,2022-2023,Niort,19,15,0.7895,1.2263,0.3195,1.8,2.3842,0.6132,0.22,11.5526,1.4526,26,20
FRA-LIGUE2,Ligue 2,France,2,18,12.4,2022-2023,Annecy,17,15,0.8824,1.2412,0.3241,1.8,2.4177,0.6206,0.22,11.4411,1.4824,45,15
FRA-LIGUE2,Ligue 2,France,2,18,12.4,2022-2023,Stade Laval,11,17,1.5455,1.3473,0.3573,2.04,2.6564,0.6736,0.22,10.6454,1.6946,43,17
FRA-LIGUE2,Ligue 2,France,2,18,12.4,2022-2023,Grenoble,12,15,1.25,1.3,0.3425,1.8,2.55,0.65,0.22,11.0,1.6,50,10
FRA-LIGUE2,Ligue 2,France,2,18,12.4,2022-2023,Pau,14,15,1.0714,1.2714,0.3336,1.8,2.4857,0.6357,0.22,11.2143,1.5428,47,12
FRA-LIGUE2,Ligue 2,France,2,18,12.4,2022-2023,Valenciennes,17,16,0.9412,1.2506,0.3271,1.92,2.4388,0.6253,0.22,11.3706,1.5012,44,16
FRA-LIGUE2,Ligue 2,France,2,18,12.4,2022-2023,Dijon FCO,15,15,1.0,1.26,0.33,1.8,2.46,0.63,0.22,11.3,1.52,39,18
FRA-LIGUE2,Ligue 2,France,2,18,12.4,2023-2024,Guingamp,10,16,1.6,1.356,0.36,1.92,2.676,0.678,0.22,10.58,1.712,51,9
FRA-LIGUE2,Ligue 2,France,2,18,12.4,2023-2024,Bastia,17,19,1.1176,1.2788,0.3359,2.28,2.5023,0.6394,0.22,11.1589,1.5576,51,13
FRA-LIGUE2,Ligue 2,France,2,18,12.4,2023-2024,SC Amiens,18,16,0.8889,1.2422,0.3244,1.92,2.42,0.6211,0.22,11.4333,1.4844,53,8
FRA-LIGUE2,Ligue 2,France,2,18,12.4,2023-2024,Saint-Étienne,14,15,1.0714,1.2714,0.3336,1.8,2.4857,0.6357,0.22,11.2143,1.5428,65,3
FRA-LIGUE2,Ligue 2,France,2,18,12.4,2023-2024,Caen,10,16,1.6,1.356,0.36,1.92,2.676,0.678,0.22,10.58,1.712,58,6
FRA-LIGUE2,Ligue 2,France,2,18,12.4,2023-2024,Paris FC,13,15,1.1538,1.2846,0.3377,1.8,2.5154,0.6423,0.22,11.1154,1.5692,59,5
FRA-LIGUE2,Ligue 2,France,2,18,12.4,2023-2024,Bordeaux,15,16,1.0667,1.2707,0.3333,1.92,2.484,0.6353,0.22,11.22,1.5413,51,12
FRA-LIGUE2,Ligue 2,France,2,18,12.4,2023-2024,Troyes,13,16,1.2308,1.2969,0.3415,1.92,2.5431,0.6485,0.22,11.023,1.5939,42,17
FRA-LIGUE2,Ligue 2,France,2,18,12.4,2023-2024,AJ Auxerre,8,18,2.25,1.46,0.3925,2.16,2.91,0.73,0.22,9.8,1.92,74,1
FRA-LIGUE2,Ligue 2,France,2,18,12.4,2023-2024,US Quevilly,13,15,1.1538,1.2846,0.3377,1.8,2.5154,0.6423,0.22,11.1154,1.5692,38,18
FRA-LIGUE2,Ligue 2,France,2,18,12.4,2023-2024,Dunkerque,20,15,0.75,1.22,0.3175,1.8,2.37,0.61,0.22,11.6,1.44,46,16
FRA-LIGUE2,Ligue 2,France,2,18,12.4,2023-2024,Rodez Aveyron,10,19,1.9,1.404,0.375,2.28,2.784,0.702,0.22,10.22,1.808,60,4
FRA-LIGUE2,Ligue 2,France,2,18,12.4,2023-2024,Concarneau,14,15,1.0714,1.2714,0.3336,1.8,2.4857,0.6357,0.22,11.2143,1.5428,38,19
FRA-LIGUE2,Ligue 2,France,2,18,12.4,2023-2024,Annecy,12,15,1.25,1.3,0.3425,1.8,2.55,0.65,0.22,11.0,1.6,46,14
FRA-LIGUE2,Ligue 2,France,2,18,12.4,2023-2024,Stade Laval,13,16,1.2308,1.2969,0.3415,1.92,2.5431,0.6485,0.22,11.023,1.5939,55,7
FRA-LIGUE2,Ligue 2,France,2,18,12.4,2023-2024,AC Ajaccio,14,15,1.0714,1.2714,0.3336,1.8,2.4857,0.6357,0.22,11.2143,1.5428,46,15
FRA-LIGUE2,Ligue 2,France,2,18,12.4,2023-2024,Grenoble,12,16,1.3333,1.3133,0.3467,1.92,2.58,0.6567,0.22,10.9,1.6267,51,11
FRA-LIGUE2,Ligue 2,France,2,18,12.4,2023-2024,Valenciennes,22,15,0.6818,1.2091,0.3141,1.8,2.3454,0.6045,0.22,11.6818,1.4182,27,20
FRA-LIGUE2,Ligue 2,France,2,18,12.4,2023-2024,Pau,10,16,1.6,1.356,0.36,1.92,2.676,0.678,0.22,10.58,1.712,51,10
FRA-LIGUE2,Ligue 2,France,2,18,12.4,2023-2024,Angers,10,15,1.5,1.34,0.355,1.8,2.64,0.67,0.22,10.7,1.68,68,2
FRA-LIGUE2,Ligue 2,France,2,18,12.4,2024-2025,Annecy,9,16,1.7778,1.3844,0.3689,1.92,2.74,0.6922,0.22,10.3666,1.7689,51,6
FRA-LIGUE2,Ligue 2,France,2,18,12.4,2024-2025,Dunkerque,10,16,1.6,1.356,0.36,1.92,2.676,0.678,0.22,10.58,1.712,56,4
FRA-LIGUE2,Ligue 2,France,2,18,12.4,2024-2025,Stade Laval,9,15,1.6667,1.3667,0.3633,1.8,2.7,0.6833,0.22,10.5,1.7333,50,7
FRA-LIGUE2,Ligue 2,France,2,18,12.4,2024-2025,Lorient,9,15,1.6667,1.3667,0.3633,1.8,2.7,0.6833,0.22,10.5,1.7333,71,1
FRA-LIGUE2,Ligue 2,France,2,18,12.4,2024-2025,AC Ajaccio,20,15,0.75,1.22,0.3175,1.8,2.37,0.61,0.22,11.6,1.44,42,12
FRA-LIGUE2,Ligue 2,France,2,18,12.4,2024-2025,Caen,14,17,1.2143,1.2943,0.3407,2.04,2.5371,0.6471,0.22,11.0428,1.5886,22,18
FRA-LIGUE2,Ligue 2,France,2,18,12.4,2024-2025,Metz,7,15,2.1429,1.4429,0.3871,1.8,2.8714,0.7214,0.22,9.9285,1.8857,65,3
FRA-LIGUE2,Ligue 2,France,2,18,12.4,2024-2025,Rodez Aveyron,11,16,1.4545,1.3327,0.3527,1.92,2.6236,0.6664,0.22,10.7546,1.6654,39,14
FRA-LIGUE2,Ligue 2,France,2,18,12.4,2024-2025,Grenoble,9,16,1.7778,1.3844,0.3689,1.92,2.74,0.6922,0.22,10.3666,1.7689,46,9
FRA-LIGUE2,Ligue 2,France,2,18,12.4,2024-2025,Red Star FC 93,16,16,1.0,1.26,0.33,1.92,2.46,0.63,0.22,11.3,1.52,38,15
FRA-LIGUE2,Ligue 2,France,2,18,12.4,2024-2025,Guingamp,7,15,2.1429,1.4429,0.3871,1.8,2.8714,0.7214,0.22,9.9285,1.8857,55,5
FRA-LIGUE2,Ligue 2,France,2,18,12.4,2024-2025,Paris FC,9,17,1.8889,1.4022,0.3744,2.04,2.78,0.7011,0.22,10.2333,1.8044,69,2
FRA-LIGUE2,Ligue 2,France,2,18,12.4,2024-2025,Bastia,16,16,1.0,1.26,0.33,1.92,2.46,0.63,0.22,11.3,1.52,48,8
FRA-LIGUE2,Ligue 2,France,2,18,12.4,2024-2025,Clermont Foot,17,15,0.8824,1.2412,0.3241,1.8,2.4177,0.6206,0.22,11.4411,1.4824,33,16
FRA-LIGUE2,Ligue 2,France,2,18,12.4,2024-2025,Pau,14,17,1.2143,1.2943,0.3407,2.04,2.5371,0.6471,0.22,11.0428,1.5886,42,13
FRA-LIGUE2,Ligue 2,France,2,18,12.4,2024-2025,Troyes,16,15,0.9375,1.25,0.3269,1.8,2.4375,0.625,0.22,11.375,1.5,44,10
FRA-LIGUE2,Ligue 2,France,2,18,12.4,2024-2025,Martigues,22,15,0.6818,1.2091,0.3141,1.8,2.3454,0.6045,0.22,11.6818,1.4182,32,17
FRA-LIGUE2,Ligue 2,France,2,18,12.4,2024-2025,SC Amiens,10,15,1.5,1.34,0.355,1.8,2.64,0.67,0.22,10.7,1.68,43,11
FRA-LIGUE2,Ligue 2,France,2,18,12.4,2025-2026,Annecy,12,15,1.25,1.3,0.3425,1.8,2.55,0.65,0.22,11.0,1.6,52,7
FRA-LIGUE2,Ligue 2,France,2,18,12.4,2025-2026,Dunkerque,8,16,2.0,1.42,0.38,1.92,2.82,0.71,0.22,10.1,1.84,43,10
FRA-LIGUE2,Ligue 2,France,2,18,12.4,2025-2026,Stade Laval,22,15,0.6818,1.2091,0.3141,1.8,2.3454,0.6045,0.22,11.6818,1.4182,32,16
FRA-LIGUE2,Ligue 2,France,2,18,12.4,2025-2026,Stade de Reims,10,16,1.6,1.356,0.36,1.92,2.676,0.678,0.22,10.58,1.712,56,5
FRA-LIGUE2,Ligue 2,France,2,18,12.4,2025-2026,Saint-Étienne,7,15,2.1429,1.4429,0.3871,1.8,2.8714,0.7214,0.22,9.9285,1.8857,60,3
FRA-LIGUE2,Ligue 2,France,2,18,12.4,2025-2026,Montpellier,13,16,1.2308,1.2969,0.3415,1.92,2.5431,0.6485,0.22,11.023,1.5939,51,8
FRA-LIGUE2,Ligue 2,France,2,18,12.4,2025-2026,Rodez Aveyron,15,15,1.0,1.26,0.33,1.8,2.46,0.63,0.22,11.3,1.52,58,4
FRA-LIGUE2,Ligue 2,France,2,18,12.4,2025-2026,Le Mans,11,15,1.3636,1.3182,0.3482,1.8,2.5909,0.6591,0.22,10.8637,1.6364,62,2
FRA-LIGUE2,Ligue 2,France,2,18,12.4,2025-2026,Boulogne,15,16,1.0667,1.2707,0.3333,1.92,2.484,0.6353,0.22,11.22,1.5413,36,15
FRA-LIGUE2,Ligue 2,France,2,18,12.4,2025-2026,Red Star FC 93,9,15,1.6667,1.3667,0.3633,1.8,2.7,0.6833,0.22,10.5,1.7333,56,6
FRA-LIGUE2,Ligue 2,France,2,18,12.4,2025-2026,Grenoble,14,16,1.1429,1.2829,0.3371,1.92,2.5114,0.6414,0.22,11.1285,1.5657,39,12
FRA-LIGUE2,Ligue 2,France,2,18,12.4,2025-2026,Guingamp,9,16,1.7778,1.3844,0.3689,1.92,2.74,0.6922,0.22,10.3666,1.7689,40,11
FRA-LIGUE2,Ligue 2,France,2,18,12.4,2025-2026,Bastia,28,15,0.5357,1.1857,0.3068,1.8,2.2929,0.5929,0.22,11.8572,1.3714,29,17
FRA-LIGUE2,Ligue 2,France,2,18,12.4,2025-2026,Pau,9,16,1.7778,1.3844,0.3689,1.92,2.74,0.6922,0.22,10.3666,1.7689,45,9
FRA-LIGUE2,Ligue 2,France,2,18,12.4,2025-2026,AS Nancy Lorraine,17,15,0.8824,1.2412,0.3241,1.8,2.4177,0.6206,0.22,11.4411,1.4824,37,14
FRA-LIGUE2,Ligue 2,France,2,18,12.4,2025-2026,Clermont Foot,15,15,1.0,1.26,0.33,1.8,2.46,0.63,0.22,11.3,1.52,37,13
FRA-LIGUE2,Ligue 2,France,2,18,12.4,2025-2026,Troyes,8,17,2.125,1.44,0.3863,2.04,2.865,0.72,0.22,9.95,1.88,67,1
FRA-LIGUE2,Ligue 2,France,2,18,12.4,2025-2026,SC Amiens,12,15,1.25,1.3,0.3425,1.8,2.55,0.65,0.22,11.0,1.6,24,18
AUT-ABL,Austrian Bundesliga,Austria,1,12,14.5,2021-2022,SC Rheindorf Altach,24,15,0.625,1.2,0.3113,1.8,2.325,0.6,0.22,11.75,1.4,26,12
AUT-ABL,Austrian Bundesliga,Austria,1,12,14.5,2021-2022,SK Austria Klagenfurt,8,15,1.875,1.4,0.3738,1.8,2.775,0.7,0.22,10.25,1.8,35,8
AUT-ABL,Austrian Bundesliga,Austria,1,12,14.5,2021-2022,SV Josko Ried,12,15,1.25,1.3,0.3425,1.8,2.55,0.65,0.22,11.0,1.6,34,9
AUT-ABL,Austrian Bundesliga,Austria,1,12,14.5,2021-2022,Austria Vienna,11,17,1.5455,1.3473,0.3573,2.04,2.6564,0.6736,0.22,10.6454,1.6946,46,4
AUT-ABL,Austrian Bundesliga,Austria,1,12,14.5,2021-2022,SK Sturm Graz,6,15,2.5,1.5,0.405,1.8,3.0,0.75,0.22,9.5,2.0,56,2
AUT-ABL,Austrian Bundesliga,Austria,1,12,14.5,2021-2022,TSV Hartberg,8,15,1.875,1.4,0.3738,1.8,2.775,0.7,0.22,10.25,1.8,30,10
AUT-ABL,Austrian Bundesliga,Austria,1,12,14.5,2021-2022,FC Admira Wacker Modling,15,15,1.0,1.26,0.33,1.8,2.46,0.63,0.22,11.3,1.52,27,11
AUT-ABL,Austrian Bundesliga,Austria,1,12,14.5,2021-2022,Wolfsberger,11,16,1.4545,1.3327,0.3527,1.92,2.6236,0.6664,0.22,10.7546,1.6654,46,5
AUT-ABL,Austrian Bundesliga,Austria,1,12,14.5,2021-2022,WSG Swarovski Tirol,11,15,1.3636,1.3182,0.3482,1.8,2.5909,0.6591,0.22,10.8637,1.6364,42,6
AUT-ABL,Austrian Bundesliga,Austria,1,12,14.5,2021-2022,RB Salzburg,6,16,2.6667,1.5267,0.4133,1.92,3.06,0.7633,0.22,9.3,2.0533,77,1
AUT-ABL,Austrian Bundesliga,Austria,1,12,14.5,2021-2022,Rapid Vienna,9,15,1.6667,1.3667,0.3633,1.8,2.7,0.6833,0.22,10.5,1.7333,46,3
AUT-ABL,Austrian Bundesliga,Austria,1,12,14.5,2021-2022,LASK Linz,13,16,1.2308,1.2969,0.3415,1.92,2.5431,0.6485,0.22,11.023,1.5939,35,7
AUT-ABL,Austrian Bundesliga,Austria,1,12,14.5,2022-2023,Rapid Vienna,11,17,1.5455,1.3473,0.3573,2.04,2.6564,0.6736,0.22,10.6454,1.6946,36,8
AUT-ABL,Austrian Bundesliga,Austria,1,12,14.5,2022-2023,SC Rheindorf Altach,11,15,1.3636,1.3182,0.3482,1.8,2.5909,0.6591,0.22,10.8637,1.6364,27,11
AUT-ABL,Austrian Bundesliga,Austria,1,12,14.5,2022-2023,SV Josko Ried,19,15,0.7895,1.2263,0.3195,1.8,2.3842,0.6132,0.22,11.5526,1.4526,20,12
AUT-ABL,Austrian Bundesliga,Austria,1,12,14.5,2022-2023,SK Austria Klagenfurt,8,17,2.125,1.44,0.3863,2.04,2.865,0.72,0.22,9.95,1.88,38,7
AUT-ABL,Austrian Bundesliga,Austria,1,12,14.5,2022-2023,Austria Vienna,7,17,2.4286,1.4886,0.4014,2.04,2.9743,0.7443,0.22,9.5857,1.9772,46,4
AUT-ABL,Austrian Bundesliga,Austria,1,12,14.5,2022-2023,SK Sturm Graz,9,16,1.7778,1.3844,0.3689,1.92,2.74,0.6922,0.22,10.3666,1.7689,62,2
AUT-ABL,Austrian Bundesliga,Austria,1,12,14.5,2022-2023,Wolfsberger,7,15,2.1429,1.4429,0.3871,1.8,2.8714,0.7214,0.22,9.9285,1.8857,40,6
AUT-ABL,Austrian Bundesliga,Austria,1,12,14.5,2022-2023,WSG Swarovski Tirol,11,19,1.7273,1.3764,0.3664,2.28,2.7218,0.6882,0.22,10.4272,1.7527,35,9
AUT-ABL,Austrian Bundesliga,Austria,1,12,14.5,2022-2023,Austria Lustenau,12,17,1.4167,1.3267,0.3508,2.04,2.61,0.6633,0.22,10.8,1.6533,44,5
AUT-ABL,Austrian Bundesliga,Austria,1,12,14.5,2022-2023,RB Salzburg,6,17,2.8333,1.5533,0.4217,2.04,3.12,0.7767,0.22,9.1,2.1067,74,1
AUT-ABL,Austrian Bundesliga,Austria,1,12,14.5,2022-2023,TSV Hartberg,16,15,0.9375,1.25,0.3269,1.8,2.4375,0.625,0.22,11.375,1.5,30,10
AUT-ABL,Austrian Bundesliga,Austria,1,12,14.5,2022-2023,LASK Linz,7,15,2.1429,1.4429,0.3871,1.8,2.8714,0.7214,0.22,9.9285,1.8857,50,3
AUT-ABL,Austrian Bundesliga,Austria,1,12,14.5,2023-2024,SC Rheindorf Altach,18,15,0.8333,1.2333,0.3217,1.8,2.4,0.6167,0.22,11.5,1.4667,31,10
AUT-ABL,Austrian Bundesliga,Austria,1,12,14.5,2023-2024,FC Blau-Weiß Linz,13,16,1.2308,1.2969,0.3415,1.92,2.5431,0.6485,0.22,11.023,1.5939,32,9
AUT-ABL,Austrian Bundesliga,Austria,1,12,14.5,2023-2024,SK Austria Klagenfurt,10,15,1.5,1.34,0.355,1.8,2.64,0.67,0.22,10.7,1.68,36,8
AUT-ABL,Austrian Bundesliga,Austria,1,12,14.5,2023-2024,SK Sturm Graz,9,15,1.6667,1.3667,0.3633,1.8,2.7,0.6833,0.22,10.5,1.7333,64,2
AUT-ABL,Austrian Bundesliga,Austria,1,12,14.5,2023-2024,Austria Vienna,16,16,1.0,1.26,0.33,1.92,2.46,0.63,0.22,11.3,1.52,55,3
AUT-ABL,Austrian Bundesliga,Austria,1,12,14.5,2023-2024,TSV Hartberg,11,18,1.6364,1.3618,0.3618,2.16,2.6891,0.6809,0.22,10.5363,1.7236,44,6
AUT-ABL,Austrian Bundesliga,Austria,1,12,14.5,2023-2024,Wolfsberger,12,17,1.4167,1.3267,0.3508,2.04,2.61,0.6633,0.22,10.8,1.6533,43,7
AUT-ABL,Austrian Bundesliga,Austria,1,12,14.5,2023-2024,Austria Lustenau,27,15,0.5556,1.1889,0.3078,1.8,2.3,0.5944,0.22,11.8333,1.3778,20,12
AUT-ABL,Austrian Bundesliga,Austria,1,12,14.5,2023-2024,WSG Swarovski Tirol,15,15,1.0,1.26,0.33,1.8,2.46,0.63,0.22,11.3,1.52,26,11
AUT-ABL,Austrian Bundesliga,Austria,1,12,14.5,2023-2024,RB Salzburg,6,16,2.6667,1.5267,0.4133,1.92,3.06,0.7633,0.22,9.3,2.0533,64,1
AUT-ABL,Austrian Bundesliga,Austria,1,12,14.5,2023-2024,Rapid Vienna,9,19,2.1111,1.4378,0.3856,2.28,2.86,0.7189,0.22,9.9667,1.8756,44,5
AUT-ABL,Austrian Bundesliga,Austria,1,12,14.5,2023-2024,LASK Linz,11,16,1.4545,1.3327,0.3527,1.92,2.6236,0.6664,0.22,10.7546,1.6654,51,4
AUT-ABL,Austrian Bundesliga,Austria,1,12,14.5,2024-2025,Rapid Vienna,11,15,1.3636,1.3182,0.3482,1.8,2.5909,0.6591,0.22,10.8637,1.6364,47,6
AUT-ABL,Austrian Bundesliga,Austria,1,12,14.5,2024-2025,SC Rheindorf Altach,18,17,0.9444,1.2511,0.3272,2.04,2.44,0.6256,0.22,11.3667,1.5022,26,12
AUT-ABL,Austrian Bundesliga,Austria,1,12,14.5,2024-2025,Grazer AK,13,16,1.2308,1.2969,0.3415,1.92,2.5431,0.6485,0.22,11.023,1.5939,28,10
AUT-ABL,Austrian Bundesliga,Austria,1,12,14.5,2024-2025,FC Blau-Weiß Linz,13,16,1.2308,1.2969,0.3415,1.92,2.5431,0.6485,0.22,11.023,1.5939,38,8
AUT-ABL,Austrian Bundesliga,Austria,1,12,14.5,2024-2025,SK Austria Klagenfurt,18,15,0.8333,1.2333,0.3217,1.8,2.4,0.6167,0.22,11.5,1.4667,27,11
AUT-ABL,Austrian Bundesliga,Austria,1,12,14.5,2024-2025,SK Sturm Graz,9,19,2.1111,1.4378,0.3856,2.28,2.86,0.7189,0.22,9.9667,1.8756,63,1
AUT-ABL,Austrian Bundesliga,Austria,1,12,14.5,2024-2025,Austria Vienna,11,16,1.4545,1.3327,0.3527,1.92,2.6236,0.6664,0.22,10.7546,1.6654,60,3
AUT-ABL,Austrian Bundesliga,Austria,1,12,14.5,2024-2025,Wolfsberger,6,15,2.5,1.5,0.405,1.8,3.0,0.75,0.22,9.5,2.0,55,5
AUT-ABL,Austrian Bundesliga,Austria,1,12,14.5,2024-2025,RB Salzburg,8,15,1.875,1.4,0.3738,1.8,2.775,0.7,0.22,10.25,1.8,57,4
AUT-ABL,Austrian Bundesliga,Austria,1,12,14.5,2024-2025,WSG Swarovski Tirol,18,15,0.8333,1.2333,0.3217,1.8,2.4,0.6167,0.22,11.5,1.4667,30,9
AUT-ABL,Austrian Bundesliga,Austria,1,12,14.5,2024-2025,LASK Linz,10,16,1.6,1.356,0.36,1.92,2.676,0.678,0.22,10.58,1.712,60,2
AUT-ABL,Austrian Bundesliga,Austria,1,12,14.5,2024-2025,TSV Hartberg,11,15,1.3636,1.3182,0.3482,1.8,2.5909,0.6591,0.22,10.8637,1.6364,44,7
AUT-ABL,Austrian Bundesliga,Austria,1,12,14.5,2025-2026,SC Rheindorf Altach,15,15,1.0,1.26,0.33,1.8,2.46,0.63,0.22,11.3,1.52,42,8
AUT-ABL,Austrian Bundesliga,Austria,1,12,14.5,2025-2026,Grazer AK,15,15,1.0,1.26,0.33,1.8,2.46,0.63,0.22,11.3,1.52,37,11
AUT-ABL,Austrian Bundesliga,Austria,1,12,14.5,2025-2026,SV Josko Ried,12,15,1.25,1.3,0.3425,1.8,2.55,0.65,0.22,11.0,1.6,48,4
AUT-ABL,Austrian Bundesliga,Austria,1,12,14.5,2025-2026,FC Blau-Weiß Linz,17,15,0.8824,1.2412,0.3241,1.8,2.4177,0.6206,0.22,11.4411,1.4824,29,12
AUT-ABL,Austrian Bundesliga,Austria,1,12,14.5,2025-2026,SK Sturm Graz,9,18,2.0,1.42,0.38,2.16,2.82,0.71,0.22,10.1,1.84,56,2
AUT-ABL,Austrian Bundesliga,Austria,1,12,14.5,2025-2026,Austria Vienna,10,15,1.5,1.34,0.355,1.8,2.64,0.67,0.22,10.7,1.68,47,6
AUT-ABL,Austrian Bundesliga,Austria,1,12,14.5,2025-2026,TSV Hartberg,11,16,1.4545,1.3327,0.3527,1.92,2.6236,0.6664,0.22,10.7546,1.6654,42,7
AUT-ABL,Austrian Bundesliga,Austria,1,12,14.5,2025-2026,Wolfsberger,9,16,1.7778,1.3844,0.3689,1.92,2.74,0.6922,0.22,10.3666,1.7689,41,9
AUT-ABL,Austrian Bundesliga,Austria,1,12,14.5,2025-2026,RB Salzburg,6,15,2.5,1.5,0.405,1.8,3.0,0.75,0.22,9.5,2.0,48,3
AUT-ABL,Austrian Bundesliga,Austria,1,12,14.5,2025-2026,WSG Swarovski Tirol,10,16,1.6,1.356,0.36,1.92,2.676,0.678,0.22,10.58,1.712,40,10
AUT-ABL,Austrian Bundesliga,Austria,1,12,14.5,2025-2026,LASK Linz,14,17,1.2143,1.2943,0.3407,2.04,2.5371,0.6471,0.22,11.0428,1.5886,58,1
AUT-ABL,Austrian Bundesliga,Austria,1,12,14.5,2025-2026,Rapid Vienna,11,15,1.3636,1.3182,0.3482,1.8,2.5909,0.6591,0.22,10.8637,1.6364,47,5
POR-PRI,Primeira Liga,Portugal,1,18,18.0,2021-2022,Benfica,6,16,2.6667,1.5267,0.4133,1.92,3.06,0.7633,0.22,9.3,2.0533,74,3
POR-PRI,Primeira Liga,Portugal,1,18,18.0,2021-2022,Santa Clara,17,17,1.0,1.26,0.33,2.04,2.46,0.63,0.22,11.3,1.52,40,7
POR-PRI,Primeira Liga,Portugal,1,18,18.0,2021-2022,FC Porto,7,16,2.2857,1.4657,0.3943,1.92,2.9229,0.7329,0.22,9.7572,1.9314,91,1
POR-PRI,Primeira Liga,Portugal,1,18,18.0,2021-2022,Boavista,12,15,1.25,1.3,0.3425,1.8,2.55,0.65,0.22,11.0,1.6,38,11
POR-PRI,Primeira Liga,Portugal,1,18,18.0,2021-2022,Tondela,11,17,1.5455,1.3473,0.3573,2.04,2.6564,0.6736,0.22,10.6454,1.6946,28,17
POR-PRI,Primeira Liga,Portugal,1,18,18.0,2021-2022,Sporting CP,10,15,1.5,1.34,0.355,1.8,2.64,0.67,0.22,10.7,1.68,85,2
POR-PRI,Primeira Liga,Portugal,1,18,18.0,2021-2022,Gil Vicente,12,15,1.25,1.3,0.3425,1.8,2.55,0.65,0.22,11.0,1.6,51,5
POR-PRI,Primeira Liga,Portugal,1,18,18.0,2021-2022,Vizela,16,16,1.0,1.26,0.33,1.92,2.46,0.63,0.22,11.3,1.52,33,14
POR-PRI,Primeira Liga,Portugal,1,18,18.0,2021-2022,Arouca,14,15,1.0714,1.2714,0.3336,1.8,2.4857,0.6357,0.22,11.2143,1.5428,31,15
POR-PRI,Primeira Liga,Portugal,1,18,18.0,2021-2022,Maritimo,14,17,1.2143,1.2943,0.3407,2.04,2.5371,0.6471,0.22,11.0428,1.5886,38,10
POR-PRI,Primeira Liga,Portugal,1,18,18.0,2021-2022,Portimonense,15,15,1.0,1.26,0.33,1.8,2.46,0.63,0.22,11.3,1.52,38,12
POR-PRI,Primeira Liga,Portugal,1,18,18.0,2021-2022,Moreirense,15,15,1.0,1.26,0.33,1.8,2.46,0.63,0.22,11.3,1.52,29,16
POR-PRI,Primeira Liga,Portugal,1,18,18.0,2021-2022,Braga,10,16,1.6,1.356,0.36,1.92,2.676,0.678,0.22,10.58,1.712,65,4
POR-PRI,Primeira Liga,Portugal,1,18,18.0,2021-2022,FC Famalicao,11,16,1.4545,1.3327,0.3527,1.92,2.6236,0.6664,0.22,10.7546,1.6654,39,8
POR-PRI,Primeira Liga,Portugal,1,18,18.0,2021-2022,Vitória de Guimaraes,13,16,1.2308,1.2969,0.3415,1.92,2.5431,0.6485,0.22,11.023,1.5939,48,6
POR-PRI,Primeira Liga,Portugal,1,18,18.0,2021-2022,Belenenses,25,15,0.6,1.196,0.31,1.8,2.316,0.598,0.22,11.78,1.392,26,18
POR-PRI,Primeira Liga,Portugal,1,18,18.0,2021-2022,Estoril,10,15,1.5,1.34,0.355,1.8,2.64,0.67,0.22,10.7,1.68,39,9
POR-PRI,Primeira Liga,Portugal,1,18,18.0,2021-2022,Paços de Ferreira,21,15,0.7143,1.2143,0.3157,1.8,2.3571,0.6071,0.22,11.6428,1.4286,38,13
POR-PRI,Primeira Liga,Portugal,1,18,18.0,2022-2023,Benfica,7,19,2.7143,1.5343,0.4157,2.28,3.0771,0.7671,0.22,9.2428,2.0686,87,1
POR-PRI,Primeira Liga,Portugal,1,18,18.0,2022-2023,Santa Clara,21,15,0.7143,1.2143,0.3157,1.8,2.3571,0.6071,0.22,11.6428,1.4286,22,18
POR-PRI,Primeira Liga,Portugal,1,18,18.0,2022-2023,FC Porto,6,15,2.5,1.5,0.405,1.8,3.0,0.75,0.22,9.5,2.0,85,2
POR-PRI,Primeira Liga,Portugal,1,18,18.0,2022-2023,Boavista,14,15,1.0714,1.2714,0.3336,1.8,2.4857,0.6357,0.22,11.2143,1.5428,44,9
POR-PRI,Primeira Liga,Portugal,1,18,18.0,2022-2023,Gil Vicente,17,17,1.0,1.26,0.33,2.04,2.46,0.63,0.22,11.3,1.52,37,13
POR-PRI,Primeira Liga,Portugal,1,18,18.0,2022-2023,Sporting CP,8,16,2.0,1.42,0.38,1.92,2.82,0.71,0.22,10.1,1.84,74,4
POR-PRI,Primeira Liga,Portugal,1,18,18.0,2022-2023,Vizela,15,15,1.0,1.26,0.33,1.8,2.46,0.63,0.22,11.3,1.52,40,11
POR-PRI,Primeira Liga,Portugal,1,18,18.0,2022-2023,Portimonense,18,15,0.8333,1.2333,0.3217,1.8,2.4,0.6167,0.22,11.5,1.4667,34,15
POR-PRI,Primeira Liga,Portugal,1,18,18.0,2022-2023,Arouca,14,15,1.0714,1.2714,0.3336,1.8,2.4857,0.6357,0.22,11.2143,1.5428,54,5
POR-PRI,Primeira Liga,Portugal,1,18,18.0,2022-2023,Maritimo,22,17,0.7727,1.2236,0.3186,2.04,2.3782,0.6118,0.22,11.5728,1.4473,26,16
POR-PRI,Primeira Liga,Portugal,1,18,18.0,2022-2023,Casa Pia,14,15,1.0714,1.2714,0.3336,1.8,2.4857,0.6357,0.22,11.2143,1.5428,41,10
POR-PRI,Primeira Liga,Portugal,1,18,18.0,2022-2023,FC Famalicao,15,15,1.0,1.26,0.33,1.8,2.46,0.63,0.22,11.3,1.52,44,8
POR-PRI,Primeira Liga,Portugal,1,18,18.0,2022-2023,Braga,4,17,4.25,1.78,0.4925,2.04,3.63,0.89,0.22,7.4,2.56,78,3
POR-PRI,Primeira Liga,Portugal,1,18,18.0,2022-2023,GD Chaves,16,15,0.9375,1.25,0.3269,1.8,2.4375,0.625,0.22,11.375,1.5,46,7
POR-PRI,Primeira Liga,Portugal,1,18,18.0,2022-2023,Vitória de Guimaraes,16,15,0.9375,1.25,0.3269,1.8,2.4375,0.625,0.22,11.375,1.5,53,6
POR-PRI,Primeira Liga,Portugal,1,18,18.0,2022-2023,Paços de Ferreira,21,15,0.7143,1.2143,0.3157,1.8,2.3571,0.6071,0.22,11.6428,1.4286,23,17
POR-PRI,Primeira Liga,Portugal,1,18,18.0,2022-2023,Estoril,15,16,1.0667,1.2707,0.3333,1.92,2.484,0.6353,0.22,11.22,1.5413,35,14
POR-PRI,Primeira Liga,Portugal,1,18,18.0,2022-2023,Rio Ave,12,15,1.25,1.3,0.3425,1.8,2.55,0.65,0.22,11.0,1.6,40,12
POR-PRI,Primeira Liga,Portugal,1,18,18.0,2023-2024,Benfica,6,16,2.6667,1.5267,0.4133,1.92,3.06,0.7633,0.22,9.3,2.0533,80,2
POR-PRI,Primeira Liga,Portugal,1,18,18.0,2023-2024,Boavista,6,15,2.5,1.5,0.405,1.8,3.0,0.75,0.22,9.5,2.0,32,15
POR-PRI,Primeira Liga,Portugal,1,18,18.0,2023-2024,FC Porto,11,15,1.3636,1.3182,0.3482,1.8,2.5909,0.6591,0.22,10.8637,1.6364,72,3
POR-PRI,Primeira Liga,Portugal,1,18,18.0,2023-2024,Gil Vicente,7,16,2.2857,1.4657,0.3943,1.92,2.9229,0.7329,0.22,9.7572,1.9314,36,12
POR-PRI,Primeira Liga,Portugal,1,18,18.0,2023-2024,Sporting CP,7,15,2.1429,1.4429,0.3871,1.8,2.8714,0.7214,0.22,9.9285,1.8857,90,1
POR-PRI,Primeira Liga,Portugal,1,18,18.0,2023-2024,Vizela,16,15,0.9375,1.25,0.3269,1.8,2.4375,0.625,0.22,11.375,1.5,26,17
POR-PRI,Primeira Liga,Portugal,1,18,18.0,2023-2024,Estrela,13,15,1.1538,1.2846,0.3377,1.8,2.5154,0.6423,0.22,11.1154,1.5692,33,14
POR-PRI,Primeira Liga,Portugal,1,18,18.0,2023-2024,Arouca,13,15,1.1538,1.2846,0.3377,1.8,2.5154,0.6423,0.22,11.1154,1.5692,46,7
POR-PRI,Primeira Liga,Portugal,1,18,18.0,2023-2024,SC Farense,9,15,1.6667,1.3667,0.3633,1.8,2.7,0.6833,0.22,10.5,1.7333,37,10
POR-PRI,Primeira Liga,Portugal,1,18,18.0,2023-2024,Casa Pia,16,18,1.125,1.28,0.3363,2.16,2.505,0.64,0.22,11.15,1.56,38,9
POR-PRI,Primeira Liga,Portugal,1,18,18.0,2023-2024,Moreirense,13,15,1.1538,1.2846,0.3377,1.8,2.5154,0.6423,0.22,11.1154,1.5692,55,6
POR-PRI,Primeira Liga,Portugal,1,18,18.0,2023-2024,Braga,7,18,2.5714,1.5114,0.4086,2.16,3.0257,0.7557,0.22,9.4143,2.0228,68,4
POR-PRI,Primeira Liga,Portugal,1,18,18.0,2023-2024,GD Chaves,12,15,1.25,1.3,0.3425,1.8,2.55,0.65,0.22,11.0,1.6,23,18
POR-PRI,Primeira Liga,Portugal,1,18,18.0,2023-2024,FC Famalicao,16,15,0.9375,1.25,0.3269,1.8,2.4375,0.625,0.22,11.375,1.5,42,8
POR-PRI,Primeira Liga,Portugal,1,18,18.0,2023-2024,Vitória de Guimaraes,9,17,1.8889,1.4022,0.3744,2.04,2.78,0.7011,0.22,10.2333,1.8044,63,5
POR-PRI,Primeira Liga,Portugal,1,18,18.0,2023-2024,Estoril,10,15,1.5,1.34,0.355,1.8,2.64,0.67,0.22,10.7,1.68,33,13
POR-PRI,Primeira Liga,Portugal,1,18,18.0,2023-2024,Portimonense,14,16,1.1429,1.2829,0.3371,1.92,2.5114,0.6414,0.22,11.1285,1.5657,32,16
POR-PRI,Primeira Liga,Portugal,1,18,18.0,2023-2024,Rio Ave,13,15,1.1538,1.2846,0.3377,1.8,2.5154,0.6423,0.22,11.1154,1.5692,37,11
POR-PRI,Primeira Liga,Portugal,1,18,18.0,2024-2025,Benfica,7,17,2.4286,1.4886,0.4014,2.04,2.9743,0.7443,0.22,9.5857,1.9772,80,2
POR-PRI,Primeira Liga,Portugal,1,18,18.0,2024-2025,AVS,19,15,0.7895,1.2263,0.3195,1.8,2.3842,0.6132,0.22,11.5526,1.4526,27,17
POR-PRI,Primeira Liga,Portugal,1,18,18.0,2024-2025,FC Porto,7,16,2.2857,1.4657,0.3943,1.92,2.9229,0.7329,0.22,9.7572,1.9314,71,3
POR-PRI,Primeira Liga,Portugal,1,18,18.0,2024-2025,Santa Clara,12,15,1.25,1.3,0.3425,1.8,2.55,0.65,0.22,11.0,1.6,57,5
POR-PRI,Primeira Liga,Portugal,1,18,18.0,2024-2025,Boavista,24,15,0.625,1.2,0.3113,1.8,2.325,0.6,0.22,11.75,1.4,24,18
POR-PRI,Primeira Liga,Portugal,1,18,18.0,2024-2025,Gil Vicente,13,16,1.2308,1.2969,0.3415,1.92,2.5431,0.6485,0.22,11.023,1.5939,34,13
POR-PRI,Primeira Liga,Portugal,1,18,18.0,2024-2025,Sporting CP,4,16,4.0,1.74,0.48,1.92,3.54,0.87,0.22,7.7,2.48,82,1
POR-PRI,Primeira Liga,Portugal,1,18,18.0,2024-2025,Estrela,17,16,0.9412,1.2506,0.3271,1.92,2.4388,0.6253,0.22,11.3706,1.5012,29,15
POR-PRI,Primeira Liga,Portugal,1,18,18.0,2024-2025,Arouca,18,15,0.8333,1.2333,0.3217,1.8,2.4,0.6167,0.22,11.5,1.4667,38,11
POR-PRI,Primeira Liga,Portugal,1,18,18.0,2024-2025,Casa Pia,15,16,1.0667,1.2707,0.3333,1.92,2.484,0.6353,0.22,11.22,1.5413,45,9
POR-PRI,Primeira Liga,Portugal,1,18,18.0,2024-2025,SC Farense,23,15,0.6522,1.2044,0.3126,1.8,2.3348,0.6022,0.22,11.7174,1.4087,27,16
POR-PRI,Primeira Liga,Portugal,1,18,18.0,2024-2025,FC Famalicao,14,17,1.2143,1.2943,0.3407,2.04,2.5371,0.6471,0.22,11.0428,1.5886,47,7
POR-PRI,Primeira Liga,Portugal,1,18,18.0,2024-2025,Braga,9,15,1.6667,1.3667,0.3633,1.8,2.7,0.6833,0.22,10.5,1.7333,66,4
POR-PRI,Primeira Liga,Portugal,1,18,18.0,2024-2025,Moreirense,11,15,1.3636,1.3182,0.3482,1.8,2.5909,0.6591,0.22,10.8637,1.6364,40,10
POR-PRI,Primeira Liga,Portugal,1,18,18.0,2024-2025,Vitória de Guimaraes,12,16,1.3333,1.3133,0.3467,1.92,2.58,0.6567,0.22,10.9,1.6267,54,6
POR-PRI,Primeira Liga,Portugal,1,18,18.0,2024-2025,C.D. Nacional,18,16,0.8889,1.2422,0.3244,1.92,2.42,0.6211,0.22,11.4333,1.4844,34,14
POR-PRI,Primeira Liga,Portugal,1,18,18.0,2024-2025,Estoril,17,18,1.0588,1.2694,0.3329,2.16,2.4812,0.6347,0.22,11.2294,1.5388,46,8
POR-PRI,Primeira Liga,Portugal,1,18,18.0,2024-2025,Rio Ave,14,15,1.0714,1.2714,0.3336,1.8,2.4857,0.6357,0.22,11.2143,1.5428,38,12
POR-PRI,Primeira Liga,Portugal,1,18,18.0,2025-2026,Benfica,9,18,2.0,1.42,0.38,2.16,2.82,0.71,0.22,10.1,1.84,80,3
POR-PRI,Primeira Liga,Portugal,1,18,18.0,2025-2026,AVS,21,15,0.7143,1.2143,0.3157,1.8,2.3571,0.6071,0.22,11.6428,1.4286,21,18
POR-PRI,Primeira Liga,Portugal,1,18,18.0,2025-2026,FC Porto,6,15,2.5,1.5,0.405,1.8,3.0,0.75,0.22,9.5,2.0,88,1
POR-PRI,Primeira Liga,Portugal,1,18,18.0,2025-2026,Santa Clara,20,16,0.8,1.228,0.32,1.92,2.388,0.614,0.22,11.54,1.456,36,12
POR-PRI,Primeira Liga,Portugal,1,18,18.0,2025-2026,Tondela,22,15,0.6818,1.2091,0.3141,1.8,2.3454,0.6045,0.22,11.6818,1.4182,28,17
POR-PRI,Primeira Liga,Portugal,1,18,18.0,2025-2026,Sporting CP,5,15,3.0,1.58,0.43,1.8,3.18,0.79,0.22,8.9,2.16,82,2
POR-PRI,Primeira Liga,Portugal,1,18,18.0,2025-2026,Gil Vicente,10,15,1.5,1.34,0.355,1.8,2.64,0.67,0.22,10.7,1.68,50,6
POR-PRI,Primeira Liga,Portugal,1,18,18.0,2025-2026,Estrela,13,16,1.2308,1.2969,0.3415,1.92,2.5431,0.6485,0.22,11.023,1.5939,30,15
POR-PRI,Primeira Liga,Portugal,1,18,18.0,2025-2026,Arouca,14,15,1.0714,1.2714,0.3336,1.8,2.4857,0.6357,0.22,11.2143,1.5428,42,9
POR-PRI,Primeira Liga,Portugal,1,18,18.0,2025-2026,Alverca,13,15,1.1538,1.2846,0.3377,1.8,2.5154,0.6423,0.22,11.1154,1.5692,39,11
POR-PRI,Primeira Liga,Portugal,1,18,18.0,2025-2026,Casa Pia,15,16,1.0667,1.2707,0.3333,1.92,2.484,0.6353,0.22,11.22,1.5413,30,16
POR-PRI,Primeira Liga,Portugal,1,18,18.0,2025-2026,FC Famalicao,14,18,1.2857,1.3057,0.3443,2.16,2.5629,0.6529,0.22,10.9572,1.6114,56,5
POR-PRI,Primeira Liga,Portugal,1,18,18.0,2025-2026,Braga,9,16,1.7778,1.3844,0.3689,1.92,2.74,0.6922,0.22,10.3666,1.7689,59,4
POR-PRI,Primeira Liga,Portugal,1,18,18.0,2025-2026,Moreirense,10,15,1.5,1.34,0.355,1.8,2.64,0.67,0.22,10.7,1.68,43,7
POR-PRI,Primeira Liga,Portugal,1,18,18.0,2025-2026,Vitória de Guimaraes,14,15,1.0714,1.2714,0.3336,1.8,2.4857,0.6357,0.22,11.2143,1.5428,42,8
POR-PRI,Primeira Liga,Portugal,1,18,18.0,2025-2026,C.D. Nacional,14,15,1.0714,1.2714,0.3336,1.8,2.4857,0.6357,0.22,11.2143,1.5428,34,14
POR-PRI,Primeira Liga,Portugal,1,18,18.0,2025-2026,Estoril,10,15,1.5,1.34,0.355,1.8,2.64,0.67,0.22,10.7,1.68,39,10
POR-PRI,Primeira Liga,Portugal,1,18,18.0,2025-2026,Rio Ave,12,15,1.25,1.3,0.3425,1.8,2.55,0.65,0.22,11.0,1.6,36,13
NED-ERE,Eredivisie,Netherlands,1,18,17.2,2021-2022,Ajax Amsterdam,5,22,4.4,1.804,0.5,2.64,3.684,0.902,0.22,7.22,2.608,83,1
NED-ERE,Eredivisie,Netherlands,1,18,17.2,2021-2022,NEC Nijmegen,11,15,1.3636,1.3182,0.3482,1.8,2.5909,0.6591,0.22,10.8637,1.6364,38,11
NED-ERE,Eredivisie,Netherlands,1,18,17.2,2021-2022,FC Utrecht,7,17,2.4286,1.4886,0.4014,2.04,2.9743,0.7443,0.22,9.5857,1.9772,50,7
NED-ERE,Eredivisie,Netherlands,1,18,17.2,2021-2022,Heracles Almelo,14,15,1.0714,1.2714,0.3336,1.8,2.4857,0.6357,0.22,11.2143,1.5428,34,16
NED-ERE,Eredivisie,Netherlands,1,18,17.2,2021-2022,FC Twente,9,15,1.6667,1.3667,0.3633,1.8,2.7,0.6833,0.22,10.5,1.7333,68,4
NED-ERE,Eredivisie,Netherlands,1,18,17.2,2021-2022,AZ Alkmaar,8,19,2.375,1.48,0.3988,2.28,2.955,0.74,0.22,9.65,1.96,67,5
NED-ERE,Eredivisie,Netherlands,1,18,17.2,2021-2022,Willem II,11,15,1.3636,1.3182,0.3482,1.8,2.5909,0.6591,0.22,10.8637,1.6364,33,17
NED-ERE,Eredivisie,Netherlands,1,18,17.2,2021-2022,Go Ahead Eagles,11,17,1.5455,1.3473,0.3573,2.04,2.6564,0.6736,0.22,10.6454,1.6946,36,13
NED-ERE,Eredivisie,Netherlands,1,18,17.2,2021-2022,PSV Eindhoven,6,16,2.6667,1.5267,0.4133,1.92,3.06,0.7633,0.22,9.3,2.0533,81,2
NED-ERE,Eredivisie,Netherlands,1,18,17.2,2021-2022,Heerenveen,13,16,1.2308,1.2969,0.3415,1.92,2.5431,0.6485,0.22,11.023,1.5939,44,8
NED-ERE,Eredivisie,Netherlands,1,18,17.2,2021-2022,Vitesse,15,20,1.3333,1.3133,0.3467,2.4,2.58,0.6567,0.22,10.9,1.6267,57,6
NED-ERE,Eredivisie,Netherlands,1,18,17.2,2021-2022,FC Groningen,14,16,1.1429,1.2829,0.3371,1.92,2.5114,0.6414,0.22,11.1285,1.5657,36,12
NED-ERE,Eredivisie,Netherlands,1,18,17.2,2021-2022,RKC Waalwijk,15,16,1.0667,1.2707,0.3333,1.92,2.484,0.6353,0.22,11.22,1.5413,38,10
NED-ERE,Eredivisie,Netherlands,1,18,17.2,2021-2022,Feyenoord Rotterdam,6,19,3.1667,1.6067,0.4383,2.28,3.24,0.8033,0.22,8.7,2.2133,71,3
NED-ERE,Eredivisie,Netherlands,1,18,17.2,2021-2022,Sparta Rotterdam,18,15,0.8333,1.2333,0.3217,1.8,2.4,0.6167,0.22,11.5,1.4667,35,14
NED-ERE,Eredivisie,Netherlands,1,18,17.2,2021-2022,PEC Zwolle,22,17,0.7727,1.2236,0.3186,2.04,2.3782,0.6118,0.22,11.5728,1.4473,27,18
NED-ERE,Eredivisie,Netherlands,1,18,17.2,2021-2022,Fortuna Sittard,13,15,1.1538,1.2846,0.3377,1.8,2.5154,0.6423,0.22,11.1154,1.5692,35,15
NED-ERE,Eredivisie,Netherlands,1,18,17.2,2021-2022,SC Cambuur,7,15,2.1429,1.4429,0.3871,1.8,2.8714,0.7214,0.22,9.9285,1.8857,39,9
NED-ERE,Eredivisie,Netherlands,1,18,17.2,2022-2023,NEC Nijmegen,14,19,1.3571,1.3171,0.3479,2.28,2.5886,0.6586,0.22,10.8715,1.6343,39,12
NED-ERE,Eredivisie,Netherlands,1,18,17.2,2022-2023,Ajax Amsterdam,5,16,3.2,1.612,0.44,1.92,3.252,0.806,0.22,8.66,2.224,69,4
NED-ERE,Eredivisie,Netherlands,1,18,17.2,2022-2023,FC Emmen,18,15,0.8333,1.2333,0.3217,1.8,2.4,0.6167,0.22,11.5,1.4667,28,16
NED-ERE,Eredivisie,Netherlands,1,18,17.2,2022-2023,FC Utrecht,11,15,1.3636,1.3182,0.3482,1.8,2.5909,0.6591,0.22,10.8637,1.6364,57,7
NED-ERE,Eredivisie,Netherlands,1,18,17.2,2022-2023,FC Twente,8,15,1.875,1.4,0.3738,1.8,2.775,0.7,0.22,10.25,1.8,74,3
NED-ERE,Eredivisie,Netherlands,1,18,17.2,2022-2023,AZ Alkmaar,8,17,2.125,1.44,0.3863,2.04,2.865,0.72,0.22,9.95,1.88,67,5
NED-ERE,Eredivisie,Netherlands,1,18,17.2,2022-2023,Go Ahead Eagles,11,15,1.3636,1.3182,0.3482,1.8,2.5909,0.6591,0.22,10.8637,1.6364,40,11
NED-ERE,Eredivisie,Netherlands,1,18,17.2,2022-2023,Sparta Rotterdam,10,16,1.6,1.356,0.36,1.92,2.676,0.678,0.22,10.58,1.712,63,6
NED-ERE,Eredivisie,Netherlands,1,18,17.2,2022-2023,Heerenveen,14,16,1.1429,1.2829,0.3371,1.92,2.5114,0.6414,0.22,11.1285,1.5657,46,8
NED-ERE,Eredivisie,Netherlands,1,18,17.2,2022-2023,Fortuna Sittard,12,15,1.25,1.3,0.3425,1.8,2.55,0.65,0.22,11.0,1.6,36,13
NED-ERE,Eredivisie,Netherlands,1,18,17.2,2022-2023,FC Groningen,13,15,1.1538,1.2846,0.3377,1.8,2.5154,0.6423,0.22,11.1154,1.5692,18,18
NED-ERE,Eredivisie,Netherlands,1,18,17.2,2022-2023,RKC Waalwijk,7,15,2.1429,1.4429,0.3871,1.8,2.8714,0.7214,0.22,9.9285,1.8857,41,9
NED-ERE,Eredivisie,Netherlands,1,18,17.2,2022-2023,Vitesse,13,15,1.1538,1.2846,0.3377,1.8,2.5154,0.6423,0.22,11.1154,1.5692,40,10
NED-ERE,Eredivisie,Netherlands,1,18,17.2,2022-2023,Excelsior,12,15,1.25,1.3,0.3425,1.8,2.55,0.65,0.22,11.0,1.6,32,15
NED-ERE,Eredivisie,Netherlands,1,18,17.2,2022-2023,Feyenoord Rotterdam,6,17,2.8333,1.5533,0.4217,2.04,3.12,0.7767,0.22,9.1,2.1067,82,1
NED-ERE,Eredivisie,Netherlands,1,18,17.2,2022-2023,FC Volendam,15,16,1.0667,1.2707,0.3333,1.92,2.484,0.6353,0.22,11.22,1.5413,36,14
NED-ERE,Eredivisie,Netherlands,1,18,17.2,2022-2023,PSV Eindhoven,3,15,5.0,1.9,0.53,1.8,3.9,0.95,0.22,6.5,2.8,75,2
NED-ERE,Eredivisie,Netherlands,1,18,17.2,2022-2023,SC Cambuur,24,17,0.7083,1.2133,0.3154,2.04,2.355,0.6067,0.22,11.65,1.4267,19,17
NED-ERE,Eredivisie,Netherlands,1,18,17.2,2023-2024,Ajax Amsterdam,9,15,1.6667,1.3667,0.3633,1.8,2.7,0.6833,0.22,10.5,1.7333,56,5
NED-ERE,Eredivisie,Netherlands,1,18,17.2,2023-2024,NEC Nijmegen,10,17,1.7,1.372,0.365,2.04,2.712,0.686,0.22,10.46,1.744,53,6
NED-ERE,Eredivisie,Netherlands,1,18,17.2,2023-2024,Almere City,16,18,1.125,1.28,0.3363,2.16,2.505,0.64,0.22,11.15,1.56,34,13
NED-ERE,Eredivisie,Netherlands,1,18,17.2,2023-2024,FC Utrecht,15,16,1.0667,1.2707,0.3333,1.92,2.484,0.6353,0.22,11.22,1.5413,53,7
NED-ERE,Eredivisie,Netherlands,1,18,17.2,2023-2024,Heracles Almelo,12,15,1.25,1.3,0.3425,1.8,2.55,0.65,0.22,11.0,1.6,33,14
NED-ERE,Eredivisie,Netherlands,1,18,17.2,2023-2024,AZ Alkmaar,5,15,3.0,1.58,0.43,1.8,3.18,0.79,0.22,8.9,2.16,65,4
NED-ERE,Eredivisie,Netherlands,1,18,17.2,2023-2024,FC Twente,8,17,2.125,1.44,0.3863,2.04,2.865,0.72,0.22,9.95,1.88,69,3
NED-ERE,Eredivisie,Netherlands,1,18,17.2,2023-2024,Go Ahead Eagles,8,17,2.125,1.44,0.3863,2.04,2.865,0.72,0.22,9.95,1.88,52,8
NED-ERE,Eredivisie,Netherlands,1,18,17.2,2023-2024,Heerenveen,12,17,1.4167,1.3267,0.3508,2.04,2.61,0.6633,0.22,10.8,1.6533,37,11
NED-ERE,Eredivisie,Netherlands,1,18,17.2,2023-2024,Vitesse,21,15,0.7143,1.2143,0.3157,1.8,2.3571,0.6071,0.22,11.6428,1.4286,24,17
NED-ERE,Eredivisie,Netherlands,1,18,17.2,2023-2024,Fortuna Sittard,14,15,1.0714,1.2714,0.3336,1.8,2.4857,0.6357,0.22,11.2143,1.5428,38,10
NED-ERE,Eredivisie,Netherlands,1,18,17.2,2023-2024,Excelsior,9,16,1.7778,1.3844,0.3689,1.92,2.74,0.6922,0.22,10.3666,1.7689,29,16
NED-ERE,Eredivisie,Netherlands,1,18,17.2,2023-2024,RKC Waalwijk,16,15,0.9375,1.25,0.3269,1.8,2.4375,0.625,0.22,11.375,1.5,29,15
NED-ERE,Eredivisie,Netherlands,1,18,17.2,2023-2024,Feyenoord Rotterdam,5,19,3.8,1.708,0.47,2.28,3.468,0.854,0.22,7.94,2.416,84,2
NED-ERE,Eredivisie,Netherlands,1,18,17.2,2023-2024,Sparta Rotterdam,12,17,1.4167,1.3267,0.3508,2.04,2.61,0.6633,0.22,10.8,1.6533,49,9
NED-ERE,Eredivisie,Netherlands,1,18,17.2,2023-2024,PEC Zwolle,13,15,1.1538,1.2846,0.3377,1.8,2.5154,0.6423,0.22,11.1154,1.5692,36,12
NED-ERE,Eredivisie,Netherlands,1,18,17.2,2023-2024,FC Volendam,12,15,1.25,1.3,0.3425,1.8,2.55,0.65,0.22,11.0,1.6,19,18
NED-ERE,Eredivisie,Netherlands,1,18,17.2,2023-2024,PSV Eindhoven,5,17,3.4,1.644,0.45,2.04,3.324,0.822,0.22,8.42,2.288,91,1
NED-ERE,Eredivisie,Netherlands,1,18,17.2,2024-2025,NEC Nijmegen,11,16,1.4545,1.3327,0.3527,1.92,2.6236,0.6664,0.22,10.7546,1.6654,43,8
NED-ERE,Eredivisie,Netherlands,1,18,17.2,2024-2025,Almere City,23,15,0.6522,1.2044,0.3126,1.8,2.3348,0.6022,0.22,11.7174,1.4087,22,18
NED-ERE,Eredivisie,Netherlands,1,18,17.2,2024-2025,Ajax Amsterdam,7,17,2.4286,1.4886,0.4014,2.04,2.9743,0.7443,0.22,9.5857,1.9772,78,2
NED-ERE,Eredivisie,Netherlands,1,18,17.2,2024-2025,FC Utrecht,8,15,1.875,1.4,0.3738,1.8,2.775,0.7,0.22,10.25,1.8,64,4
NED-ERE,Eredivisie,Netherlands,1,18,17.2,2024-2025,FC Twente,9,16,1.7778,1.3844,0.3689,1.92,2.74,0.6922,0.22,10.3666,1.7689,57,6
NED-ERE,Eredivisie,Netherlands,1,18,17.2,2024-2025,AZ Alkmaar,6,16,2.6667,1.5267,0.4133,1.92,3.06,0.7633,0.22,9.3,2.0533,63,5
NED-ERE,Eredivisie,Netherlands,1,18,17.2,2024-2025,Heracles Almelo,15,16,1.0667,1.2707,0.3333,1.92,2.484,0.6353,0.22,11.22,1.5413,38,14
NED-ERE,Eredivisie,Netherlands,1,18,17.2,2024-2025,Willem II,13,15,1.1538,1.2846,0.3377,1.8,2.5154,0.6423,0.22,11.1154,1.5692,26,16
NED-ERE,Eredivisie,Netherlands,1,18,17.2,2024-2025,Go Ahead Eagles,11,15,1.3636,1.3182,0.3482,1.8,2.5909,0.6591,0.22,10.8637,1.6364,51,7
NED-ERE,Eredivisie,Netherlands,1,18,17.2,2024-2025,NAC Breda,14,15,1.0714,1.2714,0.3336,1.8,2.4857,0.6357,0.22,11.2143,1.5428,33,15
NED-ERE,Eredivisie,Netherlands,1,18,17.2,2024-2025,Fortuna Sittard,14,15,1.0714,1.2714,0.3336,1.8,2.4857,0.6357,0.22,11.2143,1.5428,41,11
NED-ERE,Eredivisie,Netherlands,1,18,17.2,2024-2025,Heerenveen,15,16,1.0667,1.2707,0.3333,1.92,2.484,0.6353,0.22,11.22,1.5413,43,9
NED-ERE,Eredivisie,Netherlands,1,18,17.2,2024-2025,RKC Waalwijk,15,15,1.0,1.26,0.33,1.8,2.46,0.63,0.22,11.3,1.52,25,17
NED-ERE,Eredivisie,Netherlands,1,18,17.2,2024-2025,Feyenoord Rotterdam,8,19,2.375,1.48,0.3988,2.28,2.955,0.74,0.22,9.65,1.96,68,3
NED-ERE,Eredivisie,Netherlands,1,18,17.2,2024-2025,Sparta Rotterdam,18,15,0.8333,1.2333,0.3217,1.8,2.4,0.6167,0.22,11.5,1.4667,39,12
NED-ERE,Eredivisie,Netherlands,1,18,17.2,2024-2025,PEC Zwolle,14,15,1.0714,1.2714,0.3336,1.8,2.4857,0.6357,0.22,11.2143,1.5428,41,10
NED-ERE,Eredivisie,Netherlands,1,18,17.2,2024-2025,PSV Eindhoven,3,15,5.0,1.9,0.53,1.8,3.9,0.95,0.22,6.5,2.8,79,1
NED-ERE,Eredivisie,Netherlands,1,18,17.2,2024-2025,FC Groningen,18,15,0.8333,1.2333,0.3217,1.8,2.4,0.6167,0.22,11.5,1.4667,39,13
NED-ERE,Eredivisie,Netherlands,1,18,17.2,2025-2026,Telstar,13,15,1.1538,1.2846,0.3377,1.8,2.5154,0.6423,0.22,11.1154,1.5692,37,14
NED-ERE,Eredivisie,Netherlands,1,18,17.2,2025-2026,NEC Nijmegen,5,17,3.4,1.644,0.45,2.04,3.324,0.822,0.22,8.42,2.288,59,4
NED-ERE,Eredivisie,Netherlands,1,18,17.2,2025-2026,Ajax Amsterdam,8,17,2.125,1.44,0.3863,2.04,2.865,0.72,0.22,9.95,1.88,60,3
NED-ERE,Eredivisie,Netherlands,1,18,17.2,2025-2026,FC Utrecht,8,15,1.875,1.4,0.3738,1.8,2.775,0.7,0.22,10.25,1.8,57,6
NED-ERE,Eredivisie,Netherlands,1,18,17.2,2025-2026,Heracles Almelo,11,15,1.3636,1.3182,0.3482,1.8,2.5909,0.6591,0.22,10.8637,1.6364,19,18
NED-ERE,Eredivisie,Netherlands,1,18,17.2,2025-2026,AZ Alkmaar,7,15,2.1429,1.4429,0.3871,1.8,2.8714,0.7214,0.22,9.9285,1.8857,52,7
NED-ERE,Eredivisie,Netherlands,1,18,17.2,2025-2026,FC Twente,9,17,1.8889,1.4022,0.3744,2.04,2.78,0.7011,0.22,10.2333,1.8044,58,5
NED-ERE,Eredivisie,Netherlands,1,18,17.2,2025-2026,Go Ahead Eagles,9,15,1.6667,1.3667,0.3633,1.8,2.7,0.6833,0.22,10.5,1.7333,38,12
NED-ERE,Eredivisie,Netherlands,1,18,17.2,2025-2026,NAC Breda,12,15,1.25,1.3,0.3425,1.8,2.55,0.65,0.22,11.0,1.6,29,17
NED-ERE,Eredivisie,Netherlands,1,18,17.2,2025-2026,Heerenveen,9,15,1.6667,1.3667,0.3633,1.8,2.7,0.6833,0.22,10.5,1.7333,51,8
NED-ERE,Eredivisie,Netherlands,1,18,17.2,2025-2026,Fortuna Sittard,11,16,1.4545,1.3327,0.3527,1.92,2.6236,0.6664,0.22,10.7546,1.6654,39,11
NED-ERE,Eredivisie,Netherlands,1,18,17.2,2025-2026,Excelsior,16,16,1.0,1.26,0.33,1.92,2.46,0.63,0.22,11.3,1.52,38,13
NED-ERE,Eredivisie,Netherlands,1,18,17.2,2025-2026,Feyenoord Rotterdam,7,15,2.1429,1.4429,0.3871,1.8,2.8714,0.7214,0.22,9.9285,1.8857,65,2
NED-ERE,Eredivisie,Netherlands,1,18,17.2,2025-2026,Sparta Rotterdam,13,15,1.1538,1.2846,0.3377,1.8,2.5154,0.6423,0.22,11.1154,1.5692,43,10
NED-ERE,Eredivisie,Netherlands,1,18,17.2,2025-2026,PEC Zwolle,13,16,1.2308,1.2969,0.3415,1.92,2.5431,0.6485,0.22,11.023,1.5939,37,15
NED-ERE,Eredivisie,Netherlands,1,18,17.2,2025-2026,FC Volendam,12,16,1.3333,1.3133,0.3467,1.92,2.58,0.6567,0.22,10.9,1.6267,32,16
NED-ERE,Eredivisie,Netherlands,1,18,17.2,2025-2026,PSV Eindhoven,5,17,3.4,1.644,0.45,2.04,3.324,0.822,0.22,8.42,2.288,84,1
NED-ERE,Eredivisie,Netherlands,1,18,17.2,2025-2026,FC Groningen,10,16,1.6,1.356,0.36,1.92,2.676,0.678,0.22,10.58,1.712,48,9
NOR-ELI,Eliteserien,Norway,1,16,15.0,2021-2022,Hamarkameratene,11,17,1.5455,1.3473,0.3573,2.04,2.6564,0.6736,0.22,10.6454,1.6946,15,17
NOR-ELI,Eliteserien,Norway,1,16,15.0,2021-2022,Tromso,10,15,1.5,1.34,0.355,1.8,2.64,0.67,0.22,10.7,1.68,38,7
NOR-ELI,Eliteserien,Norway,1,16,15.0,2021-2022,Aalesund,12,14,1.1667,1.2867,0.3383,1.68,2.52,0.6433,0.22,11.1,1.5733,16,15
NOR-ELI,Eliteserien,Norway,1,16,15.0,2021-2022,Odds BK,11,16,1.4545,1.3327,0.3527,1.92,2.6236,0.6664,0.22,10.7546,1.6654,29,11
NOR-ELI,Eliteserien,Norway,1,16,15.0,2021-2022,Sarpsborg FK,9,15,1.6667,1.3667,0.3633,1.8,2.7,0.6833,0.22,10.5,1.7333,41,6
NOR-ELI,Eliteserien,Norway,1,16,15.0,2021-2022,Sandefjord,14,15,1.0714,1.2714,0.3336,1.8,2.4857,0.6357,0.22,11.2143,1.5428,30,10
NOR-ELI,Eliteserien,Norway,1,16,15.0,2021-2022,Bodo/Glimt,7,15,2.1429,1.4429,0.3871,1.8,2.8714,0.7214,0.22,9.9285,1.8857,57,2
NOR-ELI,Eliteserien,Norway,1,16,15.0,2021-2022,Molde,7,17,2.4286,1.4886,0.4014,2.04,2.9743,0.7443,0.22,9.5857,1.9772,55,3
NOR-ELI,Eliteserien,Norway,1,16,15.0,2021-2022,Viking FK,7,15,2.1429,1.4429,0.3871,1.8,2.8714,0.7214,0.22,9.9285,1.8857,60,1
NOR-ELI,Eliteserien,Norway,1,16,15.0,2021-2022,Vålerenga,11,15,1.3636,1.3182,0.3482,1.8,2.5909,0.6591,0.22,10.8637,1.6364,35,9
NOR-ELI,Eliteserien,Norway,1,16,15.0,2021-2022,Stabaek,14,17,1.2143,1.2943,0.3407,2.04,2.5371,0.6471,0.22,11.0428,1.5886,16,16
NOR-ELI,Eliteserien,Norway,1,16,15.0,2021-2022,SK Brann,9,17,1.8889,1.4022,0.3744,2.04,2.78,0.7011,0.22,10.2333,1.8044,19,14
NOR-ELI,Eliteserien,Norway,1,16,15.0,2021-2022,Mjondalen IF,12,15,1.25,1.3,0.3425,1.8,2.55,0.65,0.22,11.0,1.6,10,18
NOR-ELI,Eliteserien,Norway,1,16,15.0,2021-2022,Kristiansund BK,7,15,2.1429,1.4429,0.3871,1.8,2.8714,0.7214,0.22,9.9285,1.8857,24,13
NOR-ELI,Eliteserien,Norway,1,16,15.0,2021-2022,Rosenborg,6,17,2.8333,1.5533,0.4217,2.04,3.12,0.7767,0.22,9.1,2.1067,43,5
NOR-ELI,Eliteserien,Norway,1,16,15.0,2021-2022,Haugesund,9,21,2.3333,1.4733,0.3967,2.52,2.94,0.7367,0.22,9.7,1.9467,25,12
NOR-ELI,Eliteserien,Norway,1,16,15.0,2021-2022,Lillestrom,11,17,1.5455,1.3473,0.3573,2.04,2.6564,0.6736,0.22,10.6454,1.6946,52,4
NOR-ELI,Eliteserien,Norway,1,16,15.0,2021-2022,Stromsgodset,11,17,1.5455,1.3473,0.3573,2.04,2.6564,0.6736,0.22,10.6454,1.6946,37,8
NOR-ELI,Eliteserien,Norway,1,16,15.0,2022-2023,Hamarkameratene,15,16,1.0667,1.2707,0.3333,1.92,2.484,0.6353,0.22,11.22,1.5413,20,14
NOR-ELI,Eliteserien,Norway,1,16,15.0,2022-2023,Molde,5,16,3.2,1.612,0.44,1.92,3.252,0.806,0.22,8.66,2.224,58,2
NOR-ELI,Eliteserien,Norway,1,16,15.0,2022-2023,Viking FK,12,17,1.4167,1.3267,0.3508,2.04,2.61,0.6633,0.22,10.8,1.6533,27,10
NOR-ELI,Eliteserien,Norway,1,16,15.0,2022-2023,SK Brann,8,15,1.875,1.4,0.3738,1.8,2.775,0.7,0.22,10.25,1.8,21,13
NOR-ELI,Eliteserien,Norway,1,16,15.0,2022-2023,FK Jerv,12,15,1.25,1.3,0.3425,1.8,2.55,0.65,0.22,11.0,1.6,9,18
NOR-ELI,Eliteserien,Norway,1,16,15.0,2022-2023,Tromso,9,15,1.6667,1.3667,0.3633,1.8,2.7,0.6833,0.22,10.5,1.7333,50,3
NOR-ELI,Eliteserien,Norway,1,16,15.0,2022-2023,Aalesund,22,17,0.7727,1.2236,0.3186,2.04,2.3782,0.6118,0.22,11.5728,1.4473,22,12
NOR-ELI,Eliteserien,Norway,1,16,15.0,2022-2023,Kristiansund BK,9,18,2.0,1.42,0.38,2.16,2.82,0.71,0.22,10.1,1.84,18,15
NOR-ELI,Eliteserien,Norway,1,16,15.0,2022-2023,Vålerenga,7,17,2.4286,1.4886,0.4014,2.04,2.9743,0.7443,0.22,9.5857,1.9772,31,9
NOR-ELI,Eliteserien,Norway,1,16,15.0,2022-2023,Odds BK,10,16,1.6,1.356,0.36,1.92,2.676,0.678,0.22,10.58,1.712,41,5
NOR-ELI,Eliteserien,Norway,1,16,15.0,2022-2023,Sarpsborg FK,9,17,1.8889,1.4022,0.3744,2.04,2.78,0.7011,0.22,10.2333,1.8044,40,6
NOR-ELI,Eliteserien,Norway,1,16,15.0,2022-2023,Sandefjord,14,15,1.0714,1.2714,0.3336,1.8,2.4857,0.6357,0.22,11.2143,1.5428,13,17
NOR-ELI,Eliteserien,Norway,1,16,15.0,2022-2023,Haugesund,12,15,1.25,1.3,0.3425,1.8,2.55,0.65,0.22,11.0,1.6,34,8
NOR-ELI,Eliteserien,Norway,1,16,15.0,2022-2023,Stabaek,11,15,1.3636,1.3182,0.3482,1.8,2.5909,0.6591,0.22,10.8637,1.6364,15,16
NOR-ELI,Eliteserien,Norway,1,16,15.0,2022-2023,Lillestrom,13,15,1.1538,1.2846,0.3377,1.8,2.5154,0.6423,0.22,11.1154,1.5692,34,7
NOR-ELI,Eliteserien,Norway,1,16,15.0,2022-2023,Stromsgodset,7,17,2.4286,1.4886,0.4014,2.04,2.9743,0.7443,0.22,9.5857,1.9772,25,11
NOR-ELI,Eliteserien,Norway,1,16,15.0,2022-2023,Rosenborg,5,16,3.2,1.612,0.44,1.92,3.252,0.806,0.22,8.66,2.224,41,4
NOR-ELI,Eliteserien,Norway,1,16,15.0,2022-2023,Bodo/Glimt,4,15,3.75,1.7,0.4675,1.8,3.45,0.85,0.22,8.0,2.4,60,1
NOR-ELI,Eliteserien,Norway,1,16,15.0,2023-2024,Hamarkameratene,11,17,1.5455,1.3473,0.3573,2.04,2.6564,0.6736,0.22,10.6454,1.6946,31,7
NOR-ELI,Eliteserien,Norway,1,16,15.0,2023-2024,Tromso,9,16,1.7778,1.3844,0.3689,1.92,2.74,0.6922,0.22,10.3666,1.7689,38,6
NOR-ELI,Eliteserien,Norway,1,16,15.0,2023-2024,Aalesund,13,11,0.8462,1.2354,0.3223,1.32,2.4046,0.6177,0.22,11.4846,1.4708,8,19
NOR-ELI,Eliteserien,Norway,1,16,15.0,2023-2024,Odds BK,9,15,1.6667,1.3667,0.3633,1.8,2.7,0.6833,0.22,10.5,1.7333,30,9
NOR-ELI,Eliteserien,Norway,1,16,15.0,2023-2024,Sarpsborg FK,8,18,2.25,1.46,0.3925,2.16,2.91,0.73,0.22,9.8,1.92,27,13
NOR-ELI,Eliteserien,Norway,1,16,15.0,2023-2024,Sandefjord,8,15,1.875,1.4,0.3738,1.8,2.775,0.7,0.22,10.25,1.8,27,12
NOR-ELI,Eliteserien,Norway,1,16,15.0,2023-2024,Bodo/Glimt,6,16,2.6667,1.5267,0.4133,1.92,3.06,0.7633,0.22,9.3,2.0533,59,2
NOR-ELI,Eliteserien,Norway,1,16,15.0,2023-2024,Molde,8,16,2.0,1.42,0.38,1.92,2.82,0.71,0.22,10.1,1.84,43,4
NOR-ELI,Eliteserien,Norway,1,16,15.0,2023-2024,Viking FK,8,15,1.875,1.4,0.3738,1.8,2.775,0.7,0.22,10.25,1.8,45,3
NOR-ELI,Eliteserien,Norway,1,16,15.0,2023-2024,Vålerenga,9,15,1.6667,1.3667,0.3633,1.8,2.7,0.6833,0.22,10.5,1.7333,18,15
NOR-ELI,Eliteserien,Norway,1,16,15.0,2023-2024,Stabaek,14,13,0.9286,1.2486,0.3264,1.56,2.4343,0.6243,0.22,11.3857,1.4972,13,18
NOR-ELI,Eliteserien,Norway,1,16,15.0,2023-2024,SK Brann,7,15,2.1429,1.4429,0.3871,1.8,2.8714,0.7214,0.22,9.9285,1.8857,62,1
NOR-ELI,Eliteserien,Norway,1,16,15.0,2023-2024,Kristiansund BK,12,17,1.4167,1.3267,0.3508,2.04,2.61,0.6633,0.22,10.8,1.6533,14,17
NOR-ELI,Eliteserien,Norway,1,16,15.0,2023-2024,Fredrikstad,8,16,2.0,1.42,0.38,1.92,2.82,0.71,0.22,10.1,1.84,22,14
NOR-ELI,Eliteserien,Norway,1,16,15.0,2023-2024,Rosenborg,10,17,1.7,1.372,0.365,2.04,2.712,0.686,0.22,10.46,1.744,31,8
NOR-ELI,Eliteserien,Norway,1,16,15.0,2023-2024,Haugesund,10,15,1.5,1.34,0.355,1.8,2.64,0.67,0.22,10.7,1.68,28,11
NOR-ELI,Eliteserien,Norway,1,16,15.0,2023-2024,Lillestrom,13,17,1.3077,1.3092,0.3454,2.04,2.5708,0.6546,0.22,10.9308,1.6185,30,10
NOR-ELI,Eliteserien,Norway,1,16,15.0,2023-2024,Stromsgodset,13,15,1.1538,1.2846,0.3377,1.8,2.5154,0.6423,0.22,11.1154,1.5692,40,5
NOR-ELI,Eliteserien,Norway,1,16,15.0,2023-2024,KFUM Oslo,11,15,1.3636,1.3182,0.3482,1.8,2.5909,0.6591,0.22,10.8637,1.6364,15,16
NOR-ELI,Eliteserien,Norway,1,16,15.0,2024-2025,Hamarkameratene,11,16,1.4545,1.3327,0.3527,1.92,2.6236,0.6664,0.22,10.7546,1.6654,28,11
NOR-ELI,Eliteserien,Norway,1,16,15.0,2024-2025,Molde,5,16,3.2,1.612,0.44,1.92,3.252,0.806,0.22,8.66,2.224,38,6
NOR-ELI,Eliteserien,Norway,1,16,15.0,2024-2025,Viking FK,7,15,2.1429,1.4429,0.3871,1.8,2.8714,0.7214,0.22,9.9285,1.8857,59,1
NOR-ELI,Eliteserien,Norway,1,16,15.0,2024-2025,SK Brann,6,16,2.6667,1.5267,0.4133,1.92,3.06,0.7633,0.22,9.3,2.0533,55,3
NOR-ELI,Eliteserien,Norway,1,16,15.0,2024-2025,Tromso,12,15,1.25,1.3,0.3425,1.8,2.55,0.65,0.22,11.0,1.6,37,7
NOR-ELI,Eliteserien,Norway,1,16,15.0,2024-2025,Kristiansund BK,17,15,0.8824,1.2412,0.3241,1.8,2.4177,0.6206,0.22,11.4411,1.4824,33,10
NOR-ELI,Eliteserien,Norway,1,16,15.0,2024-2025,Vålerenga,12,16,1.3333,1.3133,0.3467,1.92,2.58,0.6567,0.22,10.9,1.6267,14,15
NOR-ELI,Eliteserien,Norway,1,16,15.0,2024-2025,Odds BK,13,8,0.6154,1.1985,0.3108,0.96,2.3215,0.5992,0.22,11.7615,1.3969,6,17
NOR-ELI,Eliteserien,Norway,1,16,15.0,2024-2025,Sarpsborg FK,12,16,1.3333,1.3133,0.3467,1.92,2.58,0.6567,0.22,10.9,1.6267,36,8
NOR-ELI,Eliteserien,Norway,1,16,15.0,2024-2025,Fredrikstad,14,15,1.0714,1.2714,0.3336,1.8,2.4857,0.6357,0.22,11.2143,1.5428,41,5
NOR-ELI,Eliteserien,Norway,1,16,15.0,2024-2025,KFUM Oslo,15,15,1.0,1.26,0.33,1.8,2.46,0.63,0.22,11.3,1.52,26,12
NOR-ELI,Eliteserien,Norway,1,16,15.0,2024-2025,Sandefjord,13,17,1.3077,1.3092,0.3454,2.04,2.5708,0.6546,0.22,10.9308,1.6185,36,9
NOR-ELI,Eliteserien,Norway,1,16,15.0,2024-2025,Haugesund,20,15,0.75,1.22,0.3175,1.8,2.37,0.61,0.22,11.6,1.44,18,14
NOR-ELI,Eliteserien,Norway,1,16,15.0,2024-2025,Lillestrom,15,13,0.8667,1.2387,0.3233,1.56,2.412,0.6193,0.22,11.46,1.4773,4,18
NOR-ELI,Eliteserien,Norway,1,16,15.0,2024-2025,Stromsgodset,12,15,1.25,1.3,0.3425,1.8,2.55,0.65,0.22,11.0,1.6,25,13
NOR-ELI,Eliteserien,Norway,1,16,15.0,2024-2025,Rosenborg,8,17,2.125,1.44,0.3863,2.04,2.865,0.72,0.22,9.95,1.88,58,2
NOR-ELI,Eliteserien,Norway,1,16,15.0,2024-2025,Bryne,9,15,1.6667,1.3667,0.3633,1.8,2.7,0.6833,0.22,10.5,1.7333,14,16
NOR-ELI,Eliteserien,Norway,1,16,15.0,2024-2025,Bodo/Glimt,5,15,3.0,1.58,0.43,1.8,3.18,0.79,0.22,8.9,2.16,44,4
NOR-ELI,Eliteserien,Norway,1,16,15.0,2025-2026,Hamarkameratene,11,16,1.4545,1.3327,0.3527,1.92,2.6236,0.6664,0.22,10.7546,1.6654,37,6
NOR-ELI,Eliteserien,Norway,1,16,15.0,2025-2026,Tromso,12,18,1.5,1.34,0.355,2.16,2.64,0.67,0.22,10.7,1.68,51,3
NOR-ELI,Eliteserien,Norway,1,16,15.0,2025-2026,Aalesund,11,13,1.1818,1.2891,0.3391,1.56,2.5254,0.6445,0.22,11.0818,1.5782,11,17
NOR-ELI,Eliteserien,Norway,1,16,15.0,2025-2026,Sarpsborg FK,9,15,1.6667,1.3667,0.3633,1.8,2.7,0.6833,0.22,10.5,1.7333,33,9
NOR-ELI,Eliteserien,Norway,1,16,15.0,2025-2026,Sandefjord,12,15,1.25,1.3,0.3425,1.8,2.55,0.65,0.22,11.0,1.6,35,7
NOR-ELI,Eliteserien,Norway,1,16,15.0,2025-2026,Bryne,15,16,1.0667,1.2707,0.3333,1.92,2.484,0.6353,0.22,11.22,1.5413,13,16
NOR-ELI,Eliteserien,Norway,1,16,15.0,2025-2026,Bodo/Glimt,5,18,3.6,1.676,0.46,2.16,3.396,0.838,0.22,8.18,2.352,58,2
NOR-ELI,Eliteserien,Norway,1,16,15.0,2025-2026,Molde,12,18,1.5,1.34,0.355,2.16,2.64,0.67,0.22,10.7,1.68,41,4
NOR-ELI,Eliteserien,Norway,1,16,15.0,2025-2026,Viking FK,7,16,2.2857,1.4657,0.3943,1.92,2.9229,0.7329,0.22,9.7572,1.9314,59,1
NOR-ELI,Eliteserien,Norway,1,16,15.0,2025-2026,Vålerenga,6,15,2.5,1.5,0.405,1.8,3.0,0.75,0.22,9.5,2.0,35,8
NOR-ELI,Eliteserien,Norway,1,16,15.0,2025-2026,SK Brann,6,15,2.5,1.5,0.405,1.8,3.0,0.75,0.22,9.5,2.0,39,5
NOR-ELI,Eliteserien,Norway,1,16,15.0,2025-2026,Kristiansund BK,11,15,1.3636,1.3182,0.3482,1.8,2.5909,0.6591,0.22,10.8637,1.6364,28,11
NOR-ELI,Eliteserien,Norway,1,16,15.0,2025-2026,IK Start,12,13,1.0833,1.2733,0.3342,1.56,2.49,0.6367,0.22,11.2,1.5467,7,18
NOR-ELI,Eliteserien,Norway,1,16,15.0,2025-2026,Fredrikstad,11,15,1.3636,1.3182,0.3482,1.8,2.5909,0.6591,0.22,10.8637,1.6364,31,10
NOR-ELI,Eliteserien,Norway,1,16,15.0,2025-2026,Rosenborg,10,15,1.5,1.34,0.355,1.8,2.64,0.67,0.22,10.7,1.68,21,13
NOR-ELI,Eliteserien,Norway,1,16,15.0,2025-2026,Haugesund,11,16,1.4545,1.3327,0.3527,1.92,2.6236,0.6664,0.22,10.7546,1.6654,7,19
NOR-ELI,Eliteserien,Norway,1,16,15.0,2025-2026,Lillestrom,9,16,1.7778,1.3844,0.3689,1.92,2.74,0.6922,0.22,10.3666,1.7689,19,14
NOR-ELI,Eliteserien,Norway,1,16,15.0,2025-2026,Stromsgodset,11,15,1.3636,1.3182,0.3482,1.8,2.5909,0.6591,0.22,10.8637,1.6364,14,15
NOR-ELI,Eliteserien,Norway,1,16,15.0,2025-2026,KFUM Oslo,12,15,1.25,1.3,0.3425,1.8,2.55,0.65,0.22,11.0,1.6,26,12
